# Blender 5.1.0
# www.blender.org
mtllib book.mtl
o Plane.003
v 0.023893 1.682724 0.361895
v 0.325484 1.967849 0.527700
v 0.023893 2.007344 -0.196335
v 0.325485 2.292470 -0.030530
v 0.029758 1.693061 0.367906
v 0.035327 1.703478 0.373963
v 0.040665 1.714007 0.380086
v 0.045808 1.724630 0.386264
v 0.050793 1.735328 0.392485
v 0.055663 1.746085 0.398740
v 0.060461 1.756880 0.405018
v 0.065233 1.767698 0.411309
v 0.070027 1.778521 0.417603
v 0.074893 1.789331 0.423889
v 0.079881 1.800110 0.430157
v 0.085044 1.810841 0.436397
v 0.090437 1.821503 0.442597
v 0.096114 1.832076 0.448745
v 0.102132 1.842538 0.454829
v 0.108546 1.852864 0.460834
v 0.115412 1.863028 0.466745
v 0.122787 1.873002 0.472544
v 0.130726 1.882751 0.478214
v 0.139284 1.892240 0.483732
v 0.148512 1.901430 0.489076
v 0.158462 1.910277 0.494220
v 0.169180 1.918731 0.499137
v 0.180710 1.926741 0.503795
v 0.193090 1.934249 0.508161
v 0.206357 1.941194 0.512199
v 0.220540 1.947509 0.515871
v 0.235661 1.953122 0.519136
v 0.251737 1.957959 0.521949
v 0.268780 1.961938 0.524263
v 0.286789 1.964975 0.526028
v 0.305759 1.966978 0.527194
v 0.305759 2.291599 -0.031037
v 0.286789 2.289595 -0.032202
v 0.268780 2.286559 -0.033968
v 0.251738 2.282579 -0.036282
v 0.235661 2.277742 -0.039095
v 0.220540 2.272129 -0.042359
v 0.206357 2.265814 -0.046031
v 0.193090 2.258869 -0.050070
v 0.180710 2.251361 -0.054436
v 0.169180 2.243351 -0.059094
v 0.158462 2.234897 -0.064010
v 0.148512 2.226050 -0.069154
v 0.139284 2.216861 -0.074498
v 0.130726 2.207371 -0.080017
v 0.122787 2.197622 -0.085686
v 0.115412 2.187649 -0.091486
v 0.108545 2.177484 -0.097396
v 0.102132 2.167158 -0.103401
v 0.096114 2.156696 -0.109485
v 0.090437 2.146123 -0.115633
v 0.085044 2.135461 -0.121833
v 0.079881 2.124731 -0.128073
v 0.074893 2.113951 -0.134342
v 0.070027 2.103141 -0.140628
v 0.065233 2.092319 -0.146922
v 0.060461 2.081501 -0.153212
v 0.055663 2.070705 -0.159490
v 0.050793 2.059949 -0.165745
v 0.045808 2.049250 -0.171967
v 0.040665 2.038627 -0.178144
v 0.035327 2.028098 -0.184267
v 0.029758 2.017682 -0.190324
v 0.028687 1.680692 0.360713
v 0.325756 1.963239 0.525019
v 0.028687 2.005312 -0.197517
v 0.325756 2.287860 -0.033211
v 0.034579 1.691077 0.366752
v 0.040197 1.701583 0.372862
v 0.045574 1.712189 0.379029
v 0.050747 1.722876 0.385244
v 0.055756 1.733625 0.391495
v 0.060642 1.744416 0.397770
v 0.065448 1.755230 0.404059
v 0.070221 1.766051 0.410351
v 0.075009 1.776859 0.416636
v 0.079860 1.787637 0.422904
v 0.084825 1.798367 0.429143
v 0.089956 1.809030 0.435344
v 0.095305 1.819606 0.441494
v 0.100927 1.830076 0.447583
v 0.106875 1.840418 0.453597
v 0.113204 1.850608 0.459522
v 0.119968 1.860621 0.465345
v 0.127221 1.870429 0.471049
v 0.135016 1.880002 0.476616
v 0.143407 1.889307 0.482027
v 0.152444 1.898307 0.487260
v 0.162178 1.906961 0.492293
v 0.172654 1.915225 0.497098
v 0.183917 1.923051 0.501649
v 0.196008 1.930383 0.505913
v 0.208964 1.937165 0.509857
v 0.222817 1.943333 0.513444
v 0.237593 1.948819 0.516634
v 0.253312 1.953548 0.519384
v 0.269988 1.957442 0.521648
v 0.287625 1.960415 0.523377
v 0.306219 1.962379 0.524519
v 0.306219 2.287000 -0.033711
v 0.287625 2.285036 -0.034853
v 0.269988 2.282062 -0.036582
v 0.253312 2.278168 -0.038847
v 0.237593 2.273439 -0.041597
v 0.222817 2.267954 -0.044787
v 0.208964 2.261786 -0.048374
v 0.196008 2.255003 -0.052318
v 0.183917 2.247671 -0.056582
v 0.172654 2.239846 -0.061132
v 0.162178 2.231582 -0.065938
v 0.152444 2.222927 -0.070970
v 0.143407 2.213928 -0.076204
v 0.135016 2.204623 -0.081615
v 0.127221 2.195050 -0.087182
v 0.119968 2.185241 -0.092886
v 0.113204 2.175228 -0.098708
v 0.106875 2.165038 -0.104634
v 0.100927 2.154696 -0.110648
v 0.095305 2.144227 -0.116736
v 0.089956 2.133650 -0.122887
v 0.084825 2.122987 -0.129087
v 0.079860 2.112257 -0.135327
v 0.075009 2.101479 -0.141595
v 0.070221 2.090671 -0.147880
v 0.065448 2.079850 -0.154172
v 0.060642 2.069036 -0.160461
v 0.055756 2.058245 -0.166736
v 0.050747 2.047497 -0.172986
v 0.045574 2.036809 -0.179201
v 0.040197 2.026203 -0.185369
v 0.034579 2.015697 -0.191478
vn -0.0510 0.8633 0.5020
vn -0.8978 0.3807 0.2214
vn -0.9077 0.3627 0.2109
vn -0.9159 0.3470 0.2018
vn -0.9225 0.3337 0.1941
vn -0.9276 0.3230 0.1878
vn -0.9312 0.3151 0.1832
vn -0.9335 0.3100 0.1803
vn -0.9344 0.3080 0.1791
vn -0.9339 0.3091 0.1798
vn -0.9319 0.3135 0.1823
vn -0.9285 0.3211 0.1867
vn -0.9233 0.3320 0.1931
vn -0.9162 0.3463 0.2014
vn -0.9070 0.3640 0.2117
vn -0.8954 0.3849 0.2238
vn -0.8810 0.4089 0.2378
vn -0.8635 0.4359 0.2535
vn -0.8426 0.4656 0.2708
vn -0.8177 0.4976 0.2894
vn -0.7887 0.5315 0.3091
vn -0.7552 0.5667 0.3295
vn -0.7170 0.6026 0.3504
vn -0.6740 0.6386 0.3713
vn -0.6264 0.6738 0.3918
vn -0.5743 0.7077 0.4115
vn -0.5180 0.7395 0.4300
vn -0.4579 0.7685 0.4469
vn -0.3946 0.7943 0.4619
vn -0.3287 0.8164 0.4748
vn -0.2608 0.8346 0.4853
vn -0.1914 0.8485 0.4934
vn -0.1213 0.8581 0.4990
vn 0.0509 -0.8633 -0.5020
vn 0.8978 -0.3807 -0.2214
vn 0.9077 -0.3627 -0.2109
vn 0.9159 -0.3470 -0.2018
vn 0.9225 -0.3337 -0.1941
vn 0.9276 -0.3230 -0.1878
vn 0.9312 -0.3151 -0.1832
vn 0.9335 -0.3100 -0.1803
vn 0.9344 -0.3080 -0.1791
vn 0.9339 -0.3091 -0.1798
vn 0.9319 -0.3134 -0.1823
vn 0.9285 -0.3211 -0.1867
vn 0.9233 -0.3320 -0.1931
vn 0.9162 -0.3463 -0.2014
vn 0.9070 -0.3640 -0.2116
vn 0.8954 -0.3849 -0.2238
vn 0.8810 -0.4089 -0.2378
vn 0.8635 -0.4359 -0.2535
vn 0.8426 -0.4656 -0.2708
vn 0.8177 -0.4976 -0.2894
vn 0.7887 -0.5315 -0.3091
vn 0.7552 -0.5667 -0.3295
vn 0.7170 -0.6026 -0.3504
vn 0.6741 -0.6386 -0.3713
vn 0.6264 -0.6738 -0.3918
vn 0.5743 -0.7077 -0.4115
vn 0.5180 -0.7395 -0.4300
vn 0.4579 -0.7685 -0.4469
vn 0.3946 -0.7943 -0.4619
vn 0.3287 -0.8164 -0.4748
vn 0.2608 -0.8346 -0.4853
vn 0.1914 -0.8485 -0.4934
vn 0.1213 -0.8581 -0.4990
vn -0.4403 -0.7761 -0.4513
vn -0.0000 -0.5027 0.8645
vn 0.9987 0.0440 0.0256
vn -0.0000 0.5027 -0.8645
vt 0.969697 0.000000
vt 1.000000 0.000000
vt 1.000000 1.000000
vt 0.969697 1.000000
vt 0.000000 0.000000
vt 0.030303 0.000000
vt 0.030303 1.000000
vt 0.000000 1.000000
vt 0.060606 0.000000
vt 0.060606 1.000000
vt 0.090909 0.000000
vt 0.090909 1.000000
vt 0.121212 0.000000
vt 0.121212 1.000000
vt 0.151515 0.000000
vt 0.151515 1.000000
vt 0.181818 0.000000
vt 0.181818 1.000000
vt 0.212121 0.000000
vt 0.212121 1.000000
vt 0.242424 0.000000
vt 0.242424 1.000000
vt 0.272727 0.000000
vt 0.272727 1.000000
vt 0.303030 0.000000
vt 0.303030 1.000000
vt 0.333333 0.000000
vt 0.333333 1.000000
vt 0.363636 0.000000
vt 0.363636 1.000000
vt 0.393939 0.000000
vt 0.393939 1.000000
vt 0.424242 0.000000
vt 0.424242 1.000000
vt 0.454545 0.000000
vt 0.454545 1.000000
vt 0.484848 0.000000
vt 0.484848 1.000000
vt 0.515152 0.000000
vt 0.515152 1.000000
vt 0.545455 0.000000
vt 0.545455 1.000000
vt 0.575758 0.000000
vt 0.575758 1.000000
vt 0.606061 0.000000
vt 0.606061 1.000000
vt 0.636364 0.000000
vt 0.636364 1.000000
vt 0.666667 0.000000
vt 0.666667 1.000000
vt 0.696970 0.000000
vt 0.696970 1.000000
vt 0.727273 0.000000
vt 0.727273 1.000000
vt 0.757576 0.000000
vt 0.757576 1.000000
vt 0.787879 0.000000
vt 0.787879 1.000000
vt 0.818182 0.000000
vt 0.818182 1.000000
vt 0.848485 0.000000
vt 0.848485 1.000000
vt 0.878788 0.000000
vt 0.878788 1.000000
vt 0.909091 0.000000
vt 0.909091 1.000000
vt 0.939394 0.000000
vt 0.939394 1.000000
s 0
usemtl 
f 36/1/1 2/2/1 4/3/1 37/4/1
f 1/5/2 5/6/2 68/7/2 3/8/2
f 5/6/3 6/9/3 67/10/3 68/7/3
f 6/9/4 7/11/4 66/12/4 67/10/4
f 7/11/5 8/13/5 65/14/5 66/12/5
f 8/13/6 9/15/6 64/16/6 65/14/6
f 9/15/7 10/17/7 63/18/7 64/16/7
f 10/17/8 11/19/8 62/20/8 63/18/8
f 11/19/9 12/21/9 61/22/9 62/20/9
f 12/21/10 13/23/10 60/24/10 61/22/10
f 13/23/11 14/25/11 59/26/11 60/24/11
f 14/25/12 15/27/12 58/28/12 59/26/12
f 15/27/13 16/29/13 57/30/13 58/28/13
f 16/29/14 17/31/14 56/32/14 57/30/14
f 17/31/15 18/33/15 55/34/15 56/32/15
f 18/33/16 19/35/16 54/36/16 55/34/16
f 19/35/17 20/37/17 53/38/17 54/36/17
f 20/37/18 21/39/18 52/40/18 53/38/18
f 21/39/19 22/41/19 51/42/19 52/40/19
f 22/41/20 23/43/20 50/44/20 51/42/20
f 23/43/21 24/45/21 49/46/21 50/44/21
f 24/45/22 25/47/22 48/48/22 49/46/22
f 25/47/23 26/49/23 47/50/23 48/48/23
f 26/49/24 27/51/24 46/52/24 47/50/24
f 27/51/25 28/53/25 45/54/25 46/52/25
f 28/53/26 29/55/26 44/56/26 45/54/26
f 29/55/27 30/57/27 43/58/27 44/56/27
f 30/57/28 31/59/28 42/60/28 43/58/28
f 31/59/29 32/61/29 41/62/29 42/60/29
f 32/61/30 33/63/30 40/64/30 41/62/30
f 33/63/31 34/65/31 39/66/31 40/64/31
f 34/65/32 35/67/32 38/68/32 39/66/32
f 35/67/33 36/1/33 37/4/33 38/68/33
f 104/1/34 105/4/34 72/3/34 70/2/34
f 69/5/35 71/8/35 136/7/35 73/6/35
f 73/6/36 136/7/36 135/10/36 74/9/36
f 74/9/37 135/10/37 134/12/37 75/11/37
f 75/11/38 134/12/38 133/14/38 76/13/38
f 76/13/39 133/14/39 132/16/39 77/15/39
f 77/15/40 132/16/40 131/18/40 78/17/40
f 78/17/41 131/18/41 130/20/41 79/19/41
f 79/19/42 130/20/42 129/22/42 80/21/42
f 80/21/43 129/22/43 128/24/43 81/23/43
f 81/23/44 128/24/44 127/26/44 82/25/44
f 82/25/45 127/26/45 126/28/45 83/27/45
f 83/27/46 126/28/46 125/30/46 84/29/46
f 84/29/47 125/30/47 124/32/47 85/31/47
f 85/31/48 124/32/48 123/34/48 86/33/48
f 86/33/49 123/34/49 122/36/49 87/35/49
f 87/35/50 122/36/50 121/38/50 88/37/50
f 88/37/51 121/38/51 120/40/51 89/39/51
f 89/39/52 120/40/52 119/42/52 90/41/52
f 90/41/53 119/42/53 118/44/53 91/43/53
f 91/43/54 118/44/54 117/46/54 92/45/54
f 92/45/55 117/46/55 116/48/55 93/47/55
f 93/47/56 116/48/56 115/50/56 94/49/56
f 94/49/57 115/50/57 114/52/57 95/51/57
f 95/51/58 114/52/58 113/54/58 96/53/58
f 96/53/59 113/54/59 112/56/59 97/55/59
f 97/55/60 112/56/60 111/58/60 98/57/60
f 98/57/61 111/58/61 110/60/61 99/59/61
f 99/59/62 110/60/62 109/62/62 100/61/62
f 100/61/63 109/62/63 108/64/63 101/63/63
f 101/63/64 108/64/64 107/66/64 102/65/64
f 102/65/65 107/66/65 106/68/65 103/67/65
f 103/67/66 106/68/66 105/4/66 104/1/66
f 1/5/67 3/8/67 71/8/67 69/5/67
f 2/2/68 36/1/68 104/1/68 70/2/68
f 4/3/69 2/2/69 70/2/69 72/3/69
f 3/8/70 68/7/70 136/7/70 71/8/70
f 5/6/68 1/5/68 69/5/68 73/6/68
f 6/9/68 5/6/68 73/6/68 74/9/68
f 7/11/68 6/9/68 74/9/68 75/11/68
f 8/13/68 7/11/68 75/11/68 76/13/68
f 9/15/68 8/13/68 76/13/68 77/15/68
f 10/17/68 9/15/68 77/15/68 78/17/68
f 11/19/68 10/17/68 78/17/68 79/19/68
f 12/21/68 11/19/68 79/19/68 80/21/68
f 13/23/68 12/21/68 80/21/68 81/23/68
f 14/25/68 13/23/68 81/23/68 82/25/68
f 15/27/68 14/25/68 82/25/68 83/27/68
f 16/29/68 15/27/68 83/27/68 84/29/68
f 17/31/68 16/29/68 84/29/68 85/31/68
f 18/33/68 17/31/68 85/31/68 86/33/68
f 19/35/68 18/33/68 86/33/68 87/35/68
f 20/37/68 19/35/68 87/35/68 88/37/68
f 21/39/68 20/37/68 88/37/68 89/39/68
f 22/41/68 21/39/68 89/39/68 90/41/68
f 23/43/68 22/41/68 90/41/68 91/43/68
f 24/45/68 23/43/68 91/43/68 92/45/68
f 25/47/68 24/45/68 92/45/68 93/47/68
f 26/49/68 25/47/68 93/47/68 94/49/68
f 27/51/68 26/49/68 94/49/68 95/51/68
f 28/53/68 27/51/68 95/51/68 96/53/68
f 29/55/68 28/53/68 96/53/68 97/55/68
f 30/57/68 29/55/68 97/55/68 98/57/68
f 31/59/68 30/57/68 98/57/68 99/59/68
f 32/61/68 31/59/68 99/59/68 100/61/68
f 33/63/68 32/61/68 100/61/68 101/63/68
f 34/65/68 33/63/68 101/63/68 102/65/68
f 35/67/68 34/65/68 102/65/68 103/67/68
f 36/1/68 35/67/68 103/67/68 104/1/68
f 37/4/70 4/3/70 72/3/70 105/4/70
f 38/68/70 37/4/70 105/4/70 106/68/70
f 39/66/70 38/68/70 106/68/70 107/66/70
f 40/64/70 39/66/70 107/66/70 108/64/70
f 41/62/70 40/64/70 108/64/70 109/62/70
f 42/60/70 41/62/70 109/62/70 110/60/70
f 43/58/70 42/60/70 110/60/70 111/58/70
f 44/56/70 43/58/70 111/58/70 112/56/70
f 45/54/70 44/56/70 112/56/70 113/54/70
f 46/52/70 45/54/70 113/54/70 114/52/70
f 47/50/70 46/52/70 114/52/70 115/50/70
f 48/48/70 47/50/70 115/50/70 116/48/70
f 49/46/70 48/48/70 116/48/70 117/46/70
f 50/44/70 49/46/70 117/46/70 118/44/70
f 51/42/70 50/44/70 118/44/70 119/42/70
f 52/40/70 51/42/70 119/42/70 120/40/70
f 53/38/70 52/40/70 120/40/70 121/38/70
f 54/36/70 53/38/70 121/38/70 122/36/70
f 55/34/70 54/36/70 122/36/70 123/34/70
f 56/32/70 55/34/70 123/34/70 124/32/70
f 57/30/70 56/32/70 124/32/70 125/30/70
f 58/28/70 57/30/70 125/30/70 126/28/70
f 59/26/70 58/28/70 126/28/70 127/26/70
f 60/24/70 59/26/70 127/26/70 128/24/70
f 61/22/70 60/24/70 128/24/70 129/22/70
f 62/20/70 61/22/70 129/22/70 130/20/70
f 63/18/70 62/20/70 130/20/70 131/18/70
f 64/16/70 63/18/70 131/18/70 132/16/70
f 65/14/70 64/16/70 132/16/70 133/14/70
f 66/12/70 65/14/70 133/14/70 134/12/70
f 67/10/70 66/12/70 134/12/70 135/10/70
f 68/7/70 67/10/70 135/10/70 136/7/70
o Plane
v -0.319631 1.907483 0.194674
v -0.193299 1.815684 0.141291
v -0.319631 1.962895 0.099384
v -0.193299 1.871096 0.046002
v -0.143661 1.866732 0.170977
v -0.269993 1.958531 0.224359
v -0.143661 1.922144 0.075687
v -0.269993 2.013943 0.129070
v 0.005179 1.605933 0.352110
v 0.025179 1.595879 0.369399
v 0.025179 1.623222 0.362164
v 0.011037 1.598824 0.364335
v 0.013632 1.610110 0.367896
v 0.025179 1.611049 0.371444
v 0.011037 1.618158 0.359219
v 0.480283 1.623222 0.362164
v 0.480283 1.595879 0.369399
v 0.500283 1.605933 0.352110
v 0.480283 1.611049 0.371444
v 0.491830 1.610110 0.367896
v 0.494425 1.598824 0.364335
v 0.494425 1.618158 0.359219
v 0.025179 1.967873 -0.230513
v 0.025179 1.960638 -0.257856
v 0.005179 1.950584 -0.240567
v 0.025179 1.969918 -0.245683
v 0.013632 1.966370 -0.244744
v 0.011037 1.957693 -0.252792
v 0.011037 1.962809 -0.233458
v 0.500283 1.950584 -0.240567
v 0.480283 1.960638 -0.257856
v 0.480283 1.967873 -0.230513
v 0.494425 1.957693 -0.252792
v 0.491830 1.966370 -0.244744
v 0.480283 1.969918 -0.245683
v 0.494425 1.962809 -0.233458
v 0.025179 1.901186 -0.269293
v 0.005179 1.918475 -0.259239
v 0.025179 1.928529 -0.276528
v 0.011037 1.906250 -0.266348
v 0.013632 1.914298 -0.275025
v 0.011037 1.925584 -0.271464
v 0.025179 1.913359 -0.278573
v 0.005179 1.573824 0.333438
v 0.025179 1.556535 0.323384
v 0.025179 1.563770 0.350727
v 0.011037 1.561599 0.326328
v 0.013632 1.558037 0.337615
v 0.025179 1.554489 0.338554
v 0.011037 1.566715 0.345663
v 0.480283 1.556535 0.323384
v 0.500283 1.573824 0.333438
v 0.480283 1.563770 0.350727
v 0.494425 1.561599 0.326328
v 0.491830 1.558037 0.337615
v 0.494425 1.566715 0.345663
v 0.480283 1.554489 0.338554
v 0.500283 1.918475 -0.259239
v 0.480283 1.901186 -0.269293
v 0.480283 1.928529 -0.276528
v 0.494425 1.906250 -0.266348
v 0.491830 1.914298 -0.275025
v 0.480283 1.913359 -0.278573
v 0.494425 1.925584 -0.271464
v -0.032639 1.641439 0.372757
v -0.045509 1.618150 0.382350
v -0.030199 1.617079 0.358591
v -0.036409 1.630453 0.382728
v -0.029239 1.623618 0.375751
v -0.034683 1.613229 0.372711
v -0.025583 1.629696 0.365928
v -0.381015 1.894586 0.519966
v -0.409194 1.892476 0.518739
v -0.393884 1.871297 0.529559
v -0.395610 1.898576 0.522286
v -0.395293 1.889610 0.530430
v -0.404710 1.882108 0.529069
v -0.384784 1.883600 0.529937
v -0.032639 1.986090 -0.219920
v -0.030199 1.961730 -0.234085
v -0.045508 1.982909 -0.244905
v -0.025583 1.974347 -0.226748
v -0.029239 1.979878 -0.236889
v -0.034683 1.972098 -0.244415
v -0.036409 1.989323 -0.234399
v -0.381015 2.239236 -0.072711
v -0.393884 2.236056 -0.097696
v -0.409194 2.237127 -0.073937
v -0.384784 2.242469 -0.087190
v -0.395293 2.245870 -0.082210
v -0.404710 2.240977 -0.088058
v -0.395610 2.243227 -0.070390
v -0.082277 1.935041 -0.249605
v -0.069408 1.958330 -0.259198
v -0.054099 1.937151 -0.248378
v -0.078508 1.946027 -0.259576
v -0.067999 1.940017 -0.260069
v -0.058583 1.947519 -0.258709
v -0.067683 1.931051 -0.251925
v -0.082277 1.590391 0.343071
v -0.054099 1.592500 0.344298
v -0.069408 1.593571 0.368057
v -0.067683 1.586401 0.340751
v -0.067999 1.583757 0.352571
v -0.058583 1.588650 0.358418
v -0.078508 1.587158 0.357551
v -0.430653 1.843537 0.490280
v -0.417784 1.846718 0.515266
v -0.433094 1.867897 0.504446
v -0.426884 1.840304 0.504760
v -0.434053 1.849749 0.507250
v -0.428610 1.857529 0.514776
v -0.437709 1.855280 0.497109
v -0.430653 2.188188 -0.102396
v -0.433094 2.212548 -0.088231
v -0.417784 2.211477 -0.111989
v -0.437709 2.199931 -0.095567
v -0.434053 2.206009 -0.105390
v -0.428610 2.216398 -0.102351
v -0.426884 2.199174 -0.112367
v -0.032639 1.841470 0.028774
v -0.030199 1.817111 0.014608
v -0.025583 1.829728 0.021945
v -0.030199 1.761699 0.109898
v -0.032639 1.786058 0.124063
v -0.025583 1.774315 0.117235
v -0.381015 2.039205 0.271272
v -0.409194 2.037095 0.270045
v -0.395610 2.043195 0.273593
v -0.409194 2.092507 0.174756
v -0.381015 2.094617 0.175983
v -0.395610 2.098607 0.178303
v -0.054099 1.792532 0.000315
v -0.082277 1.790422 -0.000912
v -0.067683 1.786432 -0.003232
v -0.082277 1.735010 0.094378
v -0.054099 1.737120 0.095605
v -0.067683 1.731020 0.092058
v -0.433094 2.012516 0.255752
v -0.430653 1.988157 0.241587
v -0.437709 1.999899 0.248416
v -0.430653 2.043569 0.146297
v -0.433094 2.067929 0.160463
v -0.437709 2.055312 0.153126
v 0.005179 1.805965 0.008127
v 0.025179 1.823254 0.018181
v 0.011037 1.818190 0.015236
v 0.025179 1.767841 0.113470
v 0.005179 1.750552 0.103416
v 0.011037 1.762778 0.110525
v 0.500283 1.750552 0.103416
v 0.480283 1.767841 0.113470
v 0.494425 1.762778 0.110525
v 0.480283 1.823254 0.018181
v 0.500283 1.805965 0.008127
v 0.494425 1.818190 0.015236
v 0.025179 1.756567 -0.020599
v 0.005179 1.773856 -0.010545
v 0.011037 1.761630 -0.017654
v 0.005179 1.718443 0.084744
v 0.025179 1.701154 0.074690
v 0.011037 1.706218 0.077635
v 0.480283 1.701154 0.074690
v 0.500283 1.718443 0.084744
v 0.494425 1.706218 0.077635
v 0.500283 1.773856 -0.010545
v 0.480283 1.756567 -0.020599
v 0.494425 1.761630 -0.017654
v -0.143661 1.722113 0.419670
v -0.156530 1.698824 0.429263
v -0.147431 1.711127 0.429641
v -0.282862 1.790623 0.482646
v -0.269993 1.813912 0.473053
v -0.273762 1.802926 0.483024
v -0.269993 2.158562 -0.119624
v -0.282862 2.155382 -0.144609
v -0.273762 2.161795 -0.134103
v -0.156530 2.063583 -0.197992
v -0.143661 2.066764 -0.173006
v -0.147431 2.069997 -0.187486
v -0.180430 1.674245 0.414970
v -0.193299 1.671065 0.389985
v -0.189530 1.667832 0.404464
v -0.319631 1.762863 0.443367
v -0.306762 1.766044 0.468352
v -0.315862 1.759630 0.457847
v -0.306762 2.130803 -0.158902
v -0.319631 2.107514 -0.149309
v -0.315862 2.118500 -0.159280
v -0.193299 2.015715 -0.202692
v -0.180430 2.039004 -0.212285
v -0.189530 2.026701 -0.212663
vn 0.6435 0.6617 0.3848
vn -0.6435 -0.6617 -0.3848
vn -0.8881 0.1176 0.4444
vn -0.3251 -0.1654 0.9311
vn -0.3251 0.6043 0.7274
vn 0.3251 0.6043 0.7274
vn 0.3251 -0.1654 0.9311
vn 0.8881 0.1176 0.4444
vn -0.3251 0.9311 0.1654
vn -0.3251 0.7274 -0.6043
vn -0.8881 0.4444 -0.1176
vn 0.8881 0.4444 -0.1176
vn 0.3251 0.7274 -0.6043
vn 0.3251 0.9311 0.1654
vn -0.3251 -0.6043 -0.7274
vn -0.8881 -0.1176 -0.4444
vn -0.3251 0.1654 -0.9311
vn -0.8881 -0.4444 0.1176
vn -0.3251 -0.9311 -0.1654
vn -0.3251 -0.7274 0.6043
vn 0.3251 -0.9311 -0.1654
vn 0.8881 -0.4444 0.1176
vn 0.3251 -0.7274 0.6043
vn 0.8881 -0.1176 -0.4444
vn 0.3251 -0.6043 -0.7274
vn 0.3251 0.1654 -0.9311
vn 0.8203 0.2435 0.5176
vn 0.4580 -0.4121 0.7876
vn 0.8890 -0.4423 0.1188
vn 0.3226 0.6051 0.7279
vn -0.4706 0.5457 0.6933
vn -0.0397 -0.0505 0.9979
vn 0.8203 0.5703 -0.0444
vn 0.8890 -0.1155 -0.4432
vn 0.4580 0.4807 -0.7478
vn 0.3226 0.9319 0.1659
vn -0.0397 0.8423 -0.5375
vn -0.4706 0.8725 0.1313
vn -0.3226 -0.6051 -0.7279
vn 0.0397 0.0505 -0.9979
vn 0.4706 -0.5457 -0.6933
vn -0.3226 -0.9319 -0.1659
vn 0.4706 -0.8725 -0.1313
vn 0.0397 -0.8423 0.5375
vn -0.8203 -0.5703 0.0444
vn -0.4580 -0.4807 0.7478
vn -0.8890 0.1155 0.4432
vn -0.8203 -0.2435 -0.5176
vn -0.8890 0.4423 -0.1188
vn -0.4580 0.4121 -0.7876
vn -0.9239 0.3308 0.1924
vn -0.3827 0.7987 0.4644
vn -0.0000 -0.1336 0.9910
vn -0.0000 0.6063 0.7952
vn 0.9239 0.3308 0.1924
vn 0.3827 0.7987 0.4644
vn -0.0000 0.7952 -0.6063
vn -0.0000 0.9910 0.1336
vn -0.3827 -0.7987 -0.4644
vn -0.9239 -0.3308 -0.1924
vn -0.0000 -0.9910 -0.1336
vn -0.0000 -0.7952 0.6063
vn 0.3827 -0.7987 -0.4644
vn 0.9239 -0.3308 -0.1924
vn -0.0000 -0.6063 -0.7952
vn -0.0000 0.1336 -0.9910
vn -0.9239 -0.1924 0.3308
vn -0.3827 -0.4644 0.7987
vn -0.9239 0.1924 -0.3308
vn -0.3827 0.4644 -0.7987
vn 0.3827 0.4644 -0.7987
vn 0.9239 0.1924 -0.3308
vn 0.3827 -0.4644 0.7987
vn 0.9239 -0.1924 0.3308
vn 0.8874 0.3985 0.2317
vn 0.9535 -0.2607 -0.1516
vn 0.5945 0.4190 0.6863
vn 0.2462 -0.2112 0.9459
vn 0.3015 0.8242 0.4793
vn -0.4610 0.7671 0.4461
vn 0.5945 0.8037 0.0247
vn 0.2462 0.7177 -0.6514
vn 0.4610 -0.7671 -0.4461
vn -0.3015 -0.8242 -0.4793
vn -0.2462 -0.7177 0.6514
vn -0.5945 -0.8037 -0.0247
vn -0.9535 0.2607 0.1516
vn -0.8874 -0.3985 -0.2317
vn -0.2462 0.2112 -0.9459
vn -0.5945 -0.4190 -0.6863
vn 0.2929 -0.6773 0.6749
vn 0.7072 -0.7063 0.0320
vn 0.2929 0.2516 -0.9224
vn 0.7072 -0.3215 -0.6297
vn -0.7072 0.7063 -0.0320
vn -0.2929 0.6773 -0.6749
vn -0.7072 0.3215 0.6297
vn -0.2929 -0.2516 0.9224
vn -0.0000 0.8645 0.5027
vn -0.0000 -0.5027 0.8645
vn -1.0000 -0.0000 -0.0000
vn 1.0000 -0.0000 -0.0000
vn -0.0000 0.5027 -0.8645
vn -0.0000 -0.8645 -0.5027
vn 0.7655 -0.5562 -0.3235
vn -0.7655 0.5562 0.3235
vt 0.333333 0.333333
vt 0.333333 0.666667
vt 0.666667 0.666667
vt 0.666667 0.333333
vt 0.333333 0.333333
vt 0.666667 0.333333
vt 0.666667 0.666667
vt 0.333333 0.666667
vt 0.000000 0.021667
vt 0.000000 0.000000
vt 0.005691 0.003053
vt 0.000000 0.021667
vt 0.040396 0.000000
vt 0.040396 0.000000
vt 0.040396 0.021667
vt 0.959604 0.021667
vt 0.959604 0.000000
vt 0.994309 0.003053
vt 1.000000 0.021667
vt 0.959604 0.000000
vt 1.000000 0.000000
vt 1.000000 0.021667
vt 0.040396 0.978333
vt 0.040396 1.000000
vt 0.005691 0.996947
vt 0.000000 0.978333
vt 0.040396 1.000000
vt 0.000000 1.000000
vt 0.000000 0.978333
vt 1.000000 0.978333
vt 1.000000 1.000000
vt 0.994309 0.996947
vt 0.959604 1.000000
vt 0.959604 1.000000
vt 0.959604 0.978333
vt 0.000000 0.978333
vt 0.040396 0.000000
vt 1.000000 0.021667
vt 0.994309 0.003053
vt 1.000000 0.978333
vt 0.959604 0.978333
vt 0.040396 0.021667
vt 0.040396 0.000000
vt 0.005691 0.003053
vt 0.000000 0.021667
vt 0.000000 0.021667
vt 0.959604 0.021667
vt 1.000000 0.021667
vt 1.000000 0.021667
vt 0.040396 0.978333
vt 0.005691 0.996947
vt 0.040396 1.000000
vt 0.040396 1.000000
vt 0.959604 1.000000
vt 1.000000 0.978333
vt 0.040396 1.000000
vt 0.005691 0.996947
vt 0.040396 0.021667
vt 0.040396 0.000000
vt 0.000000 0.021667
vt 0.959604 0.021667
vt 0.959604 0.000000
vt 0.994309 0.003053
vt 1.000000 0.021667
vt 1.000000 0.021667
vt 0.959604 0.978333
vt 0.959604 1.000000
vt 0.959604 1.000000
vt 0.000000 0.333333
vt 0.040396 0.333333
vt 1.000000 0.666667
vt 1.000000 0.666667
vt 0.959604 0.666667
vt 0.040396 0.333333
vt 0.666667 0.021667
vt 0.666667 0.000000
vt 0.333333 0.978333
vt 0.333333 1.000000
vt 0.959604 0.666667
vt 0.040396 0.666667
vt 0.000000 0.666667
vt 0.959604 0.333333
vt 1.000000 0.333333
vt 0.040396 0.666667
vt 1.000000 0.333333
vt 0.959604 0.333333
vt 0.040396 0.666667
vt 0.333333 0.021667
vt 0.333333 0.000000
vt 0.666667 0.978333
vt 0.666667 1.000000
vt 0.333333 0.021667
s 0
f 141/69/71 143/70/71 144/71/71 142/72/71
f 138/73/72 137/74/72 139/75/72 140/76/72
f 145/77/73 148/78/73 149/79/73 151/80/73
f 146/81/74 150/82/74 149/79/74 148/78/74
f 147/83/75 151/80/75 149/79/75 150/82/75
f 152/84/76 155/85/76 156/86/76 158/87/76
f 153/88/77 157/89/77 156/86/77 155/85/77
f 154/90/78 158/87/78 156/86/78 157/89/78
f 159/91/79 162/92/79 163/93/79 165/94/79
f 160/95/80 164/96/80 163/93/80 162/92/80
f 161/97/81 165/94/81 163/93/81 164/96/81
f 166/98/82 169/99/82 170/100/82 172/98/82
f 167/101/83 171/102/83 170/100/83 169/99/83
f 168/103/84 172/98/84 170/100/84 171/102/84
f 173/91/85 176/104/85 177/93/85 179/92/85
f 174/97/86 178/96/86 177/93/86 176/104/86
f 175/95/87 179/92/87 177/93/87 178/96/87
f 180/77/88 183/80/88 184/79/88 186/78/88
f 181/83/89 185/82/89 184/79/89 183/80/89
f 182/105/90 186/78/90 184/79/90 185/82/90
f 187/84/91 190/106/91 191/107/91 193/85/91
f 188/90/92 192/89/92 191/107/92 190/106/92
f 189/88/93 193/85/93 191/107/93 192/89/93
f 194/108/94 197/98/94 198/100/94 200/99/94
f 195/109/95 199/102/95 198/100/95 197/98/95
f 196/101/96 200/99/96 198/100/96 199/102/96
f 201/110/97 204/111/97 205/112/97 207/113/97
f 202/105/98 206/78/98 205/112/98 204/111/98
f 203/114/99 207/113/99 205/112/99 206/78/99
f 208/115/100 211/116/100 212/107/100 214/85/100
f 209/117/101 213/89/101 212/107/101 211/116/101
f 210/85/102 214/85/102 212/107/102 213/89/102
f 215/118/103 218/104/103 219/119/103 221/120/103
f 216/94/104 220/96/104 219/119/104 218/104/104
f 217/121/105 221/120/105 219/119/105 220/96/105
f 222/109/106 225/122/106 226/100/106 228/98/106
f 223/101/107 227/99/107 226/100/107 225/122/107
f 224/123/108 228/98/108 226/100/108 227/99/108
f 229/118/109 232/124/109 233/125/109 235/104/109
f 230/95/110 234/96/110 233/125/110 232/124/110
f 231/94/111 235/104/111 233/125/111 234/96/111
f 236/126/112 239/113/112 240/112/112 242/127/112
f 237/128/113 241/78/113 240/112/113 239/113/113
f 238/81/114 242/127/114 240/112/114 241/78/114
f 243/129/115 246/130/115 247/131/115 249/132/115
f 244/85/116 248/89/116 247/131/116 246/130/116
f 245/133/117 249/132/117 247/131/117 248/89/117
f 250/134/118 253/98/118 254/100/118 256/135/118
f 251/98/119 255/99/119 254/100/119 253/98/119
f 252/136/120 256/135/120 254/100/120 255/99/120
f 285/137/121 145/77/121 151/80/121 286/137/121
f 286/137/122 151/80/122 147/83/122 284/138/122
f 146/81/123 153/88/123 155/85/123 150/82/123
f 150/82/124 155/85/124 152/84/124 147/83/124
f 291/139/125 166/98/125 172/98/125 292/140/125
f 292/140/126 172/98/126 168/103/126 290/141/126
f 167/101/127 160/95/127 162/92/127 171/102/127
f 171/102/128 162/92/128 159/91/128 168/103/128
f 297/138/129 181/83/129 183/80/129 298/137/129
f 298/137/130 183/80/130 180/77/130 296/137/130
f 181/83/131 187/84/131 193/85/131 185/82/131
f 185/82/132 193/85/132 189/88/132 182/105/132
f 303/141/133 195/109/133 197/98/133 304/140/133
f 304/140/134 197/98/134 194/108/134 302/139/134
f 195/109/135 173/91/135 179/92/135 199/102/135
f 199/102/136 179/92/136 175/95/136 196/101/136
f 145/77/137 180/77/137 186/78/137 148/78/137
f 148/78/138 186/78/138 182/105/138 146/81/138
f 174/97/139 161/97/139 164/96/139 178/96/139
f 178/96/140 164/96/140 160/95/140 175/95/140
f 196/101/141 167/101/141 169/99/141 200/99/141
f 200/99/142 169/99/142 166/98/142 194/108/142
f 153/88/143 189/88/143 192/89/143 157/89/143
f 157/89/144 192/89/144 188/90/144 154/90/144
f 261/142/145 201/110/145 207/113/145 262/137/145
f 262/137/146 207/113/146 203/114/146 260/137/146
f 309/143/147 208/115/147 214/85/147 310/144/147
f 310/144/148 214/85/148 210/85/148 308/144/148
f 267/141/149 222/109/149 228/98/149 268/140/149
f 268/140/150 228/98/150 224/123/150 266/140/150
f 315/145/151 215/118/151 221/120/151 316/146/151
f 316/146/152 221/120/152 217/121/152 314/146/152
f 273/137/153 237/128/153 239/113/153 274/137/153
f 274/137/154 239/113/154 236/126/154 272/142/154
f 321/144/155 244/85/155 246/130/155 322/144/155
f 322/144/156 246/130/156 243/129/156 320/143/156
f 279/140/157 251/98/157 253/98/157 280/140/157
f 280/140/158 253/98/158 250/134/158 278/147/158
f 327/146/159 230/95/159 232/124/159 328/146/159
f 328/146/160 232/124/160 229/118/160 326/145/160
f 202/105/161 238/81/161 241/78/161 206/78/161
f 206/78/162 241/78/162 237/128/162 203/114/162
f 230/95/163 217/121/163 220/96/163 234/96/163
f 234/96/164 220/96/164 216/94/164 231/94/164
f 251/98/165 224/123/165 227/99/165 255/99/165
f 255/99/166 227/99/166 223/101/166 252/136/166
f 209/117/167 245/133/167 248/89/167 213/89/167
f 213/89/168 248/89/168 244/85/168 210/85/168
f 215/118/145 257/148/145 259/149/145 218/104/145
f 218/104/146 259/149/146 258/149/146 216/94/146
f 257/148/145 261/142/145 262/137/145 259/149/145
f 259/149/146 262/137/146 260/137/146 258/149/146
f 208/115/149 263/150/149 265/151/149 211/116/149
f 211/116/150 265/151/150 264/151/150 209/117/150
f 263/150/149 267/141/149 268/140/149 265/151/149
f 265/151/150 268/140/150 266/140/150 264/151/150
f 231/94/153 269/149/153 271/149/153 235/104/153
f 235/104/154 271/149/154 270/152/154 229/118/154
f 269/149/153 273/137/153 274/137/153 271/149/153
f 271/149/154 274/137/154 272/142/154 270/152/154
f 245/133/157 275/153/157 277/151/157 249/132/157
f 249/132/158 277/151/158 276/154/158 243/129/158
f 275/153/157 279/140/157 280/140/157 277/151/157
f 277/151/158 280/140/158 278/147/158 276/154/158
f 161/97/121 281/149/121 283/149/121 165/94/121
f 165/94/122 283/149/122 282/155/122 159/91/122
f 281/149/121 285/137/121 286/137/121 283/149/121
f 283/149/122 286/137/122 284/138/122 282/155/122
f 154/90/125 287/153/125 289/151/125 158/87/125
f 158/87/126 289/151/126 288/150/126 152/84/126
f 287/153/125 291/139/125 292/140/125 289/151/125
f 289/151/126 292/140/126 290/141/126 288/150/126
f 173/91/129 293/155/129 295/149/129 176/104/129
f 176/104/130 295/149/130 294/149/130 174/97/130
f 293/155/129 297/138/129 298/137/129 295/149/129
f 295/149/130 298/137/130 296/137/130 294/149/130
f 187/84/133 299/150/133 301/151/133 190/106/133
f 190/106/134 301/151/134 300/153/134 188/90/134
f 299/150/133 303/141/133 304/140/133 301/151/133
f 301/151/134 304/140/134 302/139/134 300/153/134
f 201/110/147 305/156/147 307/157/147 204/111/147
f 204/111/148 307/157/148 306/157/148 202/105/148
f 305/156/147 309/143/147 310/144/147 307/157/147
f 307/157/148 310/144/148 308/144/148 306/157/148
f 222/109/151 311/158/151 313/159/151 225/122/151
f 225/122/152 313/159/152 312/159/152 223/101/152
f 311/158/151 315/145/151 316/146/151 313/159/151
f 313/159/152 316/146/152 314/146/152 312/159/152
f 238/81/155 317/157/155 319/157/155 242/127/155
f 242/127/156 319/157/156 318/160/156 236/126/156
f 317/157/155 321/144/155 322/144/155 319/157/155
f 319/157/156 322/144/156 320/143/156 318/160/156
f 252/136/159 323/159/159 325/159/159 256/135/159
f 256/135/160 325/159/160 324/158/160 250/134/160
f 323/159/159 327/146/159 328/146/159 325/159/159
f 325/159/160 328/146/160 326/145/160 324/158/160
f 147/83/169 152/84/169 288/150/169 284/138/169
f 146/81/170 182/105/170 189/88/170 153/88/170
f 285/137/171 296/137/171 180/77/171 145/77/171
f 154/90/172 188/90/172 300/153/172 287/153/172
f 167/101/173 196/101/173 175/95/173 160/95/173
f 161/97/171 174/97/171 294/149/171 281/149/171
f 282/155/169 290/141/169 168/103/169 159/91/169
f 291/139/172 302/139/172 194/108/172 166/98/172
f 293/155/174 173/91/174 195/109/174 303/141/174
f 181/83/174 297/138/174 299/150/174 187/84/174
f 201/110/71 261/142/71 141/69/71 305/156/71
f 260/137/175 203/114/175 237/128/175 273/137/175
f 202/105/170 306/157/170 317/157/170 238/81/170
f 309/143/71 142/72/71 263/150/71 208/115/71
f 308/144/170 210/85/170 244/85/170 321/144/170
f 209/117/176 264/151/176 275/153/176 245/133/176
f 257/148/71 215/118/71 315/145/71 143/70/71
f 314/146/173 217/121/173 230/95/173 327/146/173
f 216/94/175 258/149/175 269/149/175 231/94/175
f 266/140/176 224/123/176 251/98/176 279/140/176
f 223/101/173 312/159/173 323/159/173 252/136/173
f 144/71/71 311/158/71 222/109/71 267/141/71
f 270/152/72 140/76/72 326/145/72 229/118/72
f 236/126/72 318/160/72 138/73/72 272/142/72
f 320/143/72 243/129/72 276/154/72 137/74/72
f 139/75/72 278/147/72 250/134/72 324/158/72
f 258/149/175 260/137/175 273/137/175 269/149/175
f 261/142/71 257/148/71 143/70/71 141/69/71
f 264/151/176 266/140/176 279/140/176 275/153/176
f 142/72/71 144/71/71 267/141/71 263/150/71
f 272/142/72 138/73/72 140/76/72 270/152/72
f 137/74/72 276/154/72 278/147/72 139/75/72
f 284/138/169 288/150/169 290/141/169 282/155/169
f 281/149/171 294/149/171 296/137/171 285/137/171
f 287/153/172 300/153/172 302/139/172 291/139/172
f 297/138/174 293/155/174 303/141/174 299/150/174
f 306/157/170 308/144/170 321/144/170 317/157/170
f 305/156/71 141/69/71 142/72/71 309/143/71
f 143/70/71 315/145/71 311/158/71 144/71/71
f 312/159/173 314/146/173 327/146/173 323/159/173
f 318/160/72 320/143/72 137/74/72 138/73/72
f 140/76/72 139/75/72 324/158/72 326/145/72
o Plane.002
v 0.047254 1.682584 0.361813
v 0.467235 1.805437 0.433255
v 0.047254 2.007204 -0.196417
v 0.467235 2.130058 -0.124976
v 0.059730 1.686569 0.364131
v 0.072001 1.690861 0.366627
v 0.084136 1.695478 0.369312
v 0.096136 1.700408 0.372179
v 0.107999 1.705635 0.375218
v 0.119730 1.711136 0.378417
v 0.131337 1.716887 0.381761
v 0.142831 1.722856 0.385232
v 0.154228 1.729008 0.388810
v 0.165548 1.735303 0.392471
v 0.176816 1.741699 0.396190
v 0.188063 1.748146 0.399939
v 0.199322 1.754591 0.403687
v 0.210632 1.760979 0.407401
v 0.222038 1.767246 0.411046
v 0.233586 1.773324 0.414580
v 0.245326 1.779142 0.417964
v 0.257304 1.784622 0.421150
v 0.269553 1.789692 0.424099
v 0.282089 1.794302 0.426779
v 0.294916 1.798420 0.429174
v 0.308036 1.802020 0.431267
v 0.321443 1.805082 0.433048
v 0.335128 1.807591 0.434507
v 0.349076 1.809538 0.435639
v 0.363269 1.810917 0.436441
v 0.377684 1.811729 0.436914
v 0.392297 1.811980 0.437059
v 0.407079 1.811680 0.436885
v 0.422003 1.810849 0.436402
v 0.437036 1.809508 0.435622
v 0.452150 1.807689 0.434564
v 0.452150 2.132309 -0.123666
v 0.437036 2.134129 -0.122608
v 0.422003 2.135469 -0.121829
v 0.407079 2.136301 -0.121345
v 0.392297 2.136600 -0.121171
v 0.377684 2.136349 -0.121317
v 0.363269 2.135538 -0.121789
v 0.349076 2.134158 -0.122591
v 0.335128 2.132212 -0.123723
v 0.321443 2.129702 -0.125182
v 0.308036 2.126640 -0.126963
v 0.294916 2.123040 -0.129057
v 0.282089 2.118922 -0.131451
v 0.269553 2.114312 -0.134132
v 0.257304 2.109242 -0.137080
v 0.245326 2.103762 -0.140267
v 0.233586 2.097944 -0.143650
v 0.222038 2.091866 -0.147185
v 0.210632 2.085599 -0.150829
v 0.199321 2.079212 -0.154543
v 0.188063 2.072766 -0.158292
v 0.176816 2.066319 -0.162041
v 0.165548 2.059924 -0.165760
v 0.154228 2.053628 -0.169421
v 0.142831 2.047476 -0.172998
v 0.131337 2.041507 -0.176469
v 0.119730 2.035757 -0.179813
v 0.107999 2.030255 -0.183012
v 0.096136 2.025029 -0.186052
v 0.084136 2.020099 -0.188919
v 0.072001 2.015482 -0.191603
v 0.059730 2.011189 -0.194100
v 0.047820 1.681289 0.361061
v 0.471680 1.793757 0.426463
v 0.047820 2.005909 -0.197170
v 0.471680 2.118378 -0.131768
v 0.060427 1.684955 0.363193
v 0.072837 1.688935 0.365507
v 0.085124 1.693244 0.368012
v 0.097284 1.697870 0.370702
v 0.109317 1.702796 0.373567
v 0.121228 1.708003 0.376595
v 0.133021 1.713463 0.379770
v 0.144709 1.719145 0.383074
v 0.156304 1.725015 0.386488
v 0.167826 1.731032 0.389987
v 0.179298 1.737152 0.393545
v 0.190749 1.743325 0.397136
v 0.202212 1.749500 0.400726
v 0.213722 1.755616 0.404283
v 0.225322 1.761612 0.407770
v 0.237057 1.767419 0.411146
v 0.248975 1.772962 0.414370
v 0.261122 1.778160 0.417393
v 0.273531 1.782936 0.420170
v 0.286212 1.787242 0.422674
v 0.299169 1.791046 0.424886
v 0.312401 1.794324 0.426792
v 0.325904 1.797056 0.428381
v 0.339666 1.799228 0.429644
v 0.353674 1.800830 0.430575
v 0.367908 1.801857 0.431173
v 0.382347 1.802310 0.431436
v 0.396965 1.802196 0.431370
v 0.411735 1.801526 0.430980
v 0.426629 1.800319 0.430278
v 0.441617 1.798598 0.429277
v 0.456670 1.796394 0.427996
v 0.456670 2.121014 -0.130235
v 0.441617 2.123218 -0.128953
v 0.426629 2.124939 -0.127952
v 0.411735 2.126146 -0.127250
v 0.396965 2.126816 -0.126861
v 0.382347 2.126930 -0.126794
v 0.367908 2.126477 -0.127058
v 0.353674 2.125450 -0.127655
v 0.339666 2.123848 -0.128586
v 0.325904 2.121676 -0.129850
v 0.312401 2.118944 -0.131439
v 0.299169 2.115666 -0.133345
v 0.286212 2.111862 -0.135557
v 0.273531 2.107557 -0.138060
v 0.261122 2.102781 -0.140838
v 0.248975 2.097582 -0.143861
v 0.237057 2.092039 -0.147084
v 0.225322 2.086232 -0.150461
v 0.213722 2.080236 -0.153948
v 0.202212 2.074120 -0.157504
v 0.190749 2.067945 -0.161095
v 0.179298 2.061772 -0.164685
v 0.167826 2.055652 -0.168244
v 0.156304 2.049635 -0.171743
v 0.144708 2.043766 -0.175156
v 0.133021 2.038083 -0.178460
v 0.121228 2.032623 -0.181635
v 0.109317 2.027417 -0.184663
v 0.097284 2.022490 -0.187528
v 0.085124 2.017864 -0.190218
v 0.072837 2.013555 -0.192724
v 0.060427 2.009576 -0.195038
v 0.048344 1.679978 0.360298
v 0.475830 1.781675 0.419436
v 0.048344 2.004598 -0.197932
v 0.475830 2.106295 -0.138794
v 0.061070 1.683320 0.362242
v 0.073611 1.686981 0.364371
v 0.086039 1.690974 0.366693
v 0.098352 1.695288 0.369201
v 0.110548 1.699907 0.371887
v 0.122630 1.704808 0.374737
v 0.134605 1.709967 0.377737
v 0.146479 1.715351 0.380868
v 0.158269 1.720925 0.384109
v 0.169989 1.726648 0.387438
v 0.181664 1.732477 0.390827
v 0.193318 1.738360 0.394248
v 0.204983 1.744244 0.397670
v 0.216693 1.750071 0.401058
v 0.228489 1.755775 0.404375
v 0.240413 1.761287 0.407581
v 0.252510 1.766532 0.410631
v 0.264826 1.771428 0.413477
v 0.277391 1.775890 0.416073
v 0.290212 1.779874 0.418389
v 0.303291 1.783350 0.420410
v 0.316629 1.786292 0.422122
v 0.330218 1.788683 0.423512
v 0.344049 1.790506 0.424572
v 0.358105 1.791752 0.425296
v 0.372369 1.792418 0.425684
v 0.386818 1.792504 0.425734
v 0.401426 1.792018 0.425451
v 0.416169 1.790973 0.424843
v 0.431017 1.789386 0.423921
v 0.445942 1.787283 0.422698
v 0.460915 1.784695 0.421193
v 0.460915 2.109315 -0.137038
v 0.445942 2.111903 -0.135533
v 0.431017 2.114006 -0.134310
v 0.416169 2.115593 -0.133387
v 0.401426 2.116638 -0.132779
v 0.386817 2.117124 -0.132497
v 0.372369 2.117038 -0.132547
v 0.358105 2.116372 -0.132934
v 0.344049 2.115126 -0.133659
v 0.330218 2.113303 -0.134719
v 0.316629 2.110913 -0.136109
v 0.303291 2.107970 -0.137820
v 0.290212 2.104495 -0.139841
v 0.277391 2.100511 -0.142158
v 0.264826 2.096048 -0.144753
v 0.252510 2.091152 -0.147600
v 0.240413 2.085907 -0.150650
v 0.228489 2.080395 -0.153855
v 0.216693 2.074691 -0.157172
v 0.204983 2.068865 -0.160560
v 0.193318 2.062980 -0.163982
v 0.181664 2.057097 -0.167404
v 0.169989 2.051269 -0.170793
v 0.158269 2.045545 -0.174121
v 0.146479 2.039971 -0.177363
v 0.134604 2.034587 -0.180494
v 0.122630 2.029428 -0.183493
v 0.110548 2.024527 -0.186343
v 0.098352 2.019908 -0.189029
v 0.086039 2.015594 -0.191538
v 0.073611 2.011601 -0.193860
v 0.061070 2.007941 -0.195989
v 0.048824 1.678651 0.359527
v 0.479653 1.769191 0.412177
v 0.048824 2.003271 -0.198704
v 0.479653 2.093811 -0.146053
v 0.061660 1.681665 0.361279
v 0.074321 1.685001 0.363219
v 0.086882 1.688672 0.365354
v 0.099338 1.692666 0.367677
v 0.111688 1.696968 0.370178
v 0.123935 1.701554 0.372845
v 0.136082 1.706400 0.375663
v 0.148139 1.711473 0.378613
v 0.160116 1.716738 0.381675
v 0.172031 1.722154 0.384824
v 0.183903 1.727675 0.388035
v 0.195757 1.733250 0.391277
v 0.207623 1.738826 0.394519
v 0.219533 1.744342 0.397727
v 0.231524 1.749732 0.400861
v 0.243637 1.754927 0.403882
v 0.255914 1.759850 0.406745
v 0.268396 1.764416 0.409400
v 0.281111 1.768548 0.411803
v 0.294065 1.772195 0.413924
v 0.307260 1.775328 0.415746
v 0.320694 1.777922 0.417254
v 0.334360 1.779958 0.418438
v 0.348247 1.781420 0.419288
v 0.362341 1.782301 0.419801
v 0.376620 1.782597 0.419972
v 0.391064 1.782309 0.419805
v 0.405649 1.781445 0.419303
v 0.420347 1.780019 0.418474
v 0.435132 1.778050 0.417329
v 0.449976 1.775564 0.415883
v 0.464851 1.772593 0.414155
v 0.464851 2.097213 -0.144075
v 0.449976 2.100184 -0.142347
v 0.435132 2.102671 -0.140902
v 0.420347 2.104639 -0.139757
v 0.405649 2.106065 -0.138928
v 0.391064 2.106929 -0.138425
v 0.376620 2.107217 -0.138258
v 0.362340 2.106921 -0.138430
v 0.348247 2.106040 -0.138942
v 0.334360 2.104578 -0.139793
v 0.320694 2.102542 -0.140976
v 0.307260 2.099948 -0.142485
v 0.294065 2.096816 -0.144306
v 0.281111 2.093168 -0.146428
v 0.268396 2.089036 -0.148830
v 0.255914 2.084470 -0.151486
v 0.243637 2.079547 -0.154348
v 0.231524 2.074353 -0.157369
v 0.219533 2.068962 -0.160504
v 0.207623 2.063447 -0.163711
v 0.195757 2.057871 -0.166954
v 0.183903 2.052295 -0.170196
v 0.172031 2.046774 -0.173406
v 0.160116 2.041358 -0.176556
v 0.148139 2.036094 -0.179617
v 0.136082 2.031020 -0.182567
v 0.123935 2.026175 -0.185385
v 0.111688 2.021588 -0.188053
v 0.099338 2.017287 -0.190554
v 0.086882 2.013292 -0.192877
v 0.074321 2.009621 -0.195011
v 0.061660 2.006285 -0.196951
v 0.049259 1.677310 0.358746
v 0.483113 1.756312 0.404687
v 0.049259 2.001930 -0.199484
v 0.483113 2.080932 -0.153543
v 0.062194 1.679990 0.360305
v 0.074966 1.682996 0.362053
v 0.087649 1.686339 0.363997
v 0.100239 1.690006 0.366129
v 0.112735 1.693981 0.368441
v 0.125137 1.698243 0.370920
v 0.137450 1.702765 0.373549
v 0.149681 1.707516 0.376312
v 0.161840 1.712458 0.379186
v 0.173943 1.717551 0.382147
v 0.186007 1.722748 0.385169
v 0.198058 1.727998 0.388223
v 0.210120 1.733246 0.391274
v 0.222226 1.738431 0.394289
v 0.234410 1.743486 0.397229
v 0.246710 1.748340 0.400052
v 0.259164 1.752915 0.402712
v 0.271808 1.757131 0.405163
v 0.284666 1.760911 0.407362
v 0.297744 1.764206 0.409278
v 0.311046 1.766981 0.410892
v 0.324566 1.769213 0.412190
v 0.338298 1.770881 0.413160
v 0.352231 1.771973 0.413794
v 0.366347 1.772478 0.414088
v 0.380629 1.772395 0.414040
v 0.395054 1.771725 0.413651
v 0.409598 1.770478 0.412926
v 0.424236 1.768668 0.411873
v 0.438940 1.766315 0.410504
v 0.453685 1.763445 0.408836
v 0.468443 1.760091 0.406885
v 0.468443 2.084712 -0.151345
v 0.453685 2.088065 -0.149395
v 0.438940 2.090935 -0.147726
v 0.424236 2.093288 -0.146358
v 0.409598 2.095099 -0.145305
v 0.395054 2.096346 -0.144580
v 0.380629 2.097015 -0.144190
v 0.366347 2.097098 -0.144142
v 0.352231 2.096593 -0.144436
v 0.338298 2.095502 -0.145071
v 0.324566 2.093833 -0.146041
v 0.311045 2.091602 -0.147339
v 0.297744 2.088826 -0.148953
v 0.284665 2.085531 -0.150869
v 0.271808 2.081751 -0.153067
v 0.259163 2.077535 -0.155518
v 0.246709 2.072960 -0.158179
v 0.234410 2.068106 -0.161002
v 0.222226 2.063051 -0.163941
v 0.210120 2.057866 -0.166956
v 0.198058 2.052618 -0.170008
v 0.186007 2.047368 -0.173061
v 0.173942 2.042171 -0.176083
v 0.161840 2.037078 -0.179045
v 0.149680 2.032136 -0.181919
v 0.137450 2.027386 -0.184681
v 0.125137 2.022864 -0.187311
v 0.112735 2.018602 -0.189789
v 0.100239 2.014626 -0.192101
v 0.087649 2.010959 -0.194234
v 0.074966 2.007617 -0.196177
v 0.062194 2.004610 -0.197925
v 0.049650 1.675955 0.357959
v 0.486175 1.743047 0.396974
v 0.049650 2.000575 -0.200272
v 0.486175 2.067668 -0.161257
v 0.062673 1.678297 0.359321
v 0.075544 1.680968 0.360874
v 0.088339 1.683976 0.362623
v 0.101053 1.687309 0.364561
v 0.113684 1.690950 0.366678
v 0.126233 1.694877 0.368962
v 0.138703 1.699065 0.371397
v 0.151099 1.703480 0.373965
v 0.163433 1.708086 0.376643
v 0.175716 1.712841 0.379408
v 0.187968 1.717698 0.382233
v 0.200208 1.722605 0.385087
v 0.212461 1.727507 0.387937
v 0.224758 1.732340 0.390747
v 0.237130 1.737038 0.393480
v 0.249611 1.741529 0.396091
v 0.262236 1.745735 0.398537
v 0.275035 1.749578 0.400772
v 0.288028 1.752988 0.402754
v 0.301223 1.755912 0.404455
v 0.314620 1.758314 0.405852
v 0.328216 1.760170 0.406931
v 0.342002 1.761459 0.407681
v 0.355967 1.762167 0.408093
v 0.370093 1.762288 0.408163
v 0.384362 1.761818 0.407889
v 0.398752 1.760760 0.407274
v 0.413239 1.759125 0.406323
v 0.427799 1.756927 0.405045
v 0.442405 1.754188 0.403452
v 0.457032 1.750935 0.401561
v 0.471655 1.747201 0.399389
v 0.471655 2.071821 -0.158841
v 0.457032 2.075555 -0.156670
v 0.442405 2.078808 -0.154778
v 0.427799 2.081547 -0.153185
v 0.413239 2.083745 -0.151907
v 0.398752 2.085381 -0.150956
v 0.384362 2.086438 -0.150341
v 0.370093 2.086908 -0.150068
v 0.355966 2.086788 -0.150138
v 0.342002 2.086079 -0.150550
v 0.328216 2.084790 -0.151299
v 0.314620 2.082935 -0.152378
v 0.301222 2.080532 -0.153776
v 0.288028 2.077608 -0.155476
v 0.275035 2.074198 -0.157459
v 0.262235 2.070355 -0.159693
v 0.249611 2.066149 -0.162139
v 0.237130 2.061658 -0.164751
v 0.224758 2.056960 -0.167483
v 0.212461 2.052127 -0.170294
v 0.200207 2.047226 -0.173144
v 0.187967 2.042318 -0.175998
v 0.175716 2.037461 -0.178822
v 0.163433 2.032706 -0.181587
v 0.151099 2.028100 -0.184266
v 0.138703 2.023685 -0.186833
v 0.126233 2.019498 -0.189268
v 0.113684 2.015570 -0.191552
v 0.101053 2.011929 -0.193669
v 0.088339 2.008596 -0.195607
v 0.075544 2.005589 -0.197356
v 0.062672 2.002918 -0.198910
v 0.049995 1.674588 0.357164
v 0.488800 1.729413 0.389045
v 0.049995 1.999208 -0.201067
v 0.488800 2.054033 -0.169185
v 0.063094 1.676588 0.358327
v 0.076054 1.678919 0.359682
v 0.088950 1.681586 0.361233
v 0.101778 1.684577 0.362972
v 0.114534 1.687875 0.364890
v 0.127220 1.691459 0.366974
v 0.139837 1.695301 0.369209
v 0.152390 1.699369 0.371574
v 0.164888 1.703625 0.374049
v 0.177344 1.708028 0.376609
v 0.189773 1.712529 0.379227
v 0.202195 1.717076 0.381871
v 0.214633 1.721612 0.384509
v 0.227113 1.726074 0.387104
v 0.239665 1.730394 0.389616
v 0.252319 1.734501 0.392004
v 0.265106 1.738318 0.394224
v 0.278050 1.741769 0.396230
v 0.291169 1.744788 0.397986
v 0.304470 1.747323 0.399460
v 0.317952 1.749337 0.400631
v 0.331611 1.750802 0.401483
v 0.345438 1.751699 0.402005
v 0.359421 1.752014 0.402188
v 0.373542 1.751740 0.402029
v 0.387783 1.750875 0.401526
v 0.402121 1.749423 0.400682
v 0.416535 1.747395 0.399502
v 0.430999 1.744807 0.397997
v 0.445489 1.741681 0.396180
v 0.459980 1.738046 0.394065
v 0.474449 1.733935 0.391675
v 0.474449 2.058555 -0.166555
v 0.459980 2.062666 -0.164165
v 0.445489 2.066302 -0.162051
v 0.430999 2.069428 -0.160233
v 0.416535 2.072016 -0.158728
v 0.402121 2.074044 -0.157549
v 0.387782 2.075495 -0.156705
v 0.373542 2.076360 -0.156202
v 0.359421 2.076634 -0.156042
v 0.345438 2.076319 -0.156225
v 0.331611 2.075422 -0.156747
v 0.317952 2.073957 -0.157599
v 0.304470 2.071943 -0.158770
v 0.291169 2.069408 -0.160244
v 0.278050 2.066389 -0.162000
v 0.265106 2.062938 -0.164007
v 0.252319 2.059121 -0.166226
v 0.239665 2.055015 -0.168614
v 0.227113 2.050694 -0.171127
v 0.214633 2.046232 -0.173722
v 0.202195 2.041696 -0.176359
v 0.189773 2.037149 -0.179004
v 0.177344 2.032648 -0.181621
v 0.164888 2.028245 -0.184181
v 0.152390 2.023989 -0.186656
v 0.139836 2.019921 -0.189022
v 0.127220 2.016079 -0.191256
v 0.114534 2.012495 -0.193340
v 0.101778 2.009197 -0.195258
v 0.088950 2.006206 -0.196997
v 0.076054 2.003539 -0.198548
v 0.063094 2.001208 -0.199904
v 0.050294 1.673209 0.356362
v 0.490954 1.715427 0.380912
v 0.050294 1.997829 -0.201869
v 0.490954 2.040047 -0.177318
v 0.063457 1.674864 0.357324
v 0.076495 1.676850 0.358479
v 0.089481 1.679170 0.359828
v 0.102411 1.681812 0.361365
v 0.115282 1.684760 0.363079
v 0.128093 1.687991 0.364958
v 0.140846 1.691477 0.366985
v 0.153546 1.695186 0.369142
v 0.166200 1.699080 0.371406
v 0.178818 1.703115 0.373753
v 0.191415 1.707244 0.376154
v 0.204010 1.711414 0.378579
v 0.216622 1.715567 0.380994
v 0.229276 1.719638 0.383361
v 0.241997 1.723562 0.385643
v 0.254814 1.727264 0.387796
v 0.267751 1.730672 0.389778
v 0.280830 1.733713 0.391546
v 0.294063 1.736324 0.393064
v 0.307457 1.738452 0.394302
v 0.321012 1.740061 0.395237
v 0.334720 1.741122 0.395854
v 0.348574 1.741614 0.396140
v 0.362559 1.741525 0.396089
v 0.376659 1.740847 0.395694
v 0.390855 1.739580 0.394958
v 0.405126 1.737729 0.393881
v 0.419448 1.735305 0.392471
v 0.433799 1.732325 0.390739
v 0.448154 1.728812 0.388696
v 0.462492 1.724796 0.386361
v 0.476788 1.720312 0.383753
v 0.476788 2.044933 -0.174477
v 0.462492 2.049417 -0.171870
v 0.448154 2.053432 -0.169535
v 0.433799 2.056945 -0.167492
v 0.419448 2.059925 -0.165759
v 0.405125 2.062349 -0.164349
v 0.390855 2.064200 -0.163273
v 0.376659 2.065467 -0.162536
v 0.362559 2.066145 -0.162142
v 0.348574 2.066234 -0.162090
v 0.334720 2.065742 -0.162376
v 0.321012 2.064682 -0.162993
v 0.307457 2.063073 -0.163928
v 0.294063 2.060944 -0.165166
v 0.280830 2.058334 -0.166684
v 0.267751 2.055293 -0.168453
v 0.254814 2.051885 -0.170435
v 0.241997 2.048182 -0.172588
v 0.229275 2.044259 -0.174869
v 0.216622 2.040187 -0.177237
v 0.204010 2.036035 -0.179652
v 0.191415 2.031865 -0.182076
v 0.178818 2.027735 -0.184478
v 0.166199 2.023700 -0.186824
v 0.153546 2.019806 -0.189089
v 0.140846 2.016097 -0.191245
v 0.128093 2.012611 -0.193273
v 0.115282 2.009380 -0.195152
v 0.102411 2.006433 -0.196866
v 0.089481 2.003790 -0.198402
v 0.076495 2.001470 -0.199751
v 0.063457 1.999484 -0.200906
v 0.050546 1.671821 0.355554
v 0.492599 1.701115 0.372589
v 0.050546 1.996441 -0.202676
v 0.492599 2.025735 -0.185641
v 0.063762 1.673126 0.356314
v 0.076865 1.674762 0.357265
v 0.089930 1.676730 0.358409
v 0.102950 1.679018 0.359740
v 0.115924 1.681607 0.361245
v 0.128850 1.684476 0.362914
v 0.141728 1.687596 0.364728
v 0.154562 1.690935 0.366669
v 0.167360 1.694453 0.368715
v 0.180129 1.698108 0.370841
v 0.192884 1.701850 0.373017
v 0.205639 1.705626 0.375213
v 0.218414 1.709378 0.377394
v 0.231229 1.713041 0.379525
v 0.244108 1.716549 0.381564
v 0.257074 1.719829 0.383472
v 0.270148 1.722811 0.385206
v 0.283348 1.725424 0.386726
v 0.296682 1.727609 0.387996
v 0.310156 1.729315 0.388988
v 0.323768 1.730503 0.389679
v 0.337512 1.731145 0.390052
v 0.351376 1.731220 0.390096
v 0.365348 1.730716 0.389803
v 0.379410 1.729627 0.389170
v 0.393544 1.727951 0.388195
v 0.407728 1.725695 0.386883
v 0.421942 1.722872 0.385242
v 0.436161 1.719499 0.383280
v 0.450364 1.715601 0.381013
v 0.464530 1.711208 0.378459
v 0.478637 1.706356 0.375637
v 0.478637 2.030977 -0.182593
v 0.464530 2.035828 -0.179772
v 0.450364 2.040221 -0.177217
v 0.436161 2.044119 -0.174950
v 0.421942 2.047492 -0.172989
v 0.407728 2.050316 -0.171347
v 0.393544 2.052571 -0.170035
v 0.379410 2.054247 -0.169061
v 0.365348 2.055336 -0.168427
v 0.351376 2.055840 -0.168134
v 0.337512 2.055765 -0.168178
v 0.323768 2.055123 -0.168551
v 0.310156 2.053935 -0.169242
v 0.296682 2.052229 -0.170234
v 0.283347 2.050045 -0.171504
v 0.270148 2.047431 -0.173024
v 0.257074 2.044449 -0.174758
v 0.244108 2.041169 -0.176666
v 0.231229 2.037661 -0.178706
v 0.218414 2.033998 -0.180836
v 0.205639 2.030246 -0.183018
v 0.192884 2.026470 -0.185214
v 0.180129 2.022728 -0.187390
v 0.167360 2.019073 -0.189515
v 0.154562 2.015555 -0.191561
v 0.141728 2.012216 -0.193502
v 0.128849 2.009096 -0.195317
v 0.115924 2.006227 -0.196985
v 0.102950 2.003638 -0.198491
v 0.089930 2.001351 -0.199821
v 0.076865 1.999383 -0.200965
v 0.063762 1.997746 -0.201917
v 0.050750 1.670423 0.354742
v 0.493701 1.686504 0.364093
v 0.050750 1.995043 -0.203489
v 0.493701 2.011124 -0.194137
v 0.064007 1.671376 0.355296
v 0.077164 1.672659 0.356042
v 0.090295 1.674270 0.356979
v 0.103394 1.676196 0.358099
v 0.116458 1.678419 0.359392
v 0.129486 1.680917 0.360844
v 0.142476 1.683662 0.362440
v 0.155433 1.686619 0.364160
v 0.168362 1.689750 0.365981
v 0.181270 1.693010 0.367876
v 0.194169 1.696351 0.369819
v 0.207072 1.699718 0.371777
v 0.219996 1.703052 0.373716
v 0.232959 1.706290 0.375599
v 0.245981 1.709365 0.377387
v 0.259081 1.712207 0.379040
v 0.272277 1.714746 0.380516
v 0.285581 1.716916 0.381778
v 0.299001 1.718659 0.382792
v 0.312539 1.719926 0.383528
v 0.326193 1.720679 0.383966
v 0.339954 1.720889 0.384089
v 0.353813 1.720536 0.383884
v 0.367754 1.719608 0.383344
v 0.381760 1.718099 0.382466
v 0.395814 1.716009 0.381251
v 0.409895 1.713345 0.379702
v 0.423981 1.710120 0.377826
v 0.438050 1.706354 0.375637
v 0.452083 1.702073 0.373147
v 0.466059 1.697307 0.370375
v 0.479959 1.692093 0.367344
v 0.479959 2.016714 -0.190887
v 0.466059 2.021927 -0.187855
v 0.452083 2.026693 -0.185084
v 0.438050 2.030975 -0.182594
v 0.423981 2.034741 -0.180404
v 0.409895 2.037965 -0.178529
v 0.395814 2.040629 -0.176980
v 0.381760 2.042719 -0.175764
v 0.367753 2.044229 -0.174887
v 0.353812 2.045157 -0.174347
v 0.339954 2.045509 -0.174142
v 0.326192 2.045299 -0.174264
v 0.312539 2.044546 -0.174702
v 0.299001 2.043279 -0.175439
v 0.285580 2.041536 -0.176452
v 0.272277 2.039366 -0.177714
v 0.259081 2.036827 -0.179191
v 0.245981 2.033985 -0.180843
v 0.232959 2.030911 -0.182631
v 0.219996 2.027673 -0.184514
v 0.207072 2.024338 -0.186453
v 0.194169 2.020971 -0.188411
v 0.181270 2.017630 -0.190354
v 0.168362 2.014370 -0.192250
v 0.155433 2.011239 -0.194070
v 0.142476 2.008282 -0.195790
v 0.129485 2.005538 -0.197386
v 0.116458 2.003040 -0.198839
v 0.103394 2.000816 -0.200132
v 0.090295 1.998890 -0.201252
v 0.077164 1.997279 -0.202188
v 0.064007 1.995997 -0.202934
v 0.050907 1.669018 0.353925
v 0.494228 1.671627 0.355442
v 0.050907 1.993638 -0.204306
v 0.494228 1.996247 -0.202789
v 0.064192 1.669616 0.354272
v 0.077391 1.670541 0.354811
v 0.090575 1.671790 0.355537
v 0.103740 1.673349 0.356443
v 0.116881 1.675200 0.357519
v 0.129998 1.677319 0.358752
v 0.143088 1.679679 0.360124
v 0.156154 1.682244 0.361616
v 0.169200 1.684975 0.363204
v 0.182233 1.687828 0.364863
v 0.195261 1.690754 0.366564
v 0.208297 1.693697 0.368276
v 0.221355 1.696599 0.369963
v 0.234450 1.699396 0.371590
v 0.247598 1.702022 0.373117
v 0.260815 1.704410 0.374505
v 0.274115 1.706491 0.375716
v 0.287506 1.708203 0.376711
v 0.300994 1.709490 0.377460
v 0.314579 1.710304 0.377933
v 0.328257 1.710609 0.378110
v 0.342018 1.710376 0.377975
v 0.355852 1.709585 0.377515
v 0.369744 1.708224 0.376724
v 0.383677 1.706288 0.375598
v 0.397632 1.703779 0.374139
v 0.411590 1.700704 0.372350
v 0.425530 1.697077 0.370241
v 0.439432 1.692919 0.367824
v 0.453277 1.688257 0.365113
v 0.467045 1.683123 0.362127
v 0.480721 1.677556 0.358889
v 0.480721 2.002176 -0.199341
v 0.467045 2.007743 -0.196103
v 0.453277 2.012878 -0.193118
v 0.439432 2.017540 -0.190407
v 0.425530 2.021698 -0.187989
v 0.411590 2.025324 -0.185880
v 0.397632 2.028399 -0.184092
v 0.383677 2.030909 -0.182632
v 0.369744 2.032845 -0.181507
v 0.355852 2.034205 -0.180715
v 0.342018 2.034996 -0.180256
v 0.328257 2.035229 -0.180120
v 0.314579 2.034925 -0.180297
v 0.300994 2.034110 -0.180771
v 0.287506 2.032823 -0.181519
v 0.274115 2.031111 -0.182515
v 0.260815 2.029030 -0.183725
v 0.247598 2.026643 -0.185113
v 0.234450 2.024016 -0.186640
v 0.221355 2.021219 -0.188267
v 0.208297 2.018317 -0.189954
v 0.195261 2.015374 -0.191666
v 0.182232 2.012449 -0.193367
v 0.169200 2.009595 -0.195026
v 0.156154 2.006864 -0.196615
v 0.143088 2.004299 -0.198106
v 0.129997 2.001939 -0.199479
v 0.116881 1.999820 -0.200711
v 0.103740 1.997969 -0.201787
v 0.090575 1.996410 -0.202694
v 0.077391 1.995162 -0.203420
v 0.064192 1.994236 -0.203958
v 0.049105 1.678254 0.359295
v 0.466326 1.800889 0.430610
v 0.049105 2.002874 -0.198935
v 0.466326 2.125509 -0.127621
v 0.061658 1.682264 0.361627
v 0.074078 1.686609 0.364154
v 0.086358 1.691281 0.366871
v 0.098494 1.696267 0.369771
v 0.110485 1.701550 0.372842
v 0.122331 1.707105 0.376073
v 0.134040 1.712906 0.379446
v 0.145620 1.718920 0.382943
v 0.157087 1.725109 0.386542
v 0.168458 1.731433 0.390220
v 0.179757 1.737846 0.393949
v 0.191012 1.744298 0.397701
v 0.202256 1.750735 0.401444
v 0.213525 1.757099 0.405145
v 0.224859 1.763326 0.408766
v 0.236303 1.769350 0.412270
v 0.247903 1.775099 0.415613
v 0.259706 1.780499 0.418753
v 0.271752 1.785485 0.421652
v 0.284064 1.790014 0.424286
v 0.296654 1.794055 0.426636
v 0.309526 1.797587 0.428690
v 0.322680 1.800591 0.430437
v 0.336108 1.803054 0.431869
v 0.349800 1.804965 0.432980
v 0.363741 1.806319 0.433768
v 0.377911 1.807117 0.434232
v 0.392287 1.807364 0.434375
v 0.406845 1.807069 0.434204
v 0.421557 1.806249 0.433727
v 0.436394 1.804926 0.432957
v 0.451327 1.803128 0.431912
v 0.451327 2.127748 -0.126319
v 0.436394 2.129546 -0.125273
v 0.421557 2.130869 -0.124504
v 0.406845 2.131689 -0.124027
v 0.392287 2.131984 -0.123855
v 0.377911 2.131738 -0.123999
v 0.363741 2.130940 -0.124463
v 0.349800 2.129585 -0.125250
v 0.336108 2.127674 -0.126362
v 0.322679 2.125211 -0.127794
v 0.309526 2.122207 -0.129541
v 0.296654 2.118675 -0.131595
v 0.284064 2.114634 -0.133945
v 0.271752 2.110106 -0.136578
v 0.259706 2.105120 -0.139477
v 0.247903 2.099720 -0.142618
v 0.236303 2.093971 -0.145961
v 0.224859 2.087946 -0.149464
v 0.213524 2.081719 -0.153085
v 0.202256 2.075355 -0.156786
v 0.191012 2.068918 -0.160529
v 0.179757 2.062466 -0.164281
v 0.168458 2.056053 -0.168010
v 0.157087 2.049729 -0.171688
v 0.145620 2.043540 -0.175287
v 0.134040 2.037526 -0.178784
v 0.122331 2.031725 -0.182158
v 0.110484 2.026170 -0.185388
v 0.098494 2.020887 -0.188460
v 0.086358 2.015901 -0.191359
v 0.074078 2.011229 -0.194076
v 0.061658 2.006884 -0.196603
v 0.049523 1.676914 0.358516
v 0.470616 1.789234 0.423832
v 0.049523 2.001534 -0.199714
v 0.470616 2.113854 -0.134398
v 0.062207 1.680604 0.360662
v 0.074770 1.684632 0.363004
v 0.087203 1.688992 0.365540
v 0.099502 1.693671 0.368261
v 0.111665 1.698650 0.371156
v 0.123693 1.703908 0.374214
v 0.135591 1.709416 0.377417
v 0.147367 1.715142 0.380746
v 0.159033 1.721048 0.384181
v 0.170608 1.727092 0.387696
v 0.182113 1.733229 0.391264
v 0.193574 1.739408 0.394858
v 0.205022 1.745575 0.398444
v 0.216490 1.751669 0.401988
v 0.228019 1.757628 0.405453
v 0.239649 1.763383 0.408799
v 0.251425 1.768860 0.411985
v 0.263393 1.773983 0.414963
v 0.275594 1.778679 0.417694
v 0.288047 1.782907 0.420153
v 0.300763 1.786640 0.422324
v 0.313746 1.789856 0.424194
v 0.326992 1.792537 0.425753
v 0.340496 1.794668 0.426992
v 0.354246 1.796241 0.427907
v 0.368227 1.797249 0.428493
v 0.382420 1.797695 0.428752
v 0.396801 1.797582 0.428687
v 0.411346 1.796922 0.428303
v 0.426029 1.795732 0.427611
v 0.440820 1.794034 0.426623
v 0.455692 1.791856 0.425357
v 0.455692 2.116477 -0.132873
v 0.440820 2.118654 -0.131607
v 0.426028 2.120352 -0.130620
v 0.411346 2.121542 -0.129927
v 0.396801 2.122202 -0.129544
v 0.382420 2.122315 -0.129478
v 0.368227 2.121870 -0.129737
v 0.354246 2.120861 -0.130324
v 0.340496 2.119288 -0.131238
v 0.326992 2.117157 -0.132477
v 0.313745 2.114476 -0.134036
v 0.300763 2.111260 -0.135907
v 0.288047 2.107527 -0.138078
v 0.275593 2.103299 -0.140536
v 0.263393 2.098603 -0.143267
v 0.251425 2.093481 -0.146246
v 0.239649 2.088003 -0.149431
v 0.228019 2.082248 -0.152778
v 0.216490 2.076289 -0.156243
v 0.205022 2.070195 -0.159787
v 0.193574 2.064028 -0.163373
v 0.182113 2.057849 -0.166966
v 0.170608 2.051712 -0.170535
v 0.159033 2.045668 -0.174050
v 0.147367 2.039762 -0.177484
v 0.135591 2.034037 -0.180813
v 0.123693 2.028529 -0.184016
v 0.111665 2.023271 -0.187074
v 0.099502 2.018291 -0.189970
v 0.087203 2.013612 -0.192691
v 0.074769 2.009252 -0.195226
v 0.062207 2.005224 -0.197569
v 0.049896 1.675561 0.357730
v 0.474612 1.777181 0.416823
v 0.049896 2.000182 -0.200501
v 0.474612 2.101801 -0.141408
v 0.062701 1.678925 0.359686
v 0.075396 1.682631 0.361841
v 0.087973 1.686671 0.364190
v 0.100426 1.691035 0.366728
v 0.112754 1.695703 0.369442
v 0.124956 1.700653 0.372321
v 0.137036 1.705857 0.375347
v 0.149001 1.711282 0.378502
v 0.160863 1.716890 0.381763
v 0.172638 1.722640 0.385107
v 0.184345 1.728485 0.388506
v 0.196010 1.734374 0.391930
v 0.207660 1.740251 0.395348
v 0.219329 1.746056 0.398724
v 0.231052 1.751725 0.402020
v 0.242869 1.757188 0.405197
v 0.254823 1.762372 0.408211
v 0.266956 1.767195 0.411016
v 0.279309 1.771583 0.413568
v 0.291900 1.775495 0.415843
v 0.304737 1.778906 0.417826
v 0.317822 1.781793 0.419505
v 0.331153 1.784138 0.420869
v 0.344724 1.785927 0.421909
v 0.358522 1.787150 0.422620
v 0.372531 1.787804 0.423001
v 0.386733 1.787889 0.423050
v 0.401105 1.787410 0.422772
v 0.415623 1.786381 0.422173
v 0.430260 1.784817 0.421263
v 0.444989 1.782741 0.420057
v 0.459782 1.780184 0.418570
v 0.459782 2.104805 -0.139661
v 0.444989 2.107362 -0.138174
v 0.430260 2.109437 -0.136967
v 0.415623 2.111001 -0.136058
v 0.401105 2.112031 -0.135459
v 0.386733 2.112509 -0.135181
v 0.372531 2.112424 -0.135230
v 0.358522 2.111770 -0.135610
v 0.344724 2.110547 -0.136322
v 0.331153 2.108758 -0.137362
v 0.317822 2.106413 -0.138725
v 0.304737 2.103526 -0.140404
v 0.291900 2.100115 -0.142388
v 0.279309 2.096203 -0.144663
v 0.266956 2.091815 -0.147214
v 0.254823 2.086992 -0.150019
v 0.242869 2.081809 -0.153033
v 0.231052 2.076345 -0.156210
v 0.219329 2.070676 -0.159507
v 0.207660 2.064871 -0.162883
v 0.196010 2.058994 -0.166300
v 0.184345 2.053105 -0.169725
v 0.172638 2.047260 -0.173124
v 0.160863 2.041510 -0.176467
v 0.149001 2.035902 -0.179729
v 0.137035 2.030477 -0.182883
v 0.124956 2.025273 -0.185910
v 0.112754 2.020323 -0.188788
v 0.100426 2.015655 -0.191503
v 0.087973 2.011292 -0.194040
v 0.075396 2.007251 -0.196390
v 0.062701 2.003545 -0.198545
v 0.050223 1.674197 0.356936
v 0.478281 1.764730 0.409583
v 0.050223 1.998817 -0.201294
v 0.478281 2.089350 -0.148648
v 0.063138 1.677229 0.358700
v 0.075955 1.680606 0.360664
v 0.088666 1.684321 0.362824
v 0.101264 1.688361 0.365173
v 0.113747 1.692709 0.367701
v 0.126115 1.697341 0.370395
v 0.138370 1.702229 0.373237
v 0.150517 1.707341 0.376210
v 0.162569 1.712638 0.379290
v 0.174538 1.718078 0.382454
v 0.186444 1.723615 0.385674
v 0.198309 1.729195 0.388919
v 0.210159 1.734764 0.392157
v 0.222026 1.740260 0.395353
v 0.233943 1.745617 0.398468
v 0.245947 1.750766 0.401462
v 0.258078 1.755630 0.404291
v 0.270376 1.760129 0.406908
v 0.282878 1.764192 0.409270
v 0.295599 1.767774 0.411353
v 0.308549 1.770849 0.413141
v 0.321729 1.773394 0.414621
v 0.335136 1.775391 0.415782
v 0.348763 1.776826 0.416617
v 0.362597 1.777690 0.417119
v 0.376622 1.777981 0.417288
v 0.390820 1.777697 0.417124
v 0.405168 1.776848 0.416629
v 0.419643 1.775443 0.415813
v 0.434218 1.773502 0.414684
v 0.448867 1.771049 0.413257
v 0.463563 1.768113 0.411550
v 0.463563 2.092733 -0.146681
v 0.448867 2.095669 -0.144973
v 0.434218 2.098123 -0.143546
v 0.419643 2.100064 -0.142418
v 0.405168 2.101468 -0.141601
v 0.390820 2.102318 -0.141107
v 0.376622 2.102601 -0.140942
v 0.362597 2.102311 -0.141111
v 0.348763 2.101446 -0.141614
v 0.335136 2.100011 -0.142448
v 0.321729 2.098014 -0.143610
v 0.308549 2.095469 -0.145089
v 0.295599 2.092394 -0.146877
v 0.282878 2.088812 -0.148961
v 0.270376 2.084750 -0.151323
v 0.258078 2.080250 -0.153940
v 0.245947 2.075386 -0.156768
v 0.233942 2.070237 -0.159762
v 0.222025 2.064880 -0.162878
v 0.210159 2.059384 -0.166073
v 0.198308 2.053816 -0.169312
v 0.186444 2.048235 -0.172557
v 0.174538 2.042699 -0.175776
v 0.162569 2.037258 -0.178940
v 0.150517 2.031961 -0.182020
v 0.138369 2.026849 -0.184993
v 0.126115 2.021961 -0.187836
v 0.113747 2.017329 -0.190529
v 0.101264 2.012981 -0.193057
v 0.088665 2.008941 -0.195407
v 0.075955 2.005227 -0.197567
v 0.063138 2.001849 -0.199531
v 0.050504 1.672821 0.356136
v 0.481588 1.751888 0.402115
v 0.050504 1.997441 -0.202094
v 0.481588 2.076508 -0.156116
v 0.063518 1.675518 0.357705
v 0.076446 1.678561 0.359474
v 0.089280 1.681943 0.361441
v 0.102014 1.685652 0.363598
v 0.114643 1.689670 0.365934
v 0.127167 1.693974 0.368437
v 0.139588 1.698536 0.371090
v 0.151911 1.703322 0.373873
v 0.164144 1.708294 0.376764
v 0.176302 1.713410 0.379739
v 0.188400 1.718621 0.382770
v 0.200460 1.723875 0.385825
v 0.212506 1.729116 0.388873
v 0.224567 1.734282 0.391877
v 0.236674 1.739305 0.394798
v 0.248863 1.744116 0.397595
v 0.261169 1.748637 0.400224
v 0.273629 1.752791 0.402640
v 0.286273 1.756509 0.404802
v 0.299118 1.759745 0.406684
v 0.312173 1.762469 0.408268
v 0.325439 1.764659 0.409541
v 0.338911 1.766296 0.410493
v 0.352582 1.767367 0.411116
v 0.366440 1.767863 0.411404
v 0.380468 1.767781 0.411357
v 0.394648 1.767123 0.410974
v 0.408957 1.765896 0.410261
v 0.423372 1.764113 0.409224
v 0.437868 1.761793 0.407875
v 0.452419 1.758961 0.406228
v 0.467001 1.755647 0.404301
v 0.467001 2.080267 -0.153930
v 0.452419 2.083581 -0.152003
v 0.437868 2.086413 -0.150356
v 0.423371 2.088733 -0.149006
v 0.408956 2.090516 -0.147970
v 0.394647 2.091743 -0.147256
v 0.380468 2.092401 -0.146874
v 0.366440 2.092483 -0.146826
v 0.352582 2.091987 -0.147114
v 0.338911 2.090916 -0.147737
v 0.325439 2.089279 -0.148689
v 0.312173 2.087090 -0.149962
v 0.299118 2.084365 -0.151547
v 0.286273 2.081129 -0.153428
v 0.273629 2.077411 -0.155590
v 0.261169 2.073257 -0.158006
v 0.248863 2.068736 -0.160635
v 0.236674 2.063926 -0.163433
v 0.224567 2.058902 -0.166354
v 0.212506 2.053736 -0.169358
v 0.200460 2.048496 -0.172405
v 0.188400 2.043241 -0.175461
v 0.176302 2.038030 -0.178491
v 0.164144 2.032914 -0.181466
v 0.151911 2.027942 -0.184358
v 0.139588 2.023156 -0.187141
v 0.127167 2.018594 -0.189793
v 0.114643 2.014290 -0.192296
v 0.102014 2.010273 -0.194633
v 0.089280 2.006564 -0.196789
v 0.076446 2.003181 -0.198756
v 0.063518 2.000138 -0.200526
v 0.050738 1.671436 0.355331
v 0.484497 1.738665 0.394426
v 0.050738 1.996056 -0.202900
v 0.484497 2.063285 -0.163805
v 0.063840 1.673793 0.356701
v 0.076868 1.676496 0.358274
v 0.089814 1.679540 0.360043
v 0.102672 1.682910 0.362003
v 0.115438 1.686590 0.364143
v 0.128109 1.690555 0.366449
v 0.140687 1.694779 0.368905
v 0.153175 1.699227 0.371492
v 0.165583 1.703861 0.374186
v 0.177921 1.708636 0.376963
v 0.190204 1.713506 0.379795
v 0.202452 1.718417 0.382651
v 0.214688 1.723311 0.385497
v 0.226937 1.728126 0.388297
v 0.239230 1.732794 0.391012
v 0.251597 1.737244 0.393599
v 0.264072 1.741401 0.396017
v 0.276687 1.745188 0.398219
v 0.289467 1.748542 0.400169
v 0.302428 1.751415 0.401840
v 0.315579 1.753773 0.403211
v 0.328920 1.755594 0.404270
v 0.342446 1.756859 0.405006
v 0.356149 1.757554 0.405410
v 0.370017 1.757672 0.405479
v 0.384034 1.757210 0.405210
v 0.398180 1.756171 0.404606
v 0.412434 1.754562 0.403670
v 0.426773 1.752397 0.402411
v 0.441174 1.749696 0.400841
v 0.455610 1.746485 0.398973
v 0.470059 1.742796 0.396828
v 0.470059 2.067416 -0.161403
v 0.455610 2.071106 -0.159257
v 0.441173 2.074317 -0.157390
v 0.426773 2.077017 -0.155819
v 0.412434 2.079182 -0.154561
v 0.398180 2.080791 -0.153625
v 0.384034 2.081831 -0.153020
v 0.370017 2.082293 -0.152752
v 0.356149 2.082175 -0.152820
v 0.342446 2.081479 -0.153225
v 0.328919 2.080215 -0.153960
v 0.315579 2.078394 -0.155019
v 0.302428 2.076035 -0.156391
v 0.289466 2.073163 -0.158061
v 0.276687 2.069809 -0.160011
v 0.264072 2.066021 -0.162214
v 0.251597 2.061864 -0.164631
v 0.239230 2.057414 -0.167219
v 0.226937 2.052746 -0.169934
v 0.214688 2.047931 -0.172733
v 0.202452 2.043037 -0.175579
v 0.190204 2.038126 -0.178435
v 0.177920 2.033257 -0.181267
v 0.165583 2.028481 -0.184044
v 0.153175 2.023847 -0.186739
v 0.140687 2.019399 -0.189325
v 0.128109 2.015176 -0.191781
v 0.115438 2.011210 -0.194088
v 0.102672 2.007530 -0.196227
v 0.089814 2.004160 -0.198187
v 0.076868 2.001117 -0.199957
v 0.063840 1.998413 -0.201529
v 0.050924 1.670042 0.354520
v 0.486972 1.725076 0.386523
v 0.050924 1.994662 -0.203710
v 0.486972 2.049696 -0.171707
v 0.064102 1.672055 0.355691
v 0.077219 1.674414 0.357063
v 0.090267 1.677112 0.358632
v 0.103238 1.680137 0.360390
v 0.116129 1.683470 0.362329
v 0.128936 1.687088 0.364433
v 0.141661 1.690963 0.366686
v 0.154306 1.695060 0.369069
v 0.166877 1.699341 0.371558
v 0.179386 1.703763 0.374129
v 0.191846 1.708275 0.376753
v 0.204274 1.712824 0.379399
v 0.216691 1.717353 0.382032
v 0.229121 1.721797 0.384616
v 0.241591 1.726089 0.387113
v 0.254129 1.730158 0.389479
v 0.266764 1.733930 0.391672
v 0.279524 1.737332 0.393651
v 0.292431 1.740303 0.395378
v 0.305500 1.742794 0.396826
v 0.318736 1.744771 0.397976
v 0.332140 1.746209 0.398812
v 0.345708 1.747089 0.399324
v 0.359430 1.747398 0.399504
v 0.373295 1.747129 0.399347
v 0.387285 1.746279 0.398853
v 0.401382 1.744852 0.398023
v 0.415565 1.742856 0.396863
v 0.429811 1.740307 0.395380
v 0.444098 1.737225 0.393588
v 0.458402 1.733636 0.391501
v 0.472700 1.729573 0.389139
v 0.472700 2.054194 -0.169092
v 0.458402 2.058256 -0.166729
v 0.444098 2.061845 -0.164642
v 0.429811 2.064927 -0.162850
v 0.415564 2.067477 -0.161368
v 0.401382 2.069472 -0.160207
v 0.387285 2.070899 -0.159377
v 0.373295 2.071749 -0.158883
v 0.359430 2.072018 -0.158727
v 0.345708 2.071709 -0.158906
v 0.332140 2.070829 -0.159418
v 0.318736 2.069391 -0.160254
v 0.305500 2.067414 -0.161404
v 0.292431 2.064923 -0.162853
v 0.279524 2.061952 -0.164580
v 0.266764 2.058550 -0.166558
v 0.254129 2.054779 -0.168752
v 0.241591 2.050709 -0.171118
v 0.229121 2.046417 -0.173614
v 0.216691 2.041973 -0.176198
v 0.204274 2.037444 -0.178832
v 0.191846 2.032895 -0.181477
v 0.179386 2.028383 -0.184101
v 0.166877 2.023962 -0.186672
v 0.154306 2.019681 -0.189162
v 0.141661 2.015583 -0.191545
v 0.128936 2.011708 -0.193798
v 0.116129 2.008090 -0.195902
v 0.103238 2.004757 -0.197840
v 0.090267 2.001732 -0.199599
v 0.077219 1.999034 -0.201168
v 0.064102 1.996675 -0.202540
v 0.051062 1.668641 0.353706
v 0.488975 1.711140 0.378419
v 0.051062 1.993262 -0.204525
v 0.488975 2.035760 -0.179811
v 0.064305 1.670306 0.354674
v 0.077499 1.672316 0.355843
v 0.090636 1.674663 0.357207
v 0.103709 1.677335 0.358761
v 0.116713 1.680313 0.360493
v 0.129646 1.683574 0.362389
v 0.142506 1.687089 0.364434
v 0.155296 1.690825 0.366606
v 0.168021 1.694741 0.368883
v 0.180691 1.698792 0.371239
v 0.193317 1.702931 0.373646
v 0.205915 1.707102 0.376071
v 0.218503 1.711247 0.378482
v 0.231104 1.715302 0.380839
v 0.243741 1.719199 0.383106
v 0.256439 1.722867 0.385239
v 0.269223 1.726235 0.387197
v 0.282117 1.729234 0.388941
v 0.295140 1.731803 0.390435
v 0.308304 1.733895 0.391652
v 0.321613 1.735474 0.392570
v 0.335068 1.736515 0.393176
v 0.348664 1.736999 0.393457
v 0.362391 1.736911 0.393406
v 0.376237 1.736245 0.393019
v 0.390185 1.735000 0.392295
v 0.404216 1.733180 0.391236
v 0.418311 1.730794 0.389849
v 0.432448 1.727859 0.388142
v 0.446604 1.724395 0.386127
v 0.460758 1.720430 0.383822
v 0.474888 1.715999 0.381245
v 0.474888 2.040619 -0.176986
v 0.460758 2.045051 -0.174409
v 0.446604 2.049015 -0.172103
v 0.432448 2.052479 -0.170089
v 0.418311 2.055415 -0.168382
v 0.404216 2.057801 -0.166994
v 0.390184 2.059621 -0.165936
v 0.376237 2.060866 -0.165212
v 0.362391 2.061531 -0.164825
v 0.348664 2.061619 -0.164774
v 0.335068 2.061136 -0.165055
v 0.321613 2.060095 -0.165660
v 0.308303 2.058515 -0.166579
v 0.295140 2.056423 -0.167795
v 0.282117 2.053854 -0.169289
v 0.269223 2.050855 -0.171033
v 0.256438 2.047487 -0.172992
v 0.243741 2.043819 -0.175125
v 0.231104 2.039922 -0.177391
v 0.218503 2.035867 -0.179749
v 0.205915 2.031723 -0.182159
v 0.193317 2.027551 -0.184585
v 0.180691 2.023413 -0.186991
v 0.168021 2.019361 -0.189348
v 0.155296 2.015445 -0.191625
v 0.142506 2.011710 -0.193797
v 0.129646 2.008194 -0.195841
v 0.116713 2.004933 -0.197738
v 0.103709 2.001955 -0.199470
v 0.090636 1.999283 -0.201023
v 0.077499 1.996936 -0.202388
v 0.064305 1.994927 -0.203557
v 0.051152 1.667234 0.352888
v 0.490472 1.696881 0.370127
v 0.051152 1.991855 -0.205343
v 0.490472 2.021501 -0.188103
v 0.064447 1.668548 0.353652
v 0.077706 1.670204 0.354614
v 0.090920 1.672194 0.355772
v 0.104083 1.674507 0.357116
v 0.117189 1.677122 0.358637
v 0.130234 1.680018 0.360321
v 0.143218 1.683163 0.362150
v 0.156141 1.686525 0.364105
v 0.169008 1.690062 0.366162
v 0.181826 1.693731 0.368296
v 0.194607 1.697481 0.370476
v 0.207363 1.701257 0.372672
v 0.220111 1.705001 0.374849
v 0.232870 1.708648 0.376970
v 0.245661 1.712132 0.378996
v 0.258506 1.715382 0.380886
v 0.271426 1.718329 0.382600
v 0.284441 1.720906 0.384099
v 0.297566 1.723057 0.385349
v 0.310811 1.724734 0.386324
v 0.324181 1.725900 0.387003
v 0.337673 1.726531 0.387369
v 0.351282 1.726605 0.387412
v 0.364998 1.726110 0.387125
v 0.378809 1.725040 0.386502
v 0.392698 1.723393 0.385545
v 0.406647 1.721175 0.384255
v 0.420637 1.718396 0.382639
v 0.434646 1.715073 0.380706
v 0.448655 1.711228 0.378470
v 0.462641 1.706890 0.375948
v 0.476586 1.702094 0.373159
v 0.476586 2.026715 -0.185071
v 0.462641 2.031510 -0.182283
v 0.448655 2.035848 -0.179760
v 0.434646 2.039693 -0.177524
v 0.420637 2.043016 -0.175592
v 0.406647 2.045795 -0.173976
v 0.392698 2.048013 -0.172686
v 0.378809 2.049660 -0.171728
v 0.364998 2.050730 -0.171106
v 0.351281 2.051225 -0.170818
v 0.337672 2.051151 -0.170861
v 0.324181 2.050521 -0.171228
v 0.310811 2.049354 -0.171906
v 0.297566 2.047677 -0.172881
v 0.284441 2.045527 -0.174132
v 0.271426 2.042949 -0.175631
v 0.258505 2.040002 -0.177344
v 0.245661 2.036752 -0.179234
v 0.232870 2.033269 -0.181260
v 0.220111 2.029621 -0.183381
v 0.207363 2.025877 -0.185558
v 0.194607 2.022101 -0.187754
v 0.181826 2.018351 -0.189935
v 0.169008 2.014683 -0.192068
v 0.156141 2.011145 -0.194125
v 0.143218 2.007784 -0.196080
v 0.130234 2.004638 -0.197909
v 0.117189 2.001743 -0.199593
v 0.104083 1.999127 -0.201114
v 0.090920 1.996815 -0.202459
v 0.077706 1.994824 -0.203616
v 0.064447 1.993168 -0.204579
v 0.051193 1.665823 0.352067
v 0.491428 1.682327 0.361664
v 0.051193 1.990443 -0.206164
v 0.491428 2.006948 -0.196566
v 0.064528 1.666782 0.352625
v 0.077839 1.668080 0.353379
v 0.091118 1.669709 0.354326
v 0.104358 1.671655 0.355458
v 0.117552 1.673901 0.356764
v 0.130698 1.676422 0.358230
v 0.143792 1.679188 0.359839
v 0.156835 1.682165 0.361570
v 0.169831 1.685312 0.363400
v 0.182785 1.688584 0.365303
v 0.195707 1.691930 0.367249
v 0.208607 1.695297 0.369206
v 0.221500 1.698623 0.371141
v 0.234404 1.701846 0.373015
v 0.247334 1.704900 0.374791
v 0.260311 1.707715 0.376428
v 0.273352 1.710224 0.377887
v 0.286473 1.712365 0.379131
v 0.299685 1.714081 0.380129
v 0.312997 1.715327 0.380854
v 0.326410 1.716066 0.381284
v 0.339923 1.716273 0.381404
v 0.353529 1.715927 0.381203
v 0.367218 1.715016 0.380673
v 0.380977 1.713533 0.379811
v 0.394790 1.711478 0.378616
v 0.408640 1.708858 0.377092
v 0.422507 1.705684 0.375246
v 0.436372 1.701972 0.373088
v 0.450215 1.697749 0.370632
v 0.464016 1.693042 0.367895
v 0.477759 1.687887 0.364898
v 0.477759 2.012508 -0.193333
v 0.464016 2.017662 -0.190336
v 0.450214 2.022369 -0.187598
v 0.436372 2.026593 -0.185142
v 0.422507 2.030304 -0.182984
v 0.408640 2.033478 -0.181138
v 0.394790 2.036099 -0.179614
v 0.380977 2.038153 -0.178420
v 0.367218 2.039636 -0.177557
v 0.353529 2.040547 -0.177027
v 0.339923 2.040893 -0.176826
v 0.326410 2.040687 -0.176946
v 0.312996 2.039947 -0.177376
v 0.299685 2.038701 -0.178101
v 0.286472 2.036985 -0.179099
v 0.273352 2.034844 -0.180344
v 0.260311 2.032335 -0.181803
v 0.247334 2.029520 -0.183440
v 0.234403 2.026467 -0.185215
v 0.221500 2.023244 -0.187090
v 0.208607 2.019917 -0.189024
v 0.195706 2.016551 -0.190982
v 0.182785 2.013204 -0.192928
v 0.169831 2.009932 -0.194831
v 0.156835 2.006785 -0.196661
v 0.143792 2.003808 -0.198392
v 0.130698 2.001042 -0.200000
v 0.117552 1.998521 -0.201466
v 0.104357 1.996276 -0.202772
v 0.091118 1.994329 -0.203904
v 0.077839 1.992700 -0.204851
v 0.064528 1.991403 -0.205606
v 0.051185 1.664408 0.351244
v 0.491811 1.667511 0.353048
v 0.051185 1.989028 -0.206986
v 0.491811 1.992132 -0.205182
v 0.064547 1.665010 0.351594
v 0.077897 1.665946 0.352138
v 0.091228 1.667208 0.352872
v 0.104531 1.668784 0.353788
v 0.117801 1.670653 0.354875
v 0.131033 1.672791 0.356119
v 0.144224 1.675168 0.357501
v 0.157374 1.677750 0.359002
v 0.170484 1.680495 0.360599
v 0.183559 1.683357 0.362263
v 0.196607 1.686287 0.363967
v 0.209636 1.689229 0.365678
v 0.222660 1.692123 0.367361
v 0.235691 1.694906 0.368979
v 0.248745 1.697514 0.370496
v 0.261837 1.699879 0.371871
v 0.274981 1.701936 0.373067
v 0.288190 1.703625 0.374049
v 0.301472 1.704892 0.374786
v 0.314833 1.705693 0.375252
v 0.328273 1.705993 0.375426
v 0.341790 1.705764 0.375293
v 0.355376 1.704987 0.374841
v 0.369020 1.703651 0.374064
v 0.382710 1.701749 0.372958
v 0.396429 1.699282 0.371523
v 0.410161 1.696256 0.369764
v 0.423887 1.692685 0.367687
v 0.437590 1.688587 0.365304
v 0.451250 1.683987 0.362629
v 0.464850 1.678915 0.359680
v 0.478375 1.673409 0.356478
v 0.478375 1.998030 -0.201752
v 0.464850 2.003536 -0.198550
v 0.451250 2.008607 -0.195601
v 0.437590 2.013207 -0.192926
v 0.423887 2.017305 -0.190543
v 0.410161 2.020876 -0.188466
v 0.396429 2.023902 -0.186707
v 0.382709 2.026369 -0.185272
v 0.369020 2.028271 -0.184166
v 0.355375 2.029608 -0.183389
v 0.341790 2.030384 -0.182937
v 0.328273 2.030613 -0.182804
v 0.314833 2.030314 -0.182978
v 0.301472 2.029513 -0.183444
v 0.288190 2.028245 -0.184181
v 0.274981 2.026556 -0.185163
v 0.261837 2.024499 -0.186360
v 0.248745 2.022134 -0.187735
v 0.235691 2.019527 -0.189251
v 0.222660 2.016743 -0.190870
v 0.209636 2.013849 -0.192553
v 0.196607 2.010907 -0.194264
v 0.183559 2.007977 -0.195967
v 0.170484 2.005115 -0.197632
v 0.157374 2.002370 -0.199228
v 0.144224 1.999789 -0.200729
v 0.131033 1.997411 -0.202112
v 0.117801 1.995273 -0.203355
v 0.104531 1.993404 -0.204442
v 0.091228 1.991829 -0.205358
v 0.077897 1.990566 -0.206092
v 0.064547 1.989630 -0.206636
vn 0.1701 0.8519 0.4954
vn -0.3466 0.8109 0.4715
vn -0.3751 0.8013 0.4660
vn -0.4028 0.7912 0.4601
vn -0.4293 0.7808 0.4540
vn -0.4541 0.7702 0.4479
vn -0.4768 0.7599 0.4419
vn -0.4972 0.7500 0.4361
vn -0.5149 0.7410 0.4309
vn -0.5297 0.7332 0.4264
vn -0.5411 0.7270 0.4228
vn -0.5488 0.7226 0.4202
vn -0.5527 0.7204 0.4190
vn -0.5522 0.7207 0.4191
vn -0.5469 0.7237 0.4209
vn -0.5364 0.7296 0.4243
vn -0.5201 0.7383 0.4294
vn -0.4974 0.7500 0.4361
vn -0.4678 0.7641 0.4443
vn -0.4318 0.7797 0.4534
vn -0.3915 0.7955 0.4626
vn -0.3481 0.8104 0.4713
vn -0.3025 0.8240 0.4791
vn -0.2554 0.8358 0.4860
vn -0.2075 0.8456 0.4918
vn -0.1594 0.8534 0.4963
vn -0.1117 0.8591 0.4996
vn -0.0650 0.8626 0.5016
vn -0.0198 0.8643 0.5026
vn 0.0234 0.8642 0.5026
vn 0.0643 0.8627 0.5017
vn 0.1026 0.8599 0.5000
vn 0.1380 0.8562 0.4979
vn 0.1991 0.8471 0.4926
vn -0.3189 0.8193 0.4765
vn -0.3478 0.8105 0.4713
vn -0.3759 0.8011 0.4658
vn -0.4280 0.7813 0.4543
vn -0.4513 0.7714 0.4486
vn -0.4721 0.7621 0.4432
vn -0.4902 0.7535 0.4381
vn -0.5053 0.7460 0.4338
vn -0.5171 0.7399 0.4303
vn -0.5251 0.7357 0.4278
vn -0.5292 0.7335 0.4265
vn -0.5288 0.7337 0.4266
vn -0.5237 0.7364 0.4283
vn -0.5132 0.7420 0.4315
vn -0.4968 0.7503 0.4363
vn -0.4738 0.7613 0.4427
vn -0.4437 0.7747 0.4505
vn -0.4067 0.7897 0.4592
vn -0.3656 0.8046 0.4679
vn -0.3216 0.8185 0.4760
vn -0.2755 0.8310 0.4832
vn -0.2279 0.8417 0.4895
vn -0.1796 0.8504 0.4945
vn -0.1311 0.8570 0.4984
vn -0.0832 0.8615 0.5010
vn -0.0363 0.8639 0.5024
vn 0.0091 0.8644 0.5027
vn 0.0524 0.8633 0.5020
vn 0.0934 0.8607 0.5005
vn 0.1316 0.8569 0.4983
vn 0.1670 0.8523 0.4956
vn 0.2281 0.8417 0.4895
vn -0.2907 0.8271 0.4810
vn -0.3199 0.8190 0.4763
vn -0.3484 0.8103 0.4712
vn -0.3756 0.8012 0.4659
vn -0.4012 0.7918 0.4605
vn -0.4248 0.7826 0.4551
vn -0.4460 0.7737 0.4499
vn -0.4645 0.7656 0.4452
vn -0.4799 0.7584 0.4410
vn -0.4918 0.7527 0.4377
vn -0.5001 0.7486 0.4353
vn -0.5043 0.7465 0.4341
vn -0.5040 0.7466 0.4342
vn -0.4988 0.7492 0.4357
vn -0.4882 0.7544 0.4387
vn -0.4716 0.7623 0.4433
vn -0.4483 0.7727 0.4493
vn -0.4178 0.7854 0.4567
vn -0.3800 0.7996 0.4650
vn -0.3383 0.8135 0.4731
vn -0.2938 0.8263 0.4805
vn -0.2473 0.8376 0.4871
vn -0.1994 0.8471 0.4926
vn -0.1507 0.8546 0.4970
vn -0.1020 0.8599 0.5001
vn -0.0539 0.8632 0.5020
vn -0.0069 0.8644 0.5027
vn 0.0385 0.8638 0.5023
vn 0.0818 0.8616 0.5010
vn 0.1227 0.8579 0.4989
vn 0.1609 0.8532 0.4962
vn 0.1961 0.8477 0.4929
vn 0.2569 0.8354 0.4858
vn -0.2621 0.8342 0.4851
vn -0.2916 0.8269 0.4809
vn -0.3203 0.8189 0.4762
vn -0.3737 0.8018 0.4663
vn -0.3975 0.7932 0.4613
vn -0.4190 0.7849 0.4564
vn -0.4377 0.7773 0.4520
vn -0.4533 0.7706 0.4481
vn -0.4654 0.7651 0.4449
vn -0.4737 0.7613 0.4427
vn -0.4779 0.7593 0.4416
vn -0.4776 0.7595 0.4417
vn -0.4722 0.7620 0.4431
vn -0.4614 0.7670 0.4460
vn -0.4444 0.7744 0.4503
vn -0.4208 0.7842 0.4560
vn -0.3898 0.7961 0.4629
vn -0.3518 0.8092 0.4706
vn -0.3097 0.8220 0.4780
vn -0.2649 0.8336 0.4847
vn -0.2180 0.8437 0.4906
vn -0.1698 0.8519 0.4954
vn -0.1209 0.8581 0.4990
vn -0.0721 0.8622 0.5014
vn -0.0239 0.8642 0.5026
vn 0.0231 0.8642 0.5026
vn 0.0683 0.8624 0.5015
vn 0.1115 0.8591 0.4996
vn 0.1522 0.8544 0.4968
vn 0.1902 0.8487 0.4935
vn 0.2252 0.8423 0.4898
vn 0.2856 0.8285 0.4818
vn -0.2331 0.8407 0.4889
vn -0.2627 0.8341 0.4850
vn -0.3193 0.8192 0.4764
vn -0.3454 0.8113 0.4718
vn -0.3694 0.8033 0.4671
vn -0.3910 0.7956 0.4627
vn -0.4098 0.7885 0.4585
vn -0.4255 0.7823 0.4549
vn -0.4501 0.7719 0.4489
vn -0.4496 0.7722 0.4490
vn -0.4439 0.7746 0.4504
vn -0.4327 0.7793 0.4532
vn -0.4153 0.7864 0.4573
vn -0.3911 0.7956 0.4627
vn -0.3598 0.8066 0.4690
vn -0.3220 0.8184 0.4759
vn -0.2798 0.8299 0.4826
vn -0.2347 0.8403 0.4887
vn -0.1876 0.8491 0.4938
vn -0.1392 0.8560 0.4978
vn -0.0902 0.8609 0.5006
vn -0.0414 0.8637 0.5023
vn 0.0067 0.8644 0.5027
vn 0.0536 0.8632 0.5020
vn 0.0987 0.8602 0.5002
vn 0.1416 0.8557 0.4976
vn 0.1820 0.8500 0.4943
vn 0.2197 0.8433 0.4904
vn 0.2543 0.8361 0.4862
vn 0.3141 0.8207 0.4772
vn -0.2037 0.8463 0.4922
vn -0.2334 0.8406 0.4888
vn -0.2624 0.8342 0.4851
vn -0.2902 0.8273 0.4811
vn -0.3163 0.8201 0.4769
vn -0.3404 0.8128 0.4727
vn -0.3621 0.8058 0.4686
vn -0.3809 0.7993 0.4648
vn -0.3966 0.7936 0.4615
vn -0.4087 0.7890 0.4588
vn -0.4169 0.7858 0.4569
vn -0.4199 0.7846 0.4562
vn -0.4139 0.7869 0.4576
vn -0.4022 0.7915 0.4602
vn -0.3843 0.7981 0.4641
vn -0.3596 0.8066 0.4691
vn -0.3281 0.8166 0.4749
vn -0.2905 0.8272 0.4810
vn -0.2483 0.8374 0.4870
vn -0.2031 0.8464 0.4922
vn -0.1559 0.8539 0.4965
vn -0.1075 0.8594 0.4998
vn -0.0586 0.8630 0.5018
vn -0.0099 0.8644 0.5027
vn 0.0381 0.8638 0.5023
vn 0.0847 0.8614 0.5009
vn 0.1295 0.8572 0.4985
vn 0.1720 0.8516 0.4952
vn 0.2120 0.8448 0.4913
vn 0.2492 0.8372 0.4868
vn 0.2833 0.8290 0.4821
vn 0.3425 0.8122 0.4723
vn -0.1740 0.8513 0.4950
vn -0.2326 0.8407 0.4889
vn -0.2604 0.8346 0.4854
vn -0.2866 0.8282 0.4816
vn -0.3106 0.8217 0.4778
vn -0.3323 0.8154 0.4741
vn -0.3510 0.8095 0.4707
vn -0.3665 0.8043 0.4677
vn -0.3784 0.8002 0.4653
vn -0.3864 0.7973 0.4637
vn -0.3899 0.7960 0.4629
vn -0.3887 0.7965 0.4632
vn -0.3822 0.7988 0.4645
vn -0.3699 0.8031 0.4670
vn -0.3515 0.8093 0.4706
vn -0.3264 0.8171 0.4752
vn -0.2947 0.8261 0.4804
vn -0.2573 0.8354 0.4858
vn -0.2153 0.8442 0.4909
vn -0.1703 0.8518 0.4954
vn -0.1231 0.8579 0.4989
vn -0.0748 0.8620 0.5013
vn -0.0261 0.8642 0.5025
vn 0.0225 0.8642 0.5026
vn 0.0701 0.8623 0.5015
vn 0.1163 0.8586 0.4993
vn 0.1606 0.8532 0.4962
vn 0.2027 0.8465 0.4923
vn 0.2421 0.8387 0.4877
vn 0.2787 0.8302 0.4828
vn 0.3122 0.8212 0.4776
vn 0.3706 0.8029 0.4669
vn -0.1439 0.8555 0.4975
vn -0.1735 0.8513 0.4951
vn -0.2024 0.8466 0.4923
vn -0.2301 0.8413 0.4892
vn -0.2561 0.8356 0.4859
vn -0.2801 0.8299 0.4826
vn -0.3015 0.8242 0.4793
vn -0.3201 0.8190 0.4763
vn -0.3354 0.8144 0.4736
vn -0.3470 0.8108 0.4715
vn -0.3545 0.8083 0.4700
vn -0.3577 0.8073 0.4694
vn -0.3559 0.8079 0.4698
vn -0.3489 0.8102 0.4711
vn -0.3360 0.8142 0.4735
vn -0.3170 0.8199 0.4768
vn -0.2915 0.8269 0.4809
vn -0.2598 0.8348 0.4854
vn -0.2225 0.8428 0.4901
vn -0.1808 0.8502 0.4944
vn -0.1360 0.8564 0.4980
vn -0.0891 0.8610 0.5007
vn -0.0411 0.8637 0.5023
vn 0.0074 0.8644 0.5027
vn 0.0555 0.8631 0.5019
vn 0.1027 0.8599 0.5000
vn 0.1484 0.8549 0.4971
vn 0.1921 0.8484 0.4933
vn 0.2336 0.8406 0.4888
vn 0.2723 0.8318 0.4837
vn 0.3082 0.8224 0.4782
vn 0.3410 0.8126 0.4726
vn 0.3983 0.7929 0.4611
vn -0.1135 0.8589 0.4994
vn -0.1430 0.8556 0.4975
vn -0.1717 0.8516 0.4952
vn -0.1991 0.8471 0.4926
vn -0.2250 0.8423 0.4898
vn -0.2487 0.8373 0.4869
vn -0.2699 0.8324 0.4840
vn -0.2881 0.8278 0.4814
vn -0.3031 0.8238 0.4791
vn -0.3143 0.8207 0.4772
vn -0.3214 0.8186 0.4760
vn -0.3240 0.8178 0.4756
vn -0.3217 0.8185 0.4760
vn -0.3140 0.8208 0.4773
vn -0.3005 0.8245 0.4795
vn -0.2809 0.8297 0.4825
vn -0.2551 0.8359 0.4861
vn -0.2233 0.8426 0.4900
vn -0.1862 0.8493 0.4939
vn -0.1449 0.8553 0.4974
vn -0.1005 0.8601 0.5002
vn -0.0540 0.8632 0.5020
vn -0.0063 0.8644 0.5027
vn 0.0417 0.8637 0.5023
vn 0.0893 0.8610 0.5007
vn 0.1359 0.8564 0.4980
vn 0.1809 0.8502 0.4944
vn 0.2240 0.8425 0.4899
vn 0.2646 0.8336 0.4848
vn 0.3026 0.8239 0.4791
vn 0.3377 0.8137 0.4732
vn 0.3696 0.8032 0.4671
vn 0.4257 0.7822 0.4549
vn -0.0829 0.8615 0.5010
vn -0.1121 0.8590 0.4995
vn -0.1405 0.8559 0.4977
vn -0.1677 0.8522 0.4956
vn -0.1932 0.8482 0.4932
vn -0.2166 0.8439 0.4908
vn -0.2374 0.8397 0.4883
vn -0.2553 0.8358 0.4860
vn -0.2697 0.8324 0.4841
vn -0.2805 0.8298 0.4825
vn -0.2870 0.8281 0.4815
vn -0.2890 0.8276 0.4813
vn -0.2860 0.8284 0.4817
vn -0.2776 0.8305 0.4829
vn -0.2635 0.8339 0.4849
vn -0.2434 0.8385 0.4876
vn -0.2173 0.8438 0.4907
vn -0.1854 0.8495 0.4940
vn -0.1486 0.8549 0.4971
vn -0.1076 0.8594 0.4998
vn -0.0637 0.8627 0.5017
vn -0.0177 0.8643 0.5026
vn 0.0294 0.8641 0.5025
vn 0.0768 0.8619 0.5012
vn 0.1237 0.8578 0.4988
vn 0.1696 0.8519 0.4954
vn 0.2138 0.8445 0.4911
vn 0.2560 0.8357 0.4859
vn 0.2958 0.8258 0.4802
vn 0.3328 0.8152 0.4740
vn 0.3670 0.8041 0.4676
vn 0.3980 0.7930 0.4612
vn 0.4527 0.7708 0.4482
vn -0.0520 0.8633 0.5020
vn -0.0808 0.8616 0.5011
vn -0.1089 0.8593 0.4997
vn -0.1357 0.8565 0.4980
vn -0.1608 0.8532 0.4962
vn -0.1838 0.8497 0.4941
vn -0.2041 0.8463 0.4921
vn -0.2215 0.8430 0.4902
vn -0.2354 0.8402 0.4886
vn -0.2455 0.8380 0.4873
vn -0.2514 0.8367 0.4866
vn -0.2527 0.8364 0.4864
vn -0.2490 0.8372 0.4869
vn -0.2399 0.8392 0.4880
vn -0.2251 0.8423 0.4898
vn -0.2045 0.8462 0.4921
vn -0.1781 0.8506 0.4947
vn -0.1463 0.8552 0.4973
vn -0.1097 0.8592 0.4997
vn -0.0692 0.8624 0.5015
vn -0.0258 0.8642 0.5025
vn 0.0196 0.8643 0.5026
vn 0.0660 0.8626 0.5016
vn 0.1126 0.8590 0.4995
vn 0.1587 0.8535 0.4963
vn 0.2037 0.8463 0.4922
vn 0.2470 0.8377 0.4871
vn 0.2882 0.8278 0.4814
vn 0.3269 0.8170 0.4751
vn 0.3630 0.8055 0.4684
vn 0.3961 0.7938 0.4616
vn 0.4260 0.7821 0.4548
vn -0.1702 -0.8519 -0.4954
vn 0.3466 -0.8109 -0.4715
vn 0.3751 -0.8013 -0.4660
vn 0.4028 -0.7912 -0.4601
vn 0.4293 -0.7808 -0.4540
vn 0.4541 -0.7702 -0.4479
vn 0.4768 -0.7599 -0.4419
vn 0.4972 -0.7500 -0.4361
vn 0.5149 -0.7410 -0.4309
vn 0.5296 -0.7333 -0.4264
vn 0.5410 -0.7270 -0.4228
vn 0.5488 -0.7226 -0.4202
vn 0.5527 -0.7205 -0.4190
vn 0.5522 -0.7207 -0.4191
vn 0.5469 -0.7237 -0.4209
vn 0.5364 -0.7296 -0.4243
vn 0.5201 -0.7383 -0.4294
vn 0.4974 -0.7500 -0.4361
vn 0.4678 -0.7641 -0.4443
vn 0.4319 -0.7797 -0.4534
vn 0.3915 -0.7955 -0.4626
vn 0.3481 -0.8104 -0.4713
vn 0.3025 -0.8240 -0.4791
vn 0.2555 -0.8358 -0.4860
vn 0.2075 -0.8456 -0.4918
vn 0.1594 -0.8534 -0.4963
vn 0.1117 -0.8591 -0.4996
vn 0.0650 -0.8626 -0.5016
vn 0.0198 -0.8643 -0.5026
vn -0.0234 -0.8642 -0.5026
vn -0.0643 -0.8627 -0.5017
vn -0.1026 -0.8599 -0.5000
vn -0.1380 -0.8562 -0.4979
vn -0.1992 -0.8471 -0.4926
vn 0.3189 -0.8193 -0.4765
vn 0.3478 -0.8105 -0.4713
vn 0.3759 -0.8011 -0.4658
vn 0.4280 -0.7813 -0.4543
vn 0.4513 -0.7714 -0.4486
vn 0.4721 -0.7621 -0.4432
vn 0.4902 -0.7535 -0.4382
vn 0.5053 -0.7460 -0.4338
vn 0.5171 -0.7399 -0.4303
vn 0.5251 -0.7357 -0.4278
vn 0.5292 -0.7335 -0.4265
vn 0.5289 -0.7337 -0.4266
vn 0.5237 -0.7364 -0.4283
vn 0.5132 -0.7419 -0.4315
vn 0.4968 -0.7502 -0.4363
vn 0.4738 -0.7613 -0.4427
vn 0.4437 -0.7747 -0.4505
vn 0.4068 -0.7897 -0.4592
vn 0.3656 -0.8046 -0.4679
vn 0.3216 -0.8185 -0.4760
vn 0.2755 -0.8310 -0.4832
vn 0.2279 -0.8417 -0.4895
vn 0.1796 -0.8504 -0.4945
vn 0.1311 -0.8570 -0.4984
vn 0.0832 -0.8615 -0.5010
vn 0.0363 -0.8639 -0.5024
vn -0.0091 -0.8644 -0.5027
vn -0.0524 -0.8633 -0.5020
vn -0.0934 -0.8607 -0.5005
vn -0.1317 -0.8569 -0.4983
vn -0.1670 -0.8523 -0.4956
vn -0.2281 -0.8417 -0.4894
vn 0.2907 -0.8271 -0.4810
vn 0.3199 -0.8190 -0.4763
vn 0.3484 -0.8103 -0.4712
vn 0.3756 -0.8012 -0.4659
vn 0.4012 -0.7918 -0.4605
vn 0.4248 -0.7826 -0.4551
vn 0.4460 -0.7737 -0.4499
vn 0.4645 -0.7656 -0.4452
vn 0.4799 -0.7584 -0.4410
vn 0.4918 -0.7527 -0.4377
vn 0.5001 -0.7486 -0.4353
vn 0.5043 -0.7465 -0.4341
vn 0.5040 -0.7466 -0.4342
vn 0.4988 -0.7492 -0.4357
vn 0.4882 -0.7544 -0.4387
vn 0.4716 -0.7623 -0.4433
vn 0.4484 -0.7727 -0.4493
vn 0.4178 -0.7854 -0.4567
vn 0.3800 -0.7996 -0.4650
vn 0.3383 -0.8135 -0.4731
vn 0.2938 -0.8263 -0.4805
vn 0.2473 -0.8376 -0.4871
vn 0.1994 -0.8471 -0.4926
vn 0.1507 -0.8546 -0.4970
vn 0.1020 -0.8599 -0.5001
vn 0.0539 -0.8632 -0.5020
vn 0.0069 -0.8644 -0.5027
vn -0.0385 -0.8638 -0.5023
vn -0.0818 -0.8616 -0.5010
vn -0.1227 -0.8579 -0.4989
vn -0.1609 -0.8532 -0.4962
vn -0.1961 -0.8477 -0.4929
vn -0.2570 -0.8354 -0.4858
vn 0.2621 -0.8342 -0.4851
vn 0.2916 -0.8269 -0.4809
vn 0.3203 -0.8189 -0.4762
vn 0.3737 -0.8018 -0.4663
vn 0.3975 -0.7932 -0.4613
vn 0.4190 -0.7849 -0.4564
vn 0.4377 -0.7773 -0.4520
vn 0.4532 -0.7706 -0.4481
vn 0.4654 -0.7651 -0.4449
vn 0.4737 -0.7613 -0.4427
vn 0.4779 -0.7593 -0.4416
vn 0.4776 -0.7595 -0.4417
vn 0.4722 -0.7620 -0.4431
vn 0.4614 -0.7670 -0.4460
vn 0.4444 -0.7744 -0.4503
vn 0.4208 -0.7842 -0.4560
vn 0.3898 -0.7961 -0.4629
vn 0.3519 -0.8092 -0.4706
vn 0.3097 -0.8220 -0.4780
vn 0.2649 -0.8336 -0.4847
vn 0.2180 -0.8437 -0.4906
vn 0.1698 -0.8519 -0.4954
vn 0.1209 -0.8581 -0.4990
vn 0.0721 -0.8622 -0.5014
vn 0.0239 -0.8642 -0.5026
vn -0.0231 -0.8642 -0.5026
vn -0.0684 -0.8624 -0.5015
vn -0.1115 -0.8591 -0.4996
vn -0.1522 -0.8544 -0.4968
vn -0.1902 -0.8487 -0.4935
vn -0.2252 -0.8423 -0.4898
vn -0.2856 -0.8284 -0.4818
vn 0.2331 -0.8406 -0.4888
vn 0.2627 -0.8341 -0.4850
vn 0.3193 -0.8192 -0.4764
vn 0.3454 -0.8113 -0.4718
vn 0.3694 -0.8033 -0.4671
vn 0.3910 -0.7956 -0.4627
vn 0.4098 -0.7885 -0.4585
vn 0.4255 -0.7823 -0.4549
vn 0.4501 -0.7719 -0.4489
vn 0.4496 -0.7722 -0.4490
vn 0.4439 -0.7746 -0.4504
vn 0.4327 -0.7793 -0.4532
vn 0.4153 -0.7864 -0.4573
vn 0.3912 -0.7956 -0.4626
vn 0.3598 -0.8066 -0.4690
vn 0.3220 -0.8184 -0.4759
vn 0.2798 -0.8299 -0.4826
vn 0.2347 -0.8403 -0.4887
vn 0.1876 -0.8491 -0.4938
vn 0.1392 -0.8560 -0.4978
vn 0.0902 -0.8609 -0.5006
vn 0.0414 -0.8637 -0.5023
vn -0.0068 -0.8644 -0.5027
vn -0.0536 -0.8632 -0.5020
vn -0.0987 -0.8602 -0.5002
vn -0.1416 -0.8557 -0.4976
vn -0.1820 -0.8500 -0.4943
vn -0.2197 -0.8433 -0.4904
vn -0.2543 -0.8361 -0.4862
vn -0.3142 -0.8207 -0.4772
vn 0.2038 -0.8463 -0.4922
vn 0.2334 -0.8406 -0.4888
vn 0.2624 -0.8342 -0.4851
vn 0.2902 -0.8273 -0.4811
vn 0.3163 -0.8201 -0.4769
vn 0.3404 -0.8128 -0.4727
vn 0.3621 -0.8058 -0.4686
vn 0.3809 -0.7993 -0.4648
vn 0.3966 -0.7936 -0.4615
vn 0.4087 -0.7890 -0.4588
vn 0.4169 -0.7858 -0.4569
vn 0.4199 -0.7846 -0.4562
vn 0.4139 -0.7869 -0.4576
vn 0.4022 -0.7915 -0.4602
vn 0.3843 -0.7981 -0.4641
vn 0.3596 -0.8066 -0.4691
vn 0.3281 -0.8166 -0.4749
vn 0.2905 -0.8272 -0.4810
vn 0.2483 -0.8374 -0.4870
vn 0.2032 -0.8464 -0.4922
vn 0.1560 -0.8539 -0.4965
vn 0.1075 -0.8594 -0.4998
vn 0.0586 -0.8630 -0.5018
vn 0.0099 -0.8644 -0.5027
vn -0.0381 -0.8638 -0.5023
vn -0.0847 -0.8614 -0.5009
vn -0.1295 -0.8572 -0.4985
vn -0.1720 -0.8516 -0.4952
vn -0.2120 -0.8448 -0.4913
vn -0.2492 -0.8372 -0.4868
vn -0.2833 -0.8290 -0.4821
vn -0.3425 -0.8122 -0.4723
vn 0.1740 -0.8513 -0.4950
vn 0.2037 -0.8463 -0.4922
vn 0.2326 -0.8407 -0.4889
vn 0.2604 -0.8346 -0.4854
vn 0.2866 -0.8282 -0.4816
vn 0.3106 -0.8217 -0.4778
vn 0.3322 -0.8154 -0.4741
vn 0.3510 -0.8095 -0.4707
vn 0.3665 -0.8043 -0.4677
vn 0.3784 -0.8002 -0.4653
vn 0.3864 -0.7973 -0.4637
vn 0.3899 -0.7960 -0.4629
vn 0.3887 -0.7965 -0.4632
vn 0.3822 -0.7988 -0.4645
vn 0.3699 -0.8031 -0.4670
vn 0.3515 -0.8093 -0.4706
vn 0.3264 -0.8171 -0.4752
vn 0.2947 -0.8261 -0.4804
vn 0.2573 -0.8354 -0.4858
vn 0.2153 -0.8442 -0.4909
vn 0.1703 -0.8518 -0.4954
vn 0.1231 -0.8579 -0.4989
vn 0.0748 -0.8620 -0.5013
vn 0.0261 -0.8642 -0.5025
vn -0.0225 -0.8642 -0.5026
vn -0.0701 -0.8623 -0.5015
vn -0.1163 -0.8586 -0.4993
vn -0.1606 -0.8532 -0.4962
vn -0.2027 -0.8465 -0.4923
vn -0.2421 -0.8387 -0.4877
vn -0.2787 -0.8302 -0.4828
vn -0.3122 -0.8212 -0.4776
vn -0.3706 -0.8029 -0.4669
vn 0.1439 -0.8555 -0.4975
vn 0.1735 -0.8513 -0.4951
vn 0.2024 -0.8466 -0.4923
vn 0.2301 -0.8413 -0.4892
vn 0.2561 -0.8356 -0.4859
vn 0.2800 -0.8299 -0.4826
vn 0.3015 -0.8242 -0.4793
vn 0.3201 -0.8190 -0.4763
vn 0.3353 -0.8144 -0.4736
vn 0.3470 -0.8108 -0.4715
vn 0.3545 -0.8083 -0.4700
vn 0.3577 -0.8073 -0.4694
vn 0.3559 -0.8079 -0.4698
vn 0.3489 -0.8102 -0.4711
vn 0.3360 -0.8142 -0.4735
vn 0.3170 -0.8199 -0.4768
vn 0.2915 -0.8269 -0.4809
vn 0.2598 -0.8348 -0.4854
vn 0.2225 -0.8428 -0.4901
vn 0.1808 -0.8502 -0.4944
vn 0.1360 -0.8564 -0.4980
vn 0.0891 -0.8610 -0.5007
vn 0.0411 -0.8637 -0.5023
vn -0.0074 -0.8644 -0.5027
vn -0.0555 -0.8631 -0.5019
vn -0.1027 -0.8599 -0.5000
vn -0.1484 -0.8549 -0.4971
vn -0.1922 -0.8484 -0.4933
vn -0.2336 -0.8405 -0.4888
vn -0.2724 -0.8318 -0.4837
vn -0.3082 -0.8224 -0.4782
vn -0.3410 -0.8126 -0.4726
vn -0.3984 -0.7929 -0.4611
vn 0.1136 -0.8589 -0.4994
vn 0.1430 -0.8556 -0.4975
vn 0.1717 -0.8516 -0.4952
vn 0.1991 -0.8471 -0.4926
vn 0.2250 -0.8423 -0.4898
vn 0.2487 -0.8373 -0.4869
vn 0.2699 -0.8324 -0.4840
vn 0.2881 -0.8278 -0.4814
vn 0.3031 -0.8238 -0.4791
vn 0.3143 -0.8207 -0.4772
vn 0.3214 -0.8186 -0.4760
vn 0.3240 -0.8178 -0.4756
vn 0.3217 -0.8185 -0.4760
vn 0.3140 -0.8207 -0.4773
vn 0.3005 -0.8245 -0.4795
vn 0.2809 -0.8297 -0.4825
vn 0.2551 -0.8359 -0.4861
vn 0.2233 -0.8426 -0.4900
vn 0.1862 -0.8493 -0.4939
vn 0.1449 -0.8553 -0.4974
vn 0.1005 -0.8601 -0.5002
vn 0.0540 -0.8632 -0.5020
vn 0.0063 -0.8644 -0.5027
vn -0.0417 -0.8637 -0.5023
vn -0.0893 -0.8610 -0.5007
vn -0.1359 -0.8564 -0.4980
vn -0.1809 -0.8502 -0.4944
vn -0.2240 -0.8425 -0.4899
vn -0.2646 -0.8336 -0.4848
vn -0.3026 -0.8239 -0.4791
vn -0.3377 -0.8137 -0.4732
vn -0.3697 -0.8032 -0.4671
vn -0.4258 -0.7822 -0.4549
vn 0.0829 -0.8615 -0.5010
vn 0.1121 -0.8590 -0.4995
vn 0.1405 -0.8559 -0.4977
vn 0.1677 -0.8522 -0.4956
vn 0.1932 -0.8482 -0.4932
vn 0.2166 -0.8439 -0.4908
vn 0.2374 -0.8397 -0.4883
vn 0.2553 -0.8358 -0.4860
vn 0.2697 -0.8324 -0.4841
vn 0.2805 -0.8298 -0.4825
vn 0.2870 -0.8281 -0.4816
vn 0.2890 -0.8276 -0.4813
vn 0.2860 -0.8284 -0.4817
vn 0.2776 -0.8305 -0.4829
vn 0.2635 -0.8339 -0.4849
vn 0.2434 -0.8385 -0.4876
vn 0.2173 -0.8438 -0.4907
vn 0.1854 -0.8495 -0.4940
vn 0.1486 -0.8549 -0.4971
vn 0.1076 -0.8594 -0.4998
vn 0.0637 -0.8627 -0.5017
vn 0.0177 -0.8643 -0.5026
vn -0.0294 -0.8641 -0.5025
vn -0.0768 -0.8619 -0.5012
vn -0.1237 -0.8578 -0.4988
vn -0.1696 -0.8519 -0.4954
vn -0.2138 -0.8445 -0.4911
vn -0.2560 -0.8357 -0.4859
vn -0.2958 -0.8258 -0.4802
vn -0.3328 -0.8152 -0.4740
vn -0.3670 -0.8041 -0.4676
vn -0.3980 -0.7930 -0.4612
vn -0.4528 -0.7708 -0.4482
vn 0.0520 -0.8633 -0.5020
vn 0.0808 -0.8616 -0.5011
vn 0.1089 -0.8593 -0.4997
vn 0.1357 -0.8565 -0.4980
vn 0.1608 -0.8532 -0.4962
vn 0.1838 -0.8497 -0.4941
vn 0.2041 -0.8463 -0.4921
vn 0.2215 -0.8430 -0.4902
vn 0.2354 -0.8402 -0.4886
vn 0.2455 -0.8380 -0.4873
vn 0.2514 -0.8367 -0.4866
vn 0.2527 -0.8364 -0.4864
vn 0.2490 -0.8372 -0.4869
vn 0.2399 -0.8392 -0.4880
vn 0.2251 -0.8423 -0.4898
vn 0.2045 -0.8462 -0.4921
vn 0.1782 -0.8506 -0.4947
vn 0.1463 -0.8552 -0.4973
vn 0.1097 -0.8592 -0.4997
vn 0.0692 -0.8624 -0.5015
vn 0.0258 -0.8642 -0.5025
vn -0.0196 -0.8643 -0.5026
vn -0.0660 -0.8626 -0.5016
vn -0.1126 -0.8590 -0.4995
vn -0.1587 -0.8535 -0.4963
vn -0.2037 -0.8463 -0.4922
vn -0.2470 -0.8377 -0.4871
vn -0.2882 -0.8278 -0.4814
vn -0.3270 -0.8170 -0.4751
vn -0.3630 -0.8055 -0.4684
vn -0.3961 -0.7938 -0.4616
vn -0.4261 -0.7821 -0.4548
vn -0.9380 -0.2997 -0.1743
vn -0.0000 -0.5027 0.8645
vn 0.9854 -0.1471 -0.0855
vn -0.0000 0.5027 -0.8645
vn -0.9478 -0.2757 -0.1603
vn 0.9800 -0.1722 -0.1001
vn -0.9568 -0.2513 -0.1461
vn 0.9736 -0.1972 -0.1147
vn -0.9650 -0.2266 -0.1318
vn 0.9664 -0.2221 -0.1292
vn -0.9724 -0.2015 -0.1172
vn 0.9583 -0.2469 -0.1436
vn -0.9790 -0.1761 -0.1024
vn 0.9494 -0.2716 -0.1579
vn -0.9847 -0.1504 -0.0875
vn 0.9395 -0.2961 -0.1722
vn -0.9896 -0.1244 -0.0724
vn 0.9288 -0.3204 -0.1863
vn -0.9935 -0.0982 -0.0571
vn 0.9172 -0.3444 -0.2003
vn -0.9966 -0.0717 -0.0417
vn 0.9048 -0.3681 -0.2140
vn -0.9986 -0.0450 -0.0262
vn 0.8916 -0.3914 -0.2276
vt 0.969697 0.000000
vt 1.000000 0.000000
vt 1.000000 1.000000
vt 0.969697 1.000000
vt 0.000000 0.000000
vt 0.030303 0.000000
vt 0.030303 1.000000
vt 0.000000 1.000000
vt 0.060606 0.000000
vt 0.060606 1.000000
vt 0.090909 0.000000
vt 0.090909 1.000000
vt 0.121212 0.000000
vt 0.121212 1.000000
vt 0.151515 0.000000
vt 0.151515 1.000000
vt 0.181818 0.000000
vt 0.181818 1.000000
vt 0.212121 0.000000
vt 0.212121 1.000000
vt 0.242424 0.000000
vt 0.242424 1.000000
vt 0.272727 0.000000
vt 0.272727 1.000000
vt 0.303030 0.000000
vt 0.303030 1.000000
vt 0.333333 0.000000
vt 0.333333 1.000000
vt 0.363636 0.000000
vt 0.363636 1.000000
vt 0.393939 0.000000
vt 0.393939 1.000000
vt 0.424242 0.000000
vt 0.424242 1.000000
vt 0.454545 0.000000
vt 0.454545 1.000000
vt 0.484848 0.000000
vt 0.484848 1.000000
vt 0.515152 0.000000
vt 0.515152 1.000000
vt 0.545455 0.000000
vt 0.545455 1.000000
vt 0.575758 0.000000
vt 0.575758 1.000000
vt 0.606061 0.000000
vt 0.606061 1.000000
vt 0.636364 0.000000
vt 0.636364 1.000000
vt 0.666667 0.000000
vt 0.666667 1.000000
vt 0.696970 0.000000
vt 0.696970 1.000000
vt 0.727273 0.000000
vt 0.727273 1.000000
vt 0.757576 0.000000
vt 0.757576 1.000000
vt 0.787879 0.000000
vt 0.787879 1.000000
vt 0.818182 0.000000
vt 0.818182 1.000000
vt 0.848485 0.000000
vt 0.848485 1.000000
vt 0.878788 0.000000
vt 0.878788 1.000000
vt 0.909091 0.000000
vt 0.909091 1.000000
vt 0.939394 0.000000
vt 0.939394 1.000000
s 0
usemtl 
f 364/161/177 330/162/177 332/163/177 365/164/177
f 329/165/178 333/166/178 396/167/178 331/168/178
f 333/166/179 334/169/179 395/170/179 396/167/179
f 334/169/180 335/171/180 394/172/180 395/170/180
f 335/171/181 336/173/181 393/174/181 394/172/181
f 336/173/182 337/175/182 392/176/182 393/174/182
f 337/175/183 338/177/183 391/178/183 392/176/183
f 338/177/184 339/179/184 390/180/184 391/178/184
f 339/179/185 340/181/185 389/182/185 390/180/185
f 340/181/186 341/183/186 388/184/186 389/182/186
f 341/183/187 342/185/187 387/186/187 388/184/187
f 342/185/188 343/187/188 386/188/188 387/186/188
f 343/187/189 344/189/189 385/190/189 386/188/189
f 344/189/190 345/191/190 384/192/190 385/190/190
f 345/191/191 346/193/191 383/194/191 384/192/191
f 346/193/192 347/195/192 382/196/192 383/194/192
f 347/195/193 348/197/193 381/198/193 382/196/193
f 348/197/194 349/199/194 380/200/194 381/198/194
f 349/199/195 350/201/195 379/202/195 380/200/195
f 350/201/196 351/203/196 378/204/196 379/202/196
f 351/203/197 352/205/197 377/206/197 378/204/197
f 352/205/198 353/207/198 376/208/198 377/206/198
f 353/207/199 354/209/199 375/210/199 376/208/199
f 354/209/200 355/211/200 374/212/200 375/210/200
f 355/211/201 356/213/201 373/214/201 374/212/201
f 356/213/202 357/215/202 372/216/202 373/214/202
f 357/215/203 358/217/203 371/218/203 372/216/203
f 358/217/204 359/219/204 370/220/204 371/218/204
f 359/219/205 360/221/205 369/222/205 370/220/205
f 360/221/206 361/223/206 368/224/206 369/222/206
f 361/223/207 362/225/207 367/226/207 368/224/207
f 362/225/208 363/227/208 366/228/208 367/226/208
f 363/227/209 364/161/209 365/164/209 366/228/209
f 432/161/210 398/162/210 400/163/210 433/164/210
f 397/165/211 401/166/211 464/167/211 399/168/211
f 401/166/212 402/169/212 463/170/212 464/167/212
f 402/169/213 403/171/213 462/172/213 463/170/213
f 403/171/180 404/173/180 461/174/180 462/172/180
f 404/173/214 405/175/214 460/176/214 461/174/214
f 405/175/215 406/177/215 459/178/215 460/176/215
f 406/177/216 407/179/216 458/180/216 459/178/216
f 407/179/217 408/181/217 457/182/217 458/180/217
f 408/181/218 409/183/218 456/184/218 457/182/218
f 409/183/219 410/185/219 455/186/219 456/184/219
f 410/185/220 411/187/220 454/188/220 455/186/220
f 411/187/221 412/189/221 453/190/221 454/188/221
f 412/189/222 413/191/222 452/192/222 453/190/222
f 413/191/223 414/193/223 451/194/223 452/192/223
f 414/193/224 415/195/224 450/196/224 451/194/224
f 415/195/225 416/197/225 449/198/225 450/196/225
f 416/197/226 417/199/226 448/200/226 449/198/226
f 417/199/227 418/201/227 447/202/227 448/200/227
f 418/201/228 419/203/228 446/204/228 447/202/228
f 419/203/229 420/205/229 445/206/229 446/204/229
f 420/205/230 421/207/230 444/208/230 445/206/230
f 421/207/231 422/209/231 443/210/231 444/208/231
f 422/209/232 423/211/232 442/212/232 443/210/232
f 423/211/233 424/213/233 441/214/233 442/212/233
f 424/213/234 425/215/234 440/216/234 441/214/234
f 425/215/235 426/217/235 439/218/235 440/216/235
f 426/217/236 427/219/236 438/220/236 439/218/236
f 427/219/237 428/221/237 437/222/237 438/220/237
f 428/221/238 429/223/238 436/224/238 437/222/238
f 429/223/239 430/225/239 435/226/239 436/224/239
f 430/225/240 431/227/240 434/228/240 435/226/240
f 431/227/241 432/161/241 433/164/241 434/228/241
f 500/161/242 466/162/242 468/163/242 501/164/242
f 465/165/243 469/166/243 532/167/243 467/168/243
f 469/166/244 470/169/244 531/170/244 532/167/244
f 470/169/245 471/171/245 530/172/245 531/170/245
f 471/171/246 472/173/246 529/174/246 530/172/246
f 472/173/247 473/175/247 528/176/247 529/174/247
f 473/175/248 474/177/248 527/178/248 528/176/248
f 474/177/249 475/179/249 526/180/249 527/178/249
f 475/179/250 476/181/250 525/182/250 526/180/250
f 476/181/251 477/183/251 524/184/251 525/182/251
f 477/183/252 478/185/252 523/186/252 524/184/252
f 478/185/253 479/187/253 522/188/253 523/186/253
f 479/187/254 480/189/254 521/190/254 522/188/254
f 480/189/255 481/191/255 520/192/255 521/190/255
f 481/191/256 482/193/256 519/194/256 520/192/256
f 482/193/257 483/195/257 518/196/257 519/194/257
f 483/195/258 484/197/258 517/198/258 518/196/258
f 484/197/259 485/199/259 516/200/259 517/198/259
f 485/199/260 486/201/260 515/202/260 516/200/260
f 486/201/261 487/203/261 514/204/261 515/202/261
f 487/203/262 488/205/262 513/206/262 514/204/262
f 488/205/263 489/207/263 512/208/263 513/206/263
f 489/207/264 490/209/264 511/210/264 512/208/264
f 490/209/265 491/211/265 510/212/265 511/210/265
f 491/211/266 492/213/266 509/214/266 510/212/266
f 492/213/267 493/215/267 508/216/267 509/214/267
f 493/215/268 494/217/268 507/218/268 508/216/268
f 494/217/269 495/219/269 506/220/269 507/218/269
f 495/219/270 496/221/270 505/222/270 506/220/270
f 496/221/271 497/223/271 504/224/271 505/222/271
f 497/223/272 498/225/272 503/226/272 504/224/272
f 498/225/273 499/227/273 502/228/273 503/226/273
f 499/227/274 500/161/274 501/164/274 502/228/274
f 568/161/275 534/162/275 536/163/275 569/164/275
f 533/165/276 537/166/276 600/167/276 535/168/276
f 537/166/277 538/169/277 599/170/277 600/167/277
f 538/169/278 539/171/278 598/172/278 599/170/278
f 539/171/212 540/173/212 597/174/212 598/172/212
f 540/173/279 541/175/279 596/176/279 597/174/279
f 541/175/280 542/177/280 595/178/280 596/176/280
f 542/177/281 543/179/281 594/180/281 595/178/281
f 543/179/282 544/181/282 593/182/282 594/180/282
f 544/181/283 545/183/283 592/184/283 593/182/283
f 545/183/284 546/185/284 591/186/284 592/184/284
f 546/185/285 547/187/285 590/188/285 591/186/285
f 547/187/286 548/189/286 589/190/286 590/188/286
f 548/189/287 549/191/287 588/192/287 589/190/287
f 549/191/288 550/193/288 587/194/288 588/192/288
f 550/193/289 551/195/289 586/196/289 587/194/289
f 551/195/290 552/197/290 585/198/290 586/196/290
f 552/197/291 553/199/291 584/200/291 585/198/291
f 553/199/292 554/201/292 583/202/292 584/200/292
f 554/201/293 555/203/293 582/204/293 583/202/293
f 555/203/294 556/205/294 581/206/294 582/204/294
f 556/205/295 557/207/295 580/208/295 581/206/295
f 557/207/296 558/209/296 579/210/296 580/208/296
f 558/209/297 559/211/297 578/212/297 579/210/297
f 559/211/298 560/213/298 577/214/298 578/212/298
f 560/213/299 561/215/299 576/216/299 577/214/299
f 561/215/300 562/217/300 575/218/300 576/216/300
f 562/217/301 563/219/301 574/220/301 575/218/301
f 563/219/302 564/221/302 573/222/302 574/220/302
f 564/221/303 565/223/303 572/224/303 573/222/303
f 565/223/304 566/225/304 571/226/304 572/224/304
f 566/225/305 567/227/305 570/228/305 571/226/305
f 567/227/306 568/161/306 569/164/306 570/228/306
f 636/161/307 602/162/307 604/163/307 637/164/307
f 601/165/308 605/166/308 668/167/308 603/168/308
f 605/166/309 606/169/309 667/170/309 668/167/309
f 606/169/277 607/171/277 666/172/277 667/170/277
f 607/171/310 608/173/310 665/174/310 666/172/310
f 608/173/311 609/175/311 664/176/311 665/174/311
f 609/175/312 610/177/312 663/178/312 664/176/312
f 610/177/313 611/179/313 662/180/313 663/178/313
f 611/179/314 612/181/314 661/182/314 662/180/314
f 612/181/315 613/183/315 660/184/315 661/182/315
f 613/183/282 614/185/282 659/186/282 660/184/282
f 614/185/249 615/187/249 658/188/249 659/186/249
f 615/187/316 616/189/316 657/190/316 658/188/316
f 616/189/317 617/191/317 656/192/317 657/190/317
f 617/191/318 618/193/318 655/194/318 656/192/318
f 618/193/319 619/195/319 654/196/319 655/194/319
f 619/195/320 620/197/320 653/198/320 654/196/320
f 620/197/321 621/199/321 652/200/321 653/198/321
f 621/199/322 622/201/322 651/202/322 652/200/322
f 622/201/323 623/203/323 650/204/323 651/202/323
f 623/203/324 624/205/324 649/206/324 650/204/324
f 624/205/325 625/207/325 648/208/325 649/206/325
f 625/207/326 626/209/326 647/210/326 648/208/326
f 626/209/327 627/211/327 646/212/327 647/210/327
f 627/211/328 628/213/328 645/214/328 646/212/328
f 628/213/329 629/215/329 644/216/329 645/214/329
f 629/215/330 630/217/330 643/218/330 644/216/330
f 630/217/331 631/219/331 642/220/331 643/218/331
f 631/219/332 632/221/332 641/222/332 642/220/332
f 632/221/333 633/223/333 640/224/333 641/222/333
f 633/223/334 634/225/334 639/226/334 640/224/334
f 634/225/335 635/227/335 638/228/335 639/226/335
f 635/227/336 636/161/336 637/164/336 638/228/336
f 704/161/337 670/162/337 672/163/337 705/164/337
f 669/165/338 673/166/338 736/167/338 671/168/338
f 673/166/339 674/169/339 735/170/339 736/167/339
f 674/169/340 675/171/340 734/172/340 735/170/340
f 675/171/341 676/173/341 733/174/341 734/172/341
f 676/173/342 677/175/342 732/176/342 733/174/342
f 677/175/343 678/177/343 731/178/343 732/176/343
f 678/177/344 679/179/344 730/180/344 731/178/344
f 679/179/345 680/181/345 729/182/345 730/180/345
f 680/181/346 681/183/346 728/184/346 729/182/346
f 681/183/347 682/185/347 727/186/347 728/184/347
f 682/185/348 683/187/348 726/188/348 727/186/348
f 683/187/291 684/189/291 725/190/291 726/188/291
f 684/189/349 685/191/349 724/192/349 725/190/349
f 685/191/350 686/193/350 723/194/350 724/192/350
f 686/193/351 687/195/351 722/196/351 723/194/351
f 687/195/352 688/197/352 721/198/352 722/196/352
f 688/197/353 689/199/353 720/200/353 721/198/353
f 689/199/354 690/201/354 719/202/354 720/200/354
f 690/201/355 691/203/355 718/204/355 719/202/355
f 691/203/356 692/205/356 717/206/356 718/204/356
f 692/205/357 693/207/357 716/208/357 717/206/357
f 693/207/358 694/209/358 715/210/358 716/208/358
f 694/209/359 695/211/359 714/212/359 715/210/359
f 695/211/360 696/213/360 713/214/360 714/212/360
f 696/213/361 697/215/361 712/216/361 713/214/361
f 697/215/362 698/217/362 711/218/362 712/216/362
f 698/217/363 699/219/363 710/220/363 711/218/363
f 699/219/364 700/221/364 709/222/364 710/220/364
f 700/221/365 701/223/365 708/224/365 709/222/365
f 701/223/366 702/225/366 707/226/366 708/224/366
f 702/225/367 703/227/367 706/228/367 707/226/367
f 703/227/368 704/161/368 705/164/368 706/228/368
f 772/161/369 738/162/369 740/163/369 773/164/369
f 737/165/370 741/166/370 804/167/370 739/168/370
f 741/166/338 742/169/338 803/170/338 804/167/338
f 742/169/371 743/171/371 802/172/371 803/170/371
f 743/171/372 744/173/372 801/174/372 802/172/372
f 744/173/373 745/175/373 800/176/373 801/174/373
f 745/175/374 746/177/374 799/178/374 800/176/374
f 746/177/375 747/179/375 798/180/375 799/178/375
f 747/179/376 748/181/376 797/182/376 798/180/376
f 748/181/377 749/183/377 796/184/377 797/182/377
f 749/183/378 750/185/378 795/186/378 796/184/378
f 750/185/379 751/187/379 794/188/379 795/186/379
f 751/187/380 752/189/380 793/190/380 794/188/380
f 752/189/381 753/191/381 792/192/381 793/190/381
f 753/191/382 754/193/382 791/194/382 792/192/382
f 754/193/383 755/195/383 790/196/383 791/194/383
f 755/195/384 756/197/384 789/198/384 790/196/384
f 756/197/385 757/199/385 788/200/385 789/198/385
f 757/199/386 758/201/386 787/202/386 788/200/386
f 758/201/387 759/203/387 786/204/387 787/202/387
f 759/203/388 760/205/388 785/206/388 786/204/388
f 760/205/389 761/207/389 784/208/389 785/206/389
f 761/207/390 762/209/390 783/210/390 784/208/390
f 762/209/391 763/211/391 782/212/391 783/210/391
f 763/211/392 764/213/392 781/214/392 782/212/392
f 764/213/393 765/215/393 780/216/393 781/214/393
f 765/215/394 766/217/394 779/218/394 780/216/394
f 766/217/395 767/219/395 778/220/395 779/218/395
f 767/219/396 768/221/396 777/222/396 778/220/396
f 768/221/397 769/223/397 776/224/397 777/222/397
f 769/223/398 770/225/398 775/226/398 776/224/398
f 770/225/399 771/227/399 774/228/399 775/226/399
f 771/227/400 772/161/400 773/164/400 774/228/400
f 840/161/401 806/162/401 808/163/401 841/164/401
f 805/165/402 809/166/402 872/167/402 807/168/402
f 809/166/403 810/169/403 871/170/403 872/167/403
f 810/169/404 811/171/404 870/172/404 871/170/404
f 811/171/405 812/173/405 869/174/405 870/172/405
f 812/173/406 813/175/406 868/176/406 869/174/406
f 813/175/407 814/177/407 867/178/407 868/176/407
f 814/177/408 815/179/408 866/180/408 867/178/408
f 815/179/409 816/181/409 865/182/409 866/180/409
f 816/181/410 817/183/410 864/184/410 865/182/410
f 817/183/411 818/185/411 863/186/411 864/184/411
f 818/185/412 819/187/412 862/188/412 863/186/412
f 819/187/413 820/189/413 861/190/413 862/188/413
f 820/189/414 821/191/414 860/192/414 861/190/414
f 821/191/415 822/193/415 859/194/415 860/192/415
f 822/193/416 823/195/416 858/196/416 859/194/416
f 823/195/417 824/197/417 857/198/417 858/196/417
f 824/197/418 825/199/418 856/200/418 857/198/418
f 825/199/419 826/201/419 855/202/419 856/200/419
f 826/201/420 827/203/420 854/204/420 855/202/420
f 827/203/421 828/205/421 853/206/421 854/204/421
f 828/205/422 829/207/422 852/208/422 853/206/422
f 829/207/423 830/209/423 851/210/423 852/208/423
f 830/209/424 831/211/424 850/212/424 851/210/424
f 831/211/425 832/213/425 849/214/425 850/212/425
f 832/213/426 833/215/426 848/216/426 849/214/426
f 833/215/427 834/217/427 847/218/427 848/216/427
f 834/217/428 835/219/428 846/220/428 847/218/428
f 835/219/429 836/221/429 845/222/429 846/220/429
f 836/221/430 837/223/430 844/224/430 845/222/430
f 837/223/431 838/225/431 843/226/431 844/224/431
f 838/225/432 839/227/432 842/228/432 843/226/432
f 839/227/433 840/161/433 841/164/433 842/228/433
f 908/161/434 874/162/434 876/163/434 909/164/434
f 873/165/435 877/166/435 940/167/435 875/168/435
f 877/166/436 878/169/436 939/170/436 940/167/436
f 878/169/437 879/171/437 938/172/437 939/170/437
f 879/171/438 880/173/438 937/174/438 938/172/438
f 880/173/439 881/175/439 936/176/439 937/174/439
f 881/175/440 882/177/440 935/178/440 936/176/440
f 882/177/441 883/179/441 934/180/441 935/178/441
f 883/179/442 884/181/442 933/182/442 934/180/442
f 884/181/443 885/183/443 932/184/443 933/182/443
f 885/183/444 886/185/444 931/186/444 932/184/444
f 886/185/445 887/187/445 930/188/445 931/186/445
f 887/187/446 888/189/446 929/190/446 930/188/446
f 888/189/447 889/191/447 928/192/447 929/190/447
f 889/191/448 890/193/448 927/194/448 928/192/448
f 890/193/449 891/195/449 926/196/449 927/194/449
f 891/195/450 892/197/450 925/198/450 926/196/450
f 892/197/451 893/199/451 924/200/451 925/198/451
f 893/199/452 894/201/452 923/202/452 924/200/452
f 894/201/453 895/203/453 922/204/453 923/202/453
f 895/203/454 896/205/454 921/206/454 922/204/454
f 896/205/455 897/207/455 920/208/455 921/206/455
f 897/207/456 898/209/456 919/210/456 920/208/456
f 898/209/457 899/211/457 918/212/457 919/210/457
f 899/211/458 900/213/458 917/214/458 918/212/458
f 900/213/459 901/215/459 916/216/459 917/214/459
f 901/215/460 902/217/460 915/218/460 916/216/460
f 902/217/461 903/219/461 914/220/461 915/218/461
f 903/219/462 904/221/462 913/222/462 914/220/462
f 904/221/463 905/223/463 912/224/463 913/222/463
f 905/223/464 906/225/464 911/226/464 912/224/464
f 906/225/465 907/227/465 910/228/465 911/226/465
f 907/227/466 908/161/466 909/164/466 910/228/466
f 976/161/467 942/162/467 944/163/467 977/164/467
f 941/165/468 945/166/468 1008/167/468 943/168/468
f 945/166/469 946/169/469 1007/170/469 1008/167/469
f 946/169/470 947/171/470 1006/172/470 1007/170/470
f 947/171/471 948/173/471 1005/174/471 1006/172/471
f 948/173/472 949/175/472 1004/176/472 1005/174/472
f 949/175/473 950/177/473 1003/178/473 1004/176/473
f 950/177/474 951/179/474 1002/180/474 1003/178/474
f 951/179/475 952/181/475 1001/182/475 1002/180/475
f 952/181/476 953/183/476 1000/184/476 1001/182/476
f 953/183/477 954/185/477 999/186/477 1000/184/477
f 954/185/478 955/187/478 998/188/478 999/186/478
f 955/187/479 956/189/479 997/190/479 998/188/479
f 956/189/480 957/191/480 996/192/480 997/190/480
f 957/191/481 958/193/481 995/194/481 996/192/481
f 958/193/482 959/195/482 994/196/482 995/194/482
f 959/195/483 960/197/483 993/198/483 994/196/483
f 960/197/484 961/199/484 992/200/484 993/198/484
f 961/199/485 962/201/485 991/202/485 992/200/485
f 962/201/486 963/203/486 990/204/486 991/202/486
f 963/203/487 964/205/487 989/206/487 990/204/487
f 964/205/488 965/207/488 988/208/488 989/206/488
f 965/207/489 966/209/489 987/210/489 988/208/489
f 966/209/490 967/211/490 986/212/490 987/210/490
f 967/211/491 968/213/491 985/214/491 986/212/491
f 968/213/492 969/215/492 984/216/492 985/214/492
f 969/215/493 970/217/493 983/218/493 984/216/493
f 970/217/494 971/219/494 982/220/494 983/218/494
f 971/219/495 972/221/495 981/222/495 982/220/495
f 972/221/496 973/223/496 980/224/496 981/222/496
f 973/223/497 974/225/497 979/226/497 980/224/497
f 974/225/498 975/227/498 978/228/498 979/226/498
f 975/227/499 976/161/499 977/164/499 978/228/499
f 1044/161/500 1010/162/500 1012/163/500 1045/164/500
f 1009/165/501 1013/166/501 1076/167/501 1011/168/501
f 1013/166/502 1014/169/502 1075/170/502 1076/167/502
f 1014/169/503 1015/171/503 1074/172/503 1075/170/503
f 1015/171/504 1016/173/504 1073/174/504 1074/172/504
f 1016/173/505 1017/175/505 1072/176/505 1073/174/505
f 1017/175/506 1018/177/506 1071/178/506 1072/176/506
f 1018/177/507 1019/179/507 1070/180/507 1071/178/507
f 1019/179/508 1020/181/508 1069/182/508 1070/180/508
f 1020/181/509 1021/183/509 1068/184/509 1069/182/509
f 1021/183/510 1022/185/510 1067/186/510 1068/184/510
f 1022/185/511 1023/187/511 1066/188/511 1067/186/511
f 1023/187/512 1024/189/512 1065/190/512 1066/188/512
f 1024/189/513 1025/191/513 1064/192/513 1065/190/513
f 1025/191/514 1026/193/514 1063/194/514 1064/192/514
f 1026/193/515 1027/195/515 1062/196/515 1063/194/515
f 1027/195/516 1028/197/516 1061/198/516 1062/196/516
f 1028/197/517 1029/199/517 1060/200/517 1061/198/517
f 1029/199/518 1030/201/518 1059/202/518 1060/200/518
f 1030/201/519 1031/203/519 1058/204/519 1059/202/519
f 1031/203/520 1032/205/520 1057/206/520 1058/204/520
f 1032/205/521 1033/207/521 1056/208/521 1057/206/521
f 1033/207/522 1034/209/522 1055/210/522 1056/208/522
f 1034/209/523 1035/211/523 1054/212/523 1055/210/523
f 1035/211/524 1036/213/524 1053/214/524 1054/212/524
f 1036/213/525 1037/215/525 1052/216/525 1053/214/525
f 1037/215/526 1038/217/526 1051/218/526 1052/216/526
f 1038/217/527 1039/219/527 1050/220/527 1051/218/527
f 1039/219/528 1040/221/528 1049/222/528 1050/220/528
f 1040/221/529 1041/223/529 1048/224/529 1049/222/529
f 1041/223/530 1042/225/530 1047/226/530 1048/224/530
f 1042/225/531 1043/227/531 1046/228/531 1047/226/531
f 1043/227/532 1044/161/532 1045/164/532 1046/228/532
f 1112/161/533 1113/164/533 1080/163/533 1078/162/533
f 1077/165/534 1079/168/534 1144/167/534 1081/166/534
f 1081/166/535 1144/167/535 1143/170/535 1082/169/535
f 1082/169/536 1143/170/536 1142/172/536 1083/171/536
f 1083/171/537 1142/172/537 1141/174/537 1084/173/537
f 1084/173/538 1141/174/538 1140/176/538 1085/175/538
f 1085/175/539 1140/176/539 1139/178/539 1086/177/539
f 1086/177/540 1139/178/540 1138/180/540 1087/179/540
f 1087/179/541 1138/180/541 1137/182/541 1088/181/541
f 1088/181/542 1137/182/542 1136/184/542 1089/183/542
f 1089/183/543 1136/184/543 1135/186/543 1090/185/543
f 1090/185/544 1135/186/544 1134/188/544 1091/187/544
f 1091/187/545 1134/188/545 1133/190/545 1092/189/545
f 1092/189/546 1133/190/546 1132/192/546 1093/191/546
f 1093/191/547 1132/192/547 1131/194/547 1094/193/547
f 1094/193/548 1131/194/548 1130/196/548 1095/195/548
f 1095/195/549 1130/196/549 1129/198/549 1096/197/549
f 1096/197/550 1129/198/550 1128/200/550 1097/199/550
f 1097/199/551 1128/200/551 1127/202/551 1098/201/551
f 1098/201/552 1127/202/552 1126/204/552 1099/203/552
f 1099/203/553 1126/204/553 1125/206/553 1100/205/553
f 1100/205/554 1125/206/554 1124/208/554 1101/207/554
f 1101/207/555 1124/208/555 1123/210/555 1102/209/555
f 1102/209/556 1123/210/556 1122/212/556 1103/211/556
f 1103/211/557 1122/212/557 1121/214/557 1104/213/557
f 1104/213/558 1121/214/558 1120/216/558 1105/215/558
f 1105/215/559 1120/216/559 1119/218/559 1106/217/559
f 1106/217/560 1119/218/560 1118/220/560 1107/219/560
f 1107/219/561 1118/220/561 1117/222/561 1108/221/561
f 1108/221/562 1117/222/562 1116/224/562 1109/223/562
f 1109/223/563 1116/224/563 1115/226/563 1110/225/563
f 1110/225/564 1115/226/564 1114/228/564 1111/227/564
f 1111/227/565 1114/228/565 1113/164/565 1112/161/565
f 1180/161/566 1181/164/566 1148/163/566 1146/162/566
f 1145/165/567 1147/168/567 1212/167/567 1149/166/567
f 1149/166/568 1212/167/568 1211/170/568 1150/169/568
f 1150/169/569 1211/170/569 1210/172/569 1151/171/569
f 1151/171/536 1210/172/536 1209/174/536 1152/173/536
f 1152/173/570 1209/174/570 1208/176/570 1153/175/570
f 1153/175/571 1208/176/571 1207/178/571 1154/177/571
f 1154/177/572 1207/178/572 1206/180/572 1155/179/572
f 1155/179/573 1206/180/573 1205/182/573 1156/181/573
f 1156/181/574 1205/182/574 1204/184/574 1157/183/574
f 1157/183/575 1204/184/575 1203/186/575 1158/185/575
f 1158/185/576 1203/186/576 1202/188/576 1159/187/576
f 1159/187/577 1202/188/577 1201/190/577 1160/189/577
f 1160/189/578 1201/190/578 1200/192/578 1161/191/578
f 1161/191/579 1200/192/579 1199/194/579 1162/193/579
f 1162/193/580 1199/194/580 1198/196/580 1163/195/580
f 1163/195/581 1198/196/581 1197/198/581 1164/197/581
f 1164/197/582 1197/198/582 1196/200/582 1165/199/582
f 1165/199/583 1196/200/583 1195/202/583 1166/201/583
f 1166/201/584 1195/202/584 1194/204/584 1167/203/584
f 1167/203/585 1194/204/585 1193/206/585 1168/205/585
f 1168/205/586 1193/206/586 1192/208/586 1169/207/586
f 1169/207/587 1192/208/587 1191/210/587 1170/209/587
f 1170/209/588 1191/210/588 1190/212/588 1171/211/588
f 1171/211/589 1190/212/589 1189/214/589 1172/213/589
f 1172/213/590 1189/214/590 1188/216/590 1173/215/590
f 1173/215/591 1188/216/591 1187/218/591 1174/217/591
f 1174/217/592 1187/218/592 1186/220/592 1175/219/592
f 1175/219/593 1186/220/593 1185/222/593 1176/221/593
f 1176/221/594 1185/222/594 1184/224/594 1177/223/594
f 1177/223/595 1184/224/595 1183/226/595 1178/225/595
f 1178/225/596 1183/226/596 1182/228/596 1179/227/596
f 1179/227/597 1182/228/597 1181/164/597 1180/161/597
f 1248/161/598 1249/164/598 1216/163/598 1214/162/598
f 1213/165/599 1215/168/599 1280/167/599 1217/166/599
f 1217/166/600 1280/167/600 1279/170/600 1218/169/600
f 1218/169/601 1279/170/601 1278/172/601 1219/171/601
f 1219/171/602 1278/172/602 1277/174/602 1220/173/602
f 1220/173/603 1277/174/603 1276/176/603 1221/175/603
f 1221/175/604 1276/176/604 1275/178/604 1222/177/604
f 1222/177/605 1275/178/605 1274/180/605 1223/179/605
f 1223/179/606 1274/180/606 1273/182/606 1224/181/606
f 1224/181/607 1273/182/607 1272/184/607 1225/183/607
f 1225/183/608 1272/184/608 1271/186/608 1226/185/608
f 1226/185/609 1271/186/609 1270/188/609 1227/187/609
f 1227/187/610 1270/188/610 1269/190/610 1228/189/610
f 1228/189/611 1269/190/611 1268/192/611 1229/191/611
f 1229/191/612 1268/192/612 1267/194/612 1230/193/612
f 1230/193/613 1267/194/613 1266/196/613 1231/195/613
f 1231/195/614 1266/196/614 1265/198/614 1232/197/614
f 1232/197/615 1265/198/615 1264/200/615 1233/199/615
f 1233/199/616 1264/200/616 1263/202/616 1234/201/616
f 1234/201/617 1263/202/617 1262/204/617 1235/203/617
f 1235/203/618 1262/204/618 1261/206/618 1236/205/618
f 1236/205/619 1261/206/619 1260/208/619 1237/207/619
f 1237/207/620 1260/208/620 1259/210/620 1238/209/620
f 1238/209/621 1259/210/621 1258/212/621 1239/211/621
f 1239/211/622 1258/212/622 1257/214/622 1240/213/622
f 1240/213/623 1257/214/623 1256/216/623 1241/215/623
f 1241/215/624 1256/216/624 1255/218/624 1242/217/624
f 1242/217/625 1255/218/625 1254/220/625 1243/219/625
f 1243/219/626 1254/220/626 1253/222/626 1244/221/626
f 1244/221/627 1253/222/627 1252/224/627 1245/223/627
f 1245/223/628 1252/224/628 1251/226/628 1246/225/628
f 1246/225/629 1251/226/629 1250/228/629 1247/227/629
f 1247/227/630 1250/228/630 1249/164/630 1248/161/630
f 1316/161/631 1317/164/631 1284/163/631 1282/162/631
f 1281/165/632 1283/168/632 1348/167/632 1285/166/632
f 1285/166/633 1348/167/633 1347/170/633 1286/169/633
f 1286/169/634 1347/170/634 1346/172/634 1287/171/634
f 1287/171/568 1346/172/568 1345/174/568 1288/173/568
f 1288/173/635 1345/174/635 1344/176/635 1289/175/635
f 1289/175/636 1344/176/636 1343/178/636 1290/177/636
f 1290/177/637 1343/178/637 1342/180/637 1291/179/637
f 1291/179/638 1342/180/638 1341/182/638 1292/181/638
f 1292/181/639 1341/182/639 1340/184/639 1293/183/639
f 1293/183/640 1340/184/640 1339/186/640 1294/185/640
f 1294/185/641 1339/186/641 1338/188/641 1295/187/641
f 1295/187/642 1338/188/642 1337/190/642 1296/189/642
f 1296/189/643 1337/190/643 1336/192/643 1297/191/643
f 1297/191/644 1336/192/644 1335/194/644 1298/193/644
f 1298/193/645 1335/194/645 1334/196/645 1299/195/645
f 1299/195/646 1334/196/646 1333/198/646 1300/197/646
f 1300/197/647 1333/198/647 1332/200/647 1301/199/647
f 1301/199/648 1332/200/648 1331/202/648 1302/201/648
f 1302/201/649 1331/202/649 1330/204/649 1303/203/649
f 1303/203/650 1330/204/650 1329/206/650 1304/205/650
f 1304/205/651 1329/206/651 1328/208/651 1305/207/651
f 1305/207/652 1328/208/652 1327/210/652 1306/209/652
f 1306/209/653 1327/210/653 1326/212/653 1307/211/653
f 1307/211/654 1326/212/654 1325/214/654 1308/213/654
f 1308/213/655 1325/214/655 1324/216/655 1309/215/655
f 1309/215/656 1324/216/656 1323/218/656 1310/217/656
f 1310/217/657 1323/218/657 1322/220/657 1311/219/657
f 1311/219/658 1322/220/658 1321/222/658 1312/221/658
f 1312/221/659 1321/222/659 1320/224/659 1313/223/659
f 1313/223/660 1320/224/660 1319/226/660 1314/225/660
f 1314/225/661 1319/226/661 1318/228/661 1315/227/661
f 1315/227/662 1318/228/662 1317/164/662 1316/161/662
f 1384/161/663 1385/164/663 1352/163/663 1350/162/663
f 1349/165/664 1351/168/664 1416/167/664 1353/166/664
f 1353/166/665 1416/167/665 1415/170/665 1354/169/665
f 1354/169/633 1415/170/633 1414/172/633 1355/171/633
f 1355/171/666 1414/172/666 1413/174/666 1356/173/666
f 1356/173/667 1413/174/667 1412/176/667 1357/175/667
f 1357/175/668 1412/176/668 1411/178/668 1358/177/668
f 1358/177/669 1411/178/669 1410/180/669 1359/179/669
f 1359/179/670 1410/180/670 1409/182/670 1360/181/670
f 1360/181/671 1409/182/671 1408/184/671 1361/183/671
f 1361/183/638 1408/184/638 1407/186/638 1362/185/638
f 1362/185/605 1407/186/605 1406/188/605 1363/187/605
f 1363/187/672 1406/188/672 1405/190/672 1364/189/672
f 1364/189/673 1405/190/673 1404/192/673 1365/191/673
f 1365/191/674 1404/192/674 1403/194/674 1366/193/674
f 1366/193/675 1403/194/675 1402/196/675 1367/195/675
f 1367/195/676 1402/196/676 1401/198/676 1368/197/676
f 1368/197/677 1401/198/677 1400/200/677 1369/199/677
f 1369/199/678 1400/200/678 1399/202/678 1370/201/678
f 1370/201/679 1399/202/679 1398/204/679 1371/203/679
f 1371/203/680 1398/204/680 1397/206/680 1372/205/680
f 1372/205/681 1397/206/681 1396/208/681 1373/207/681
f 1373/207/682 1396/208/682 1395/210/682 1374/209/682
f 1374/209/683 1395/210/683 1394/212/683 1375/211/683
f 1375/211/684 1394/212/684 1393/214/684 1376/213/684
f 1376/213/685 1393/214/685 1392/216/685 1377/215/685
f 1377/215/686 1392/216/686 1391/218/686 1378/217/686
f 1378/217/687 1391/218/687 1390/220/687 1379/219/687
f 1379/219/688 1390/220/688 1389/222/688 1380/221/688
f 1380/221/689 1389/222/689 1388/224/689 1381/223/689
f 1381/223/690 1388/224/690 1387/226/690 1382/225/690
f 1382/225/691 1387/226/691 1386/228/691 1383/227/691
f 1383/227/692 1386/228/692 1385/164/692 1384/161/692
f 1452/161/693 1453/164/693 1420/163/693 1418/162/693
f 1417/165/694 1419/168/694 1484/167/694 1421/166/694
f 1421/166/695 1484/167/695 1483/170/695 1422/169/695
f 1422/169/696 1483/170/696 1482/172/696 1423/171/696
f 1423/171/697 1482/172/697 1481/174/697 1424/173/697
f 1424/173/698 1481/174/698 1480/176/698 1425/175/698
f 1425/175/699 1480/176/699 1479/178/699 1426/177/699
f 1426/177/700 1479/178/700 1478/180/700 1427/179/700
f 1427/179/701 1478/180/701 1477/182/701 1428/181/701
f 1428/181/702 1477/182/702 1476/184/702 1429/183/702
f 1429/183/703 1476/184/703 1475/186/703 1430/185/703
f 1430/185/704 1475/186/704 1474/188/704 1431/187/704
f 1431/187/647 1474/188/647 1473/190/647 1432/189/647
f 1432/189/705 1473/190/705 1472/192/705 1433/191/705
f 1433/191/706 1472/192/706 1471/194/706 1434/193/706
f 1434/193/707 1471/194/707 1470/196/707 1435/195/707
f 1435/195/708 1470/196/708 1469/198/708 1436/197/708
f 1436/197/709 1469/198/709 1468/200/709 1437/199/709
f 1437/199/710 1468/200/710 1467/202/710 1438/201/710
f 1438/201/711 1467/202/711 1466/204/711 1439/203/711
f 1439/203/712 1466/204/712 1465/206/712 1440/205/712
f 1440/205/713 1465/206/713 1464/208/713 1441/207/713
f 1441/207/714 1464/208/714 1463/210/714 1442/209/714
f 1442/209/715 1463/210/715 1462/212/715 1443/211/715
f 1443/211/716 1462/212/716 1461/214/716 1444/213/716
f 1444/213/717 1461/214/717 1460/216/717 1445/215/717
f 1445/215/718 1460/216/718 1459/218/718 1446/217/718
f 1446/217/719 1459/218/719 1458/220/719 1447/219/719
f 1447/219/720 1458/220/720 1457/222/720 1448/221/720
f 1448/221/721 1457/222/721 1456/224/721 1449/223/721
f 1449/223/722 1456/224/722 1455/226/722 1450/225/722
f 1450/225/723 1455/226/723 1454/228/723 1451/227/723
f 1451/227/724 1454/228/724 1453/164/724 1452/161/724
f 1520/161/725 1521/164/725 1488/163/725 1486/162/725
f 1485/165/726 1487/168/726 1552/167/726 1489/166/726
f 1489/166/727 1552/167/727 1551/170/727 1490/169/727
f 1490/169/728 1551/170/728 1550/172/728 1491/171/728
f 1491/171/729 1550/172/729 1549/174/729 1492/173/729
f 1492/173/730 1549/174/730 1548/176/730 1493/175/730
f 1493/175/731 1548/176/731 1547/178/731 1494/177/731
f 1494/177/732 1547/178/732 1546/180/732 1495/179/732
f 1495/179/733 1546/180/733 1545/182/733 1496/181/733
f 1496/181/734 1545/182/734 1544/184/734 1497/183/734
f 1497/183/735 1544/184/735 1543/186/735 1498/185/735
f 1498/185/736 1543/186/736 1542/188/736 1499/187/736
f 1499/187/737 1542/188/737 1541/190/737 1500/189/737
f 1500/189/738 1541/190/738 1540/192/738 1501/191/738
f 1501/191/739 1540/192/739 1539/194/739 1502/193/739
f 1502/193/740 1539/194/740 1538/196/740 1503/195/740
f 1503/195/741 1538/196/741 1537/198/741 1504/197/741
f 1504/197/742 1537/198/742 1536/200/742 1505/199/742
f 1505/199/743 1536/200/743 1535/202/743 1506/201/743
f 1506/201/744 1535/202/744 1534/204/744 1507/203/744
f 1507/203/745 1534/204/745 1533/206/745 1508/205/745
f 1508/205/746 1533/206/746 1532/208/746 1509/207/746
f 1509/207/747 1532/208/747 1531/210/747 1510/209/747
f 1510/209/748 1531/210/748 1530/212/748 1511/211/748
f 1511/211/749 1530/212/749 1529/214/749 1512/213/749
f 1512/213/750 1529/214/750 1528/216/750 1513/215/750
f 1513/215/751 1528/216/751 1527/218/751 1514/217/751
f 1514/217/752 1527/218/752 1526/220/752 1515/219/752
f 1515/219/753 1526/220/753 1525/222/753 1516/221/753
f 1516/221/754 1525/222/754 1524/224/754 1517/223/754
f 1517/223/755 1524/224/755 1523/226/755 1518/225/755
f 1518/225/756 1523/226/756 1522/228/756 1519/227/756
f 1519/227/757 1522/228/757 1521/164/757 1520/161/757
f 1588/161/758 1589/164/758 1556/163/758 1554/162/758
f 1553/165/759 1555/168/759 1620/167/759 1557/166/759
f 1557/166/760 1620/167/760 1619/170/760 1558/169/760
f 1558/169/761 1619/170/761 1618/172/761 1559/171/761
f 1559/171/762 1618/172/762 1617/174/762 1560/173/762
f 1560/173/763 1617/174/763 1616/176/763 1561/175/763
f 1561/175/764 1616/176/764 1615/178/764 1562/177/764
f 1562/177/765 1615/178/765 1614/180/765 1563/179/765
f 1563/179/766 1614/180/766 1613/182/766 1564/181/766
f 1564/181/767 1613/182/767 1612/184/767 1565/183/767
f 1565/183/768 1612/184/768 1611/186/768 1566/185/768
f 1566/185/769 1611/186/769 1610/188/769 1567/187/769
f 1567/187/770 1610/188/770 1609/190/770 1568/189/770
f 1568/189/771 1609/190/771 1608/192/771 1569/191/771
f 1569/191/772 1608/192/772 1607/194/772 1570/193/772
f 1570/193/773 1607/194/773 1606/196/773 1571/195/773
f 1571/195/774 1606/196/774 1605/198/774 1572/197/774
f 1572/197/775 1605/198/775 1604/200/775 1573/199/775
f 1573/199/776 1604/200/776 1603/202/776 1574/201/776
f 1574/201/777 1603/202/777 1602/204/777 1575/203/777
f 1575/203/778 1602/204/778 1601/206/778 1576/205/778
f 1576/205/779 1601/206/779 1600/208/779 1577/207/779
f 1577/207/780 1600/208/780 1599/210/780 1578/209/780
f 1578/209/781 1599/210/781 1598/212/781 1579/211/781
f 1579/211/782 1598/212/782 1597/214/782 1580/213/782
f 1580/213/783 1597/214/783 1596/216/783 1581/215/783
f 1581/215/784 1596/216/784 1595/218/784 1582/217/784
f 1582/217/785 1595/218/785 1594/220/785 1583/219/785
f 1583/219/786 1594/220/786 1593/222/786 1584/221/786
f 1584/221/787 1593/222/787 1592/224/787 1585/223/787
f 1585/223/788 1592/224/788 1591/226/788 1586/225/788
f 1586/225/789 1591/226/789 1590/228/789 1587/227/789
f 1587/227/790 1590/228/790 1589/164/790 1588/161/790
f 1656/161/791 1657/164/791 1624/163/791 1622/162/791
f 1621/165/792 1623/168/792 1688/167/792 1625/166/792
f 1625/166/793 1688/167/793 1687/170/793 1626/169/793
f 1626/169/794 1687/170/794 1686/172/794 1627/171/794
f 1627/171/795 1686/172/795 1685/174/795 1628/173/795
f 1628/173/796 1685/174/796 1684/176/796 1629/175/796
f 1629/175/797 1684/176/797 1683/178/797 1630/177/797
f 1630/177/798 1683/178/798 1682/180/798 1631/179/798
f 1631/179/799 1682/180/799 1681/182/799 1632/181/799
f 1632/181/800 1681/182/800 1680/184/800 1633/183/800
f 1633/183/801 1680/184/801 1679/186/801 1634/185/801
f 1634/185/802 1679/186/802 1678/188/802 1635/187/802
f 1635/187/803 1678/188/803 1677/190/803 1636/189/803
f 1636/189/804 1677/190/804 1676/192/804 1637/191/804
f 1637/191/805 1676/192/805 1675/194/805 1638/193/805
f 1638/193/806 1675/194/806 1674/196/806 1639/195/806
f 1639/195/807 1674/196/807 1673/198/807 1640/197/807
f 1640/197/808 1673/198/808 1672/200/808 1641/199/808
f 1641/199/809 1672/200/809 1671/202/809 1642/201/809
f 1642/201/810 1671/202/810 1670/204/810 1643/203/810
f 1643/203/811 1670/204/811 1669/206/811 1644/205/811
f 1644/205/812 1669/206/812 1668/208/812 1645/207/812
f 1645/207/813 1668/208/813 1667/210/813 1646/209/813
f 1646/209/814 1667/210/814 1666/212/814 1647/211/814
f 1647/211/815 1666/212/815 1665/214/815 1648/213/815
f 1648/213/816 1665/214/816 1664/216/816 1649/215/816
f 1649/215/817 1664/216/817 1663/218/817 1650/217/817
f 1650/217/818 1663/218/818 1662/220/818 1651/219/818
f 1651/219/819 1662/220/819 1661/222/819 1652/221/819
f 1652/221/820 1661/222/820 1660/224/820 1653/223/820
f 1653/223/821 1660/224/821 1659/226/821 1654/225/821
f 1654/225/822 1659/226/822 1658/228/822 1655/227/822
f 1655/227/823 1658/228/823 1657/164/823 1656/161/823
f 1724/161/824 1725/164/824 1692/163/824 1690/162/824
f 1689/165/825 1691/168/825 1756/167/825 1693/166/825
f 1693/166/826 1756/167/826 1755/170/826 1694/169/826
f 1694/169/827 1755/170/827 1754/172/827 1695/171/827
f 1695/171/828 1754/172/828 1753/174/828 1696/173/828
f 1696/173/829 1753/174/829 1752/176/829 1697/175/829
f 1697/175/830 1752/176/830 1751/178/830 1698/177/830
f 1698/177/831 1751/178/831 1750/180/831 1699/179/831
f 1699/179/832 1750/180/832 1749/182/832 1700/181/832
f 1700/181/833 1749/182/833 1748/184/833 1701/183/833
f 1701/183/834 1748/184/834 1747/186/834 1702/185/834
f 1702/185/835 1747/186/835 1746/188/835 1703/187/835
f 1703/187/836 1746/188/836 1745/190/836 1704/189/836
f 1704/189/837 1745/190/837 1744/192/837 1705/191/837
f 1705/191/838 1744/192/838 1743/194/838 1706/193/838
f 1706/193/839 1743/194/839 1742/196/839 1707/195/839
f 1707/195/840 1742/196/840 1741/198/840 1708/197/840
f 1708/197/841 1741/198/841 1740/200/841 1709/199/841
f 1709/199/842 1740/200/842 1739/202/842 1710/201/842
f 1710/201/843 1739/202/843 1738/204/843 1711/203/843
f 1711/203/844 1738/204/844 1737/206/844 1712/205/844
f 1712/205/845 1737/206/845 1736/208/845 1713/207/845
f 1713/207/846 1736/208/846 1735/210/846 1714/209/846
f 1714/209/847 1735/210/847 1734/212/847 1715/211/847
f 1715/211/848 1734/212/848 1733/214/848 1716/213/848
f 1716/213/849 1733/214/849 1732/216/849 1717/215/849
f 1717/215/850 1732/216/850 1731/218/850 1718/217/850
f 1718/217/851 1731/218/851 1730/220/851 1719/219/851
f 1719/219/852 1730/220/852 1729/222/852 1720/221/852
f 1720/221/853 1729/222/853 1728/224/853 1721/223/853
f 1721/223/854 1728/224/854 1727/226/854 1722/225/854
f 1722/225/855 1727/226/855 1726/228/855 1723/227/855
f 1723/227/856 1726/228/856 1725/164/856 1724/161/856
f 1792/161/857 1793/164/857 1760/163/857 1758/162/857
f 1757/165/858 1759/168/858 1824/167/858 1761/166/858
f 1761/166/859 1824/167/859 1823/170/859 1762/169/859
f 1762/169/860 1823/170/860 1822/172/860 1763/171/860
f 1763/171/861 1822/172/861 1821/174/861 1764/173/861
f 1764/173/862 1821/174/862 1820/176/862 1765/175/862
f 1765/175/863 1820/176/863 1819/178/863 1766/177/863
f 1766/177/864 1819/178/864 1818/180/864 1767/179/864
f 1767/179/865 1818/180/865 1817/182/865 1768/181/865
f 1768/181/866 1817/182/866 1816/184/866 1769/183/866
f 1769/183/867 1816/184/867 1815/186/867 1770/185/867
f 1770/185/868 1815/186/868 1814/188/868 1771/187/868
f 1771/187/869 1814/188/869 1813/190/869 1772/189/869
f 1772/189/870 1813/190/870 1812/192/870 1773/191/870
f 1773/191/871 1812/192/871 1811/194/871 1774/193/871
f 1774/193/872 1811/194/872 1810/196/872 1775/195/872
f 1775/195/873 1810/196/873 1809/198/873 1776/197/873
f 1776/197/874 1809/198/874 1808/200/874 1777/199/874
f 1777/199/875 1808/200/875 1807/202/875 1778/201/875
f 1778/201/876 1807/202/876 1806/204/876 1779/203/876
f 1779/203/877 1806/204/877 1805/206/877 1780/205/877
f 1780/205/878 1805/206/878 1804/208/878 1781/207/878
f 1781/207/879 1804/208/879 1803/210/879 1782/209/879
f 1782/209/880 1803/210/880 1802/212/880 1783/211/880
f 1783/211/881 1802/212/881 1801/214/881 1784/213/881
f 1784/213/882 1801/214/882 1800/216/882 1785/215/882
f 1785/215/883 1800/216/883 1799/218/883 1786/217/883
f 1786/217/884 1799/218/884 1798/220/884 1787/219/884
f 1787/219/885 1798/220/885 1797/222/885 1788/221/885
f 1788/221/886 1797/222/886 1796/224/886 1789/223/886
f 1789/223/887 1796/224/887 1795/226/887 1790/225/887
f 1790/225/888 1795/226/888 1794/228/888 1791/227/888
f 1791/227/889 1794/228/889 1793/164/889 1792/161/889
f 329/165/890 331/168/890 1079/168/890 1077/165/890
f 330/162/891 364/161/891 1112/161/891 1078/162/891
f 332/163/892 330/162/892 1078/162/892 1080/163/892
f 331/168/893 396/167/893 1144/167/893 1079/168/893
f 333/166/891 329/165/891 1077/165/891 1081/166/891
f 334/169/891 333/166/891 1081/166/891 1082/169/891
f 335/171/891 334/169/891 1082/169/891 1083/171/891
f 336/173/891 335/171/891 1083/171/891 1084/173/891
f 337/175/891 336/173/891 1084/173/891 1085/175/891
f 338/177/891 337/175/891 1085/175/891 1086/177/891
f 339/179/891 338/177/891 1086/177/891 1087/179/891
f 340/181/891 339/179/891 1087/179/891 1088/181/891
f 341/183/891 340/181/891 1088/181/891 1089/183/891
f 342/185/891 341/183/891 1089/183/891 1090/185/891
f 343/187/891 342/185/891 1090/185/891 1091/187/891
f 344/189/891 343/187/891 1091/187/891 1092/189/891
f 345/191/891 344/189/891 1092/189/891 1093/191/891
f 346/193/891 345/191/891 1093/191/891 1094/193/891
f 347/195/891 346/193/891 1094/193/891 1095/195/891
f 348/197/891 347/195/891 1095/195/891 1096/197/891
f 349/199/891 348/197/891 1096/197/891 1097/199/891
f 350/201/891 349/199/891 1097/199/891 1098/201/891
f 351/203/891 350/201/891 1098/201/891 1099/203/891
f 352/205/891 351/203/891 1099/203/891 1100/205/891
f 353/207/891 352/205/891 1100/205/891 1101/207/891
f 354/209/891 353/207/891 1101/207/891 1102/209/891
f 355/211/891 354/209/891 1102/209/891 1103/211/891
f 356/213/891 355/211/891 1103/211/891 1104/213/891
f 357/215/891 356/213/891 1104/213/891 1105/215/891
f 358/217/891 357/215/891 1105/215/891 1106/217/891
f 359/219/891 358/217/891 1106/217/891 1107/219/891
f 360/221/891 359/219/891 1107/219/891 1108/221/891
f 361/223/891 360/221/891 1108/221/891 1109/223/891
f 362/225/891 361/223/891 1109/223/891 1110/225/891
f 363/227/891 362/225/891 1110/225/891 1111/227/891
f 364/161/891 363/227/891 1111/227/891 1112/161/891
f 365/164/893 332/163/893 1080/163/893 1113/164/893
f 366/228/893 365/164/893 1113/164/893 1114/228/893
f 367/226/893 366/228/893 1114/228/893 1115/226/893
f 368/224/893 367/226/893 1115/226/893 1116/224/893
f 369/222/893 368/224/893 1116/224/893 1117/222/893
f 370/220/893 369/222/893 1117/222/893 1118/220/893
f 371/218/893 370/220/893 1118/220/893 1119/218/893
f 372/216/893 371/218/893 1119/218/893 1120/216/893
f 373/214/893 372/216/893 1120/216/893 1121/214/893
f 374/212/893 373/214/893 1121/214/893 1122/212/893
f 375/210/893 374/212/893 1122/212/893 1123/210/893
f 376/208/893 375/210/893 1123/210/893 1124/208/893
f 377/206/893 376/208/893 1124/208/893 1125/206/893
f 378/204/893 377/206/893 1125/206/893 1126/204/893
f 379/202/893 378/204/893 1126/204/893 1127/202/893
f 380/200/893 379/202/893 1127/202/893 1128/200/893
f 381/198/893 380/200/893 1128/200/893 1129/198/893
f 382/196/893 381/198/893 1129/198/893 1130/196/893
f 383/194/893 382/196/893 1130/196/893 1131/194/893
f 384/192/893 383/194/893 1131/194/893 1132/192/893
f 385/190/893 384/192/893 1132/192/893 1133/190/893
f 386/188/893 385/190/893 1133/190/893 1134/188/893
f 387/186/893 386/188/893 1134/188/893 1135/186/893
f 388/184/893 387/186/893 1135/186/893 1136/184/893
f 389/182/893 388/184/893 1136/184/893 1137/182/893
f 390/180/893 389/182/893 1137/182/893 1138/180/893
f 391/178/893 390/180/893 1138/180/893 1139/178/893
f 392/176/893 391/178/893 1139/178/893 1140/176/893
f 393/174/893 392/176/893 1140/176/893 1141/174/893
f 394/172/893 393/174/893 1141/174/893 1142/172/893
f 395/170/893 394/172/893 1142/172/893 1143/170/893
f 396/167/893 395/170/893 1143/170/893 1144/167/893
f 397/165/894 399/168/894 1147/168/894 1145/165/894
f 398/162/891 432/161/891 1180/161/891 1146/162/891
f 400/163/895 398/162/895 1146/162/895 1148/163/895
f 399/168/893 464/167/893 1212/167/893 1147/168/893
f 401/166/891 397/165/891 1145/165/891 1149/166/891
f 402/169/891 401/166/891 1149/166/891 1150/169/891
f 403/171/891 402/169/891 1150/169/891 1151/171/891
f 404/173/891 403/171/891 1151/171/891 1152/173/891
f 405/175/891 404/173/891 1152/173/891 1153/175/891
f 406/177/891 405/175/891 1153/175/891 1154/177/891
f 407/179/891 406/177/891 1154/177/891 1155/179/891
f 408/181/891 407/179/891 1155/179/891 1156/181/891
f 409/183/891 408/181/891 1156/181/891 1157/183/891
f 410/185/891 409/183/891 1157/183/891 1158/185/891
f 411/187/891 410/185/891 1158/185/891 1159/187/891
f 412/189/891 411/187/891 1159/187/891 1160/189/891
f 413/191/891 412/189/891 1160/189/891 1161/191/891
f 414/193/891 413/191/891 1161/191/891 1162/193/891
f 415/195/891 414/193/891 1162/193/891 1163/195/891
f 416/197/891 415/195/891 1163/195/891 1164/197/891
f 417/199/891 416/197/891 1164/197/891 1165/199/891
f 418/201/891 417/199/891 1165/199/891 1166/201/891
f 419/203/891 418/201/891 1166/201/891 1167/203/891
f 420/205/891 419/203/891 1167/203/891 1168/205/891
f 421/207/891 420/205/891 1168/205/891 1169/207/891
f 422/209/891 421/207/891 1169/207/891 1170/209/891
f 423/211/891 422/209/891 1170/209/891 1171/211/891
f 424/213/891 423/211/891 1171/211/891 1172/213/891
f 425/215/891 424/213/891 1172/213/891 1173/215/891
f 426/217/891 425/215/891 1173/215/891 1174/217/891
f 427/219/891 426/217/891 1174/217/891 1175/219/891
f 428/221/891 427/219/891 1175/219/891 1176/221/891
f 429/223/891 428/221/891 1176/221/891 1177/223/891
f 430/225/891 429/223/891 1177/223/891 1178/225/891
f 431/227/891 430/225/891 1178/225/891 1179/227/891
f 432/161/891 431/227/891 1179/227/891 1180/161/891
f 433/164/893 400/163/893 1148/163/893 1181/164/893
f 434/228/893 433/164/893 1181/164/893 1182/228/893
f 435/226/893 434/228/893 1182/228/893 1183/226/893
f 436/224/893 435/226/893 1183/226/893 1184/224/893
f 437/222/893 436/224/893 1184/224/893 1185/222/893
f 438/220/893 437/222/893 1185/222/893 1186/220/893
f 439/218/893 438/220/893 1186/220/893 1187/218/893
f 440/216/893 439/218/893 1187/218/893 1188/216/893
f 441/214/893 440/216/893 1188/216/893 1189/214/893
f 442/212/893 441/214/893 1189/214/893 1190/212/893
f 443/210/893 442/212/893 1190/212/893 1191/210/893
f 444/208/893 443/210/893 1191/210/893 1192/208/893
f 445/206/893 444/208/893 1192/208/893 1193/206/893
f 446/204/893 445/206/893 1193/206/893 1194/204/893
f 447/202/893 446/204/893 1194/204/893 1195/202/893
f 448/200/893 447/202/893 1195/202/893 1196/200/893
f 449/198/893 448/200/893 1196/200/893 1197/198/893
f 450/196/893 449/198/893 1197/198/893 1198/196/893
f 451/194/893 450/196/893 1198/196/893 1199/194/893
f 452/192/893 451/194/893 1199/194/893 1200/192/893
f 453/190/893 452/192/893 1200/192/893 1201/190/893
f 454/188/893 453/190/893 1201/190/893 1202/188/893
f 455/186/893 454/188/893 1202/188/893 1203/186/893
f 456/184/893 455/186/893 1203/186/893 1204/184/893
f 457/182/893 456/184/893 1204/184/893 1205/182/893
f 458/180/893 457/182/893 1205/182/893 1206/180/893
f 459/178/893 458/180/893 1206/180/893 1207/178/893
f 460/176/893 459/178/893 1207/178/893 1208/176/893
f 461/174/893 460/176/893 1208/176/893 1209/174/893
f 462/172/893 461/174/893 1209/174/893 1210/172/893
f 463/170/893 462/172/893 1210/172/893 1211/170/893
f 464/167/893 463/170/893 1211/170/893 1212/167/893
f 465/165/896 467/168/896 1215/168/896 1213/165/896
f 466/162/891 500/161/891 1248/161/891 1214/162/891
f 468/163/897 466/162/897 1214/162/897 1216/163/897
f 467/168/893 532/167/893 1280/167/893 1215/168/893
f 469/166/891 465/165/891 1213/165/891 1217/166/891
f 470/169/891 469/166/891 1217/166/891 1218/169/891
f 471/171/891 470/169/891 1218/169/891 1219/171/891
f 472/173/891 471/171/891 1219/171/891 1220/173/891
f 473/175/891 472/173/891 1220/173/891 1221/175/891
f 474/177/891 473/175/891 1221/175/891 1222/177/891
f 475/179/891 474/177/891 1222/177/891 1223/179/891
f 476/181/891 475/179/891 1223/179/891 1224/181/891
f 477/183/891 476/181/891 1224/181/891 1225/183/891
f 478/185/891 477/183/891 1225/183/891 1226/185/891
f 479/187/891 478/185/891 1226/185/891 1227/187/891
f 480/189/891 479/187/891 1227/187/891 1228/189/891
f 481/191/891 480/189/891 1228/189/891 1229/191/891
f 482/193/891 481/191/891 1229/191/891 1230/193/891
f 483/195/891 482/193/891 1230/193/891 1231/195/891
f 484/197/891 483/195/891 1231/195/891 1232/197/891
f 485/199/891 484/197/891 1232/197/891 1233/199/891
f 486/201/891 485/199/891 1233/199/891 1234/201/891
f 487/203/891 486/201/891 1234/201/891 1235/203/891
f 488/205/891 487/203/891 1235/203/891 1236/205/891
f 489/207/891 488/205/891 1236/205/891 1237/207/891
f 490/209/891 489/207/891 1237/207/891 1238/209/891
f 491/211/891 490/209/891 1238/209/891 1239/211/891
f 492/213/891 491/211/891 1239/211/891 1240/213/891
f 493/215/891 492/213/891 1240/213/891 1241/215/891
f 494/217/891 493/215/891 1241/215/891 1242/217/891
f 495/219/891 494/217/891 1242/217/891 1243/219/891
f 496/221/891 495/219/891 1243/219/891 1244/221/891
f 497/223/891 496/221/891 1244/221/891 1245/223/891
f 498/225/891 497/223/891 1245/223/891 1246/225/891
f 499/227/891 498/225/891 1246/225/891 1247/227/891
f 500/161/891 499/227/891 1247/227/891 1248/161/891
f 501/164/893 468/163/893 1216/163/893 1249/164/893
f 502/228/893 501/164/893 1249/164/893 1250/228/893
f 503/226/893 502/228/893 1250/228/893 1251/226/893
f 504/224/893 503/226/893 1251/226/893 1252/224/893
f 505/222/893 504/224/893 1252/224/893 1253/222/893
f 506/220/893 505/222/893 1253/222/893 1254/220/893
f 507/218/893 506/220/893 1254/220/893 1255/218/893
f 508/216/893 507/218/893 1255/218/893 1256/216/893
f 509/214/893 508/216/893 1256/216/893 1257/214/893
f 510/212/893 509/214/893 1257/214/893 1258/212/893
f 511/210/893 510/212/893 1258/212/893 1259/210/893
f 512/208/893 511/210/893 1259/210/893 1260/208/893
f 513/206/893 512/208/893 1260/208/893 1261/206/893
f 514/204/893 513/206/893 1261/206/893 1262/204/893
f 515/202/893 514/204/893 1262/204/893 1263/202/893
f 516/200/893 515/202/893 1263/202/893 1264/200/893
f 517/198/893 516/200/893 1264/200/893 1265/198/893
f 518/196/893 517/198/893 1265/198/893 1266/196/893
f 519/194/893 518/196/893 1266/196/893 1267/194/893
f 520/192/893 519/194/893 1267/194/893 1268/192/893
f 521/190/893 520/192/893 1268/192/893 1269/190/893
f 522/188/893 521/190/893 1269/190/893 1270/188/893
f 523/186/893 522/188/893 1270/188/893 1271/186/893
f 524/184/893 523/186/893 1271/186/893 1272/184/893
f 525/182/893 524/184/893 1272/184/893 1273/182/893
f 526/180/893 525/182/893 1273/182/893 1274/180/893
f 527/178/893 526/180/893 1274/180/893 1275/178/893
f 528/176/893 527/178/893 1275/178/893 1276/176/893
f 529/174/893 528/176/893 1276/176/893 1277/174/893
f 530/172/893 529/174/893 1277/174/893 1278/172/893
f 531/170/893 530/172/893 1278/172/893 1279/170/893
f 532/167/893 531/170/893 1279/170/893 1280/167/893
f 533/165/898 535/168/898 1283/168/898 1281/165/898
f 534/162/891 568/161/891 1316/161/891 1282/162/891
f 536/163/899 534/162/899 1282/162/899 1284/163/899
f 535/168/893 600/167/893 1348/167/893 1283/168/893
f 537/166/891 533/165/891 1281/165/891 1285/166/891
f 538/169/891 537/166/891 1285/166/891 1286/169/891
f 539/171/891 538/169/891 1286/169/891 1287/171/891
f 540/173/891 539/171/891 1287/171/891 1288/173/891
f 541/175/891 540/173/891 1288/173/891 1289/175/891
f 542/177/891 541/175/891 1289/175/891 1290/177/891
f 543/179/891 542/177/891 1290/177/891 1291/179/891
f 544/181/891 543/179/891 1291/179/891 1292/181/891
f 545/183/891 544/181/891 1292/181/891 1293/183/891
f 546/185/891 545/183/891 1293/183/891 1294/185/891
f 547/187/891 546/185/891 1294/185/891 1295/187/891
f 548/189/891 547/187/891 1295/187/891 1296/189/891
f 549/191/891 548/189/891 1296/189/891 1297/191/891
f 550/193/891 549/191/891 1297/191/891 1298/193/891
f 551/195/891 550/193/891 1298/193/891 1299/195/891
f 552/197/891 551/195/891 1299/195/891 1300/197/891
f 553/199/891 552/197/891 1300/197/891 1301/199/891
f 554/201/891 553/199/891 1301/199/891 1302/201/891
f 555/203/891 554/201/891 1302/201/891 1303/203/891
f 556/205/891 555/203/891 1303/203/891 1304/205/891
f 557/207/891 556/205/891 1304/205/891 1305/207/891
f 558/209/891 557/207/891 1305/207/891 1306/209/891
f 559/211/891 558/209/891 1306/209/891 1307/211/891
f 560/213/891 559/211/891 1307/211/891 1308/213/891
f 561/215/891 560/213/891 1308/213/891 1309/215/891
f 562/217/891 561/215/891 1309/215/891 1310/217/891
f 563/219/891 562/217/891 1310/217/891 1311/219/891
f 564/221/891 563/219/891 1311/219/891 1312/221/891
f 565/223/891 564/221/891 1312/221/891 1313/223/891
f 566/225/891 565/223/891 1313/223/891 1314/225/891
f 567/227/891 566/225/891 1314/225/891 1315/227/891
f 568/161/891 567/227/891 1315/227/891 1316/161/891
f 569/164/893 536/163/893 1284/163/893 1317/164/893
f 570/228/893 569/164/893 1317/164/893 1318/228/893
f 571/226/893 570/228/893 1318/228/893 1319/226/893
f 572/224/893 571/226/893 1319/226/893 1320/224/893
f 573/222/893 572/224/893 1320/224/893 1321/222/893
f 574/220/893 573/222/893 1321/222/893 1322/220/893
f 575/218/893 574/220/893 1322/220/893 1323/218/893
f 576/216/893 575/218/893 1323/218/893 1324/216/893
f 577/214/893 576/216/893 1324/216/893 1325/214/893
f 578/212/893 577/214/893 1325/214/893 1326/212/893
f 579/210/893 578/212/893 1326/212/893 1327/210/893
f 580/208/893 579/210/893 1327/210/893 1328/208/893
f 581/206/893 580/208/893 1328/208/893 1329/206/893
f 582/204/893 581/206/893 1329/206/893 1330/204/893
f 583/202/893 582/204/893 1330/204/893 1331/202/893
f 584/200/893 583/202/893 1331/202/893 1332/200/893
f 585/198/893 584/200/893 1332/200/893 1333/198/893
f 586/196/893 585/198/893 1333/198/893 1334/196/893
f 587/194/893 586/196/893 1334/196/893 1335/194/893
f 588/192/893 587/194/893 1335/194/893 1336/192/893
f 589/190/893 588/192/893 1336/192/893 1337/190/893
f 590/188/893 589/190/893 1337/190/893 1338/188/893
f 591/186/893 590/188/893 1338/188/893 1339/186/893
f 592/184/893 591/186/893 1339/186/893 1340/184/893
f 593/182/893 592/184/893 1340/184/893 1341/182/893
f 594/180/893 593/182/893 1341/182/893 1342/180/893
f 595/178/893 594/180/893 1342/180/893 1343/178/893
f 596/176/893 595/178/893 1343/178/893 1344/176/893
f 597/174/893 596/176/893 1344/176/893 1345/174/893
f 598/172/893 597/174/893 1345/174/893 1346/172/893
f 599/170/893 598/172/893 1346/172/893 1347/170/893
f 600/167/893 599/170/893 1347/170/893 1348/167/893
f 601/165/900 603/168/900 1351/168/900 1349/165/900
f 602/162/891 636/161/891 1384/161/891 1350/162/891
f 604/163/901 602/162/901 1350/162/901 1352/163/901
f 603/168/893 668/167/893 1416/167/893 1351/168/893
f 605/166/891 601/165/891 1349/165/891 1353/166/891
f 606/169/891 605/166/891 1353/166/891 1354/169/891
f 607/171/891 606/169/891 1354/169/891 1355/171/891
f 608/173/891 607/171/891 1355/171/891 1356/173/891
f 609/175/891 608/173/891 1356/173/891 1357/175/891
f 610/177/891 609/175/891 1357/175/891 1358/177/891
f 611/179/891 610/177/891 1358/177/891 1359/179/891
f 612/181/891 611/179/891 1359/179/891 1360/181/891
f 613/183/891 612/181/891 1360/181/891 1361/183/891
f 614/185/891 613/183/891 1361/183/891 1362/185/891
f 615/187/891 614/185/891 1362/185/891 1363/187/891
f 616/189/891 615/187/891 1363/187/891 1364/189/891
f 617/191/891 616/189/891 1364/189/891 1365/191/891
f 618/193/891 617/191/891 1365/191/891 1366/193/891
f 619/195/891 618/193/891 1366/193/891 1367/195/891
f 620/197/891 619/195/891 1367/195/891 1368/197/891
f 621/199/891 620/197/891 1368/197/891 1369/199/891
f 622/201/891 621/199/891 1369/199/891 1370/201/891
f 623/203/891 622/201/891 1370/201/891 1371/203/891
f 624/205/891 623/203/891 1371/203/891 1372/205/891
f 625/207/891 624/205/891 1372/205/891 1373/207/891
f 626/209/891 625/207/891 1373/207/891 1374/209/891
f 627/211/891 626/209/891 1374/209/891 1375/211/891
f 628/213/891 627/211/891 1375/211/891 1376/213/891
f 629/215/891 628/213/891 1376/213/891 1377/215/891
f 630/217/891 629/215/891 1377/215/891 1378/217/891
f 631/219/891 630/217/891 1378/217/891 1379/219/891
f 632/221/891 631/219/891 1379/219/891 1380/221/891
f 633/223/891 632/221/891 1380/221/891 1381/223/891
f 634/225/891 633/223/891 1381/223/891 1382/225/891
f 635/227/891 634/225/891 1382/225/891 1383/227/891
f 636/161/891 635/227/891 1383/227/891 1384/161/891
f 637/164/893 604/163/893 1352/163/893 1385/164/893
f 638/228/893 637/164/893 1385/164/893 1386/228/893
f 639/226/893 638/228/893 1386/228/893 1387/226/893
f 640/224/893 639/226/893 1387/226/893 1388/224/893
f 641/222/893 640/224/893 1388/224/893 1389/222/893
f 642/220/893 641/222/893 1389/222/893 1390/220/893
f 643/218/893 642/220/893 1390/220/893 1391/218/893
f 644/216/893 643/218/893 1391/218/893 1392/216/893
f 645/214/893 644/216/893 1392/216/893 1393/214/893
f 646/212/893 645/214/893 1393/214/893 1394/212/893
f 647/210/893 646/212/893 1394/212/893 1395/210/893
f 648/208/893 647/210/893 1395/210/893 1396/208/893
f 649/206/893 648/208/893 1396/208/893 1397/206/893
f 650/204/893 649/206/893 1397/206/893 1398/204/893
f 651/202/893 650/204/893 1398/204/893 1399/202/893
f 652/200/893 651/202/893 1399/202/893 1400/200/893
f 653/198/893 652/200/893 1400/200/893 1401/198/893
f 654/196/893 653/198/893 1401/198/893 1402/196/893
f 655/194/893 654/196/893 1402/196/893 1403/194/893
f 656/192/893 655/194/893 1403/194/893 1404/192/893
f 657/190/893 656/192/893 1404/192/893 1405/190/893
f 658/188/893 657/190/893 1405/190/893 1406/188/893
f 659/186/893 658/188/893 1406/188/893 1407/186/893
f 660/184/893 659/186/893 1407/186/893 1408/184/893
f 661/182/893 660/184/893 1408/184/893 1409/182/893
f 662/180/893 661/182/893 1409/182/893 1410/180/893
f 663/178/893 662/180/893 1410/180/893 1411/178/893
f 664/176/893 663/178/893 1411/178/893 1412/176/893
f 665/174/893 664/176/893 1412/176/893 1413/174/893
f 666/172/893 665/174/893 1413/174/893 1414/172/893
f 667/170/893 666/172/893 1414/172/893 1415/170/893
f 668/167/893 667/170/893 1415/170/893 1416/167/893
f 669/165/902 671/168/902 1419/168/902 1417/165/902
f 670/162/891 704/161/891 1452/161/891 1418/162/891
f 672/163/903 670/162/903 1418/162/903 1420/163/903
f 671/168/893 736/167/893 1484/167/893 1419/168/893
f 673/166/891 669/165/891 1417/165/891 1421/166/891
f 674/169/891 673/166/891 1421/166/891 1422/169/891
f 675/171/891 674/169/891 1422/169/891 1423/171/891
f 676/173/891 675/171/891 1423/171/891 1424/173/891
f 677/175/891 676/173/891 1424/173/891 1425/175/891
f 678/177/891 677/175/891 1425/175/891 1426/177/891
f 679/179/891 678/177/891 1426/177/891 1427/179/891
f 680/181/891 679/179/891 1427/179/891 1428/181/891
f 681/183/891 680/181/891 1428/181/891 1429/183/891
f 682/185/891 681/183/891 1429/183/891 1430/185/891
f 683/187/891 682/185/891 1430/185/891 1431/187/891
f 684/189/891 683/187/891 1431/187/891 1432/189/891
f 685/191/891 684/189/891 1432/189/891 1433/191/891
f 686/193/891 685/191/891 1433/191/891 1434/193/891
f 687/195/891 686/193/891 1434/193/891 1435/195/891
f 688/197/891 687/195/891 1435/195/891 1436/197/891
f 689/199/891 688/197/891 1436/197/891 1437/199/891
f 690/201/891 689/199/891 1437/199/891 1438/201/891
f 691/203/891 690/201/891 1438/201/891 1439/203/891
f 692/205/891 691/203/891 1439/203/891 1440/205/891
f 693/207/891 692/205/891 1440/205/891 1441/207/891
f 694/209/891 693/207/891 1441/207/891 1442/209/891
f 695/211/891 694/209/891 1442/209/891 1443/211/891
f 696/213/891 695/211/891 1443/211/891 1444/213/891
f 697/215/891 696/213/891 1444/213/891 1445/215/891
f 698/217/891 697/215/891 1445/215/891 1446/217/891
f 699/219/891 698/217/891 1446/217/891 1447/219/891
f 700/221/891 699/219/891 1447/219/891 1448/221/891
f 701/223/891 700/221/891 1448/221/891 1449/223/891
f 702/225/891 701/223/891 1449/223/891 1450/225/891
f 703/227/891 702/225/891 1450/225/891 1451/227/891
f 704/161/891 703/227/891 1451/227/891 1452/161/891
f 705/164/893 672/163/893 1420/163/893 1453/164/893
f 706/228/893 705/164/893 1453/164/893 1454/228/893
f 707/226/893 706/228/893 1454/228/893 1455/226/893
f 708/224/893 707/226/893 1455/226/893 1456/224/893
f 709/222/893 708/224/893 1456/224/893 1457/222/893
f 710/220/893 709/222/893 1457/222/893 1458/220/893
f 711/218/893 710/220/893 1458/220/893 1459/218/893
f 712/216/893 711/218/893 1459/218/893 1460/216/893
f 713/214/893 712/216/893 1460/216/893 1461/214/893
f 714/212/893 713/214/893 1461/214/893 1462/212/893
f 715/210/893 714/212/893 1462/212/893 1463/210/893
f 716/208/893 715/210/893 1463/210/893 1464/208/893
f 717/206/893 716/208/893 1464/208/893 1465/206/893
f 718/204/893 717/206/893 1465/206/893 1466/204/893
f 719/202/893 718/204/893 1466/204/893 1467/202/893
f 720/200/893 719/202/893 1467/202/893 1468/200/893
f 721/198/893 720/200/893 1468/200/893 1469/198/893
f 722/196/893 721/198/893 1469/198/893 1470/196/893
f 723/194/893 722/196/893 1470/196/893 1471/194/893
f 724/192/893 723/194/893 1471/194/893 1472/192/893
f 725/190/893 724/192/893 1472/192/893 1473/190/893
f 726/188/893 725/190/893 1473/190/893 1474/188/893
f 727/186/893 726/188/893 1474/188/893 1475/186/893
f 728/184/893 727/186/893 1475/186/893 1476/184/893
f 729/182/893 728/184/893 1476/184/893 1477/182/893
f 730/180/893 729/182/893 1477/182/893 1478/180/893
f 731/178/893 730/180/893 1478/180/893 1479/178/893
f 732/176/893 731/178/893 1479/178/893 1480/176/893
f 733/174/893 732/176/893 1480/176/893 1481/174/893
f 734/172/893 733/174/893 1481/174/893 1482/172/893
f 735/170/893 734/172/893 1482/172/893 1483/170/893
f 736/167/893 735/170/893 1483/170/893 1484/167/893
f 737/165/904 739/168/904 1487/168/904 1485/165/904
f 738/162/891 772/161/891 1520/161/891 1486/162/891
f 740/163/905 738/162/905 1486/162/905 1488/163/905
f 739/168/893 804/167/893 1552/167/893 1487/168/893
f 741/166/891 737/165/891 1485/165/891 1489/166/891
f 742/169/891 741/166/891 1489/166/891 1490/169/891
f 743/171/891 742/169/891 1490/169/891 1491/171/891
f 744/173/891 743/171/891 1491/171/891 1492/173/891
f 745/175/891 744/173/891 1492/173/891 1493/175/891
f 746/177/891 745/175/891 1493/175/891 1494/177/891
f 747/179/891 746/177/891 1494/177/891 1495/179/891
f 748/181/891 747/179/891 1495/179/891 1496/181/891
f 749/183/891 748/181/891 1496/181/891 1497/183/891
f 750/185/891 749/183/891 1497/183/891 1498/185/891
f 751/187/891 750/185/891 1498/185/891 1499/187/891
f 752/189/891 751/187/891 1499/187/891 1500/189/891
f 753/191/891 752/189/891 1500/189/891 1501/191/891
f 754/193/891 753/191/891 1501/191/891 1502/193/891
f 755/195/891 754/193/891 1502/193/891 1503/195/891
f 756/197/891 755/195/891 1503/195/891 1504/197/891
f 757/199/891 756/197/891 1504/197/891 1505/199/891
f 758/201/891 757/199/891 1505/199/891 1506/201/891
f 759/203/891 758/201/891 1506/201/891 1507/203/891
f 760/205/891 759/203/891 1507/203/891 1508/205/891
f 761/207/891 760/205/891 1508/205/891 1509/207/891
f 762/209/891 761/207/891 1509/207/891 1510/209/891
f 763/211/891 762/209/891 1510/209/891 1511/211/891
f 764/213/891 763/211/891 1511/211/891 1512/213/891
f 765/215/891 764/213/891 1512/213/891 1513/215/891
f 766/217/891 765/215/891 1513/215/891 1514/217/891
f 767/219/891 766/217/891 1514/217/891 1515/219/891
f 768/221/891 767/219/891 1515/219/891 1516/221/891
f 769/223/891 768/221/891 1516/221/891 1517/223/891
f 770/225/891 769/223/891 1517/223/891 1518/225/891
f 771/227/891 770/225/891 1518/225/891 1519/227/891
f 772/161/891 771/227/891 1519/227/891 1520/161/891
f 773/164/893 740/163/893 1488/163/893 1521/164/893
f 774/228/893 773/164/893 1521/164/893 1522/228/893
f 775/226/893 774/228/893 1522/228/893 1523/226/893
f 776/224/893 775/226/893 1523/226/893 1524/224/893
f 777/222/893 776/224/893 1524/224/893 1525/222/893
f 778/220/893 777/222/893 1525/222/893 1526/220/893
f 779/218/893 778/220/893 1526/220/893 1527/218/893
f 780/216/893 779/218/893 1527/218/893 1528/216/893
f 781/214/893 780/216/893 1528/216/893 1529/214/893
f 782/212/893 781/214/893 1529/214/893 1530/212/893
f 783/210/893 782/212/893 1530/212/893 1531/210/893
f 784/208/893 783/210/893 1531/210/893 1532/208/893
f 785/206/893 784/208/893 1532/208/893 1533/206/893
f 786/204/893 785/206/893 1533/206/893 1534/204/893
f 787/202/893 786/204/893 1534/204/893 1535/202/893
f 788/200/893 787/202/893 1535/202/893 1536/200/893
f 789/198/893 788/200/893 1536/200/893 1537/198/893
f 790/196/893 789/198/893 1537/198/893 1538/196/893
f 791/194/893 790/196/893 1538/196/893 1539/194/893
f 792/192/893 791/194/893 1539/194/893 1540/192/893
f 793/190/893 792/192/893 1540/192/893 1541/190/893
f 794/188/893 793/190/893 1541/190/893 1542/188/893
f 795/186/893 794/188/893 1542/188/893 1543/186/893
f 796/184/893 795/186/893 1543/186/893 1544/184/893
f 797/182/893 796/184/893 1544/184/893 1545/182/893
f 798/180/893 797/182/893 1545/182/893 1546/180/893
f 799/178/893 798/180/893 1546/180/893 1547/178/893
f 800/176/893 799/178/893 1547/178/893 1548/176/893
f 801/174/893 800/176/893 1548/176/893 1549/174/893
f 802/172/893 801/174/893 1549/174/893 1550/172/893
f 803/170/893 802/172/893 1550/172/893 1551/170/893
f 804/167/893 803/170/893 1551/170/893 1552/167/893
f 805/165/906 807/168/906 1555/168/906 1553/165/906
f 806/162/891 840/161/891 1588/161/891 1554/162/891
f 808/163/907 806/162/907 1554/162/907 1556/163/907
f 807/168/893 872/167/893 1620/167/893 1555/168/893
f 809/166/891 805/165/891 1553/165/891 1557/166/891
f 810/169/891 809/166/891 1557/166/891 1558/169/891
f 811/171/891 810/169/891 1558/169/891 1559/171/891
f 812/173/891 811/171/891 1559/171/891 1560/173/891
f 813/175/891 812/173/891 1560/173/891 1561/175/891
f 814/177/891 813/175/891 1561/175/891 1562/177/891
f 815/179/891 814/177/891 1562/177/891 1563/179/891
f 816/181/891 815/179/891 1563/179/891 1564/181/891
f 817/183/891 816/181/891 1564/181/891 1565/183/891
f 818/185/891 817/183/891 1565/183/891 1566/185/891
f 819/187/891 818/185/891 1566/185/891 1567/187/891
f 820/189/891 819/187/891 1567/187/891 1568/189/891
f 821/191/891 820/189/891 1568/189/891 1569/191/891
f 822/193/891 821/191/891 1569/191/891 1570/193/891
f 823/195/891 822/193/891 1570/193/891 1571/195/891
f 824/197/891 823/195/891 1571/195/891 1572/197/891
f 825/199/891 824/197/891 1572/197/891 1573/199/891
f 826/201/891 825/199/891 1573/199/891 1574/201/891
f 827/203/891 826/201/891 1574/201/891 1575/203/891
f 828/205/891 827/203/891 1575/203/891 1576/205/891
f 829/207/891 828/205/891 1576/205/891 1577/207/891
f 830/209/891 829/207/891 1577/207/891 1578/209/891
f 831/211/891 830/209/891 1578/209/891 1579/211/891
f 832/213/891 831/211/891 1579/211/891 1580/213/891
f 833/215/891 832/213/891 1580/213/891 1581/215/891
f 834/217/891 833/215/891 1581/215/891 1582/217/891
f 835/219/891 834/217/891 1582/217/891 1583/219/891
f 836/221/891 835/219/891 1583/219/891 1584/221/891
f 837/223/891 836/221/891 1584/221/891 1585/223/891
f 838/225/891 837/223/891 1585/223/891 1586/225/891
f 839/227/891 838/225/891 1586/225/891 1587/227/891
f 840/161/891 839/227/891 1587/227/891 1588/161/891
f 841/164/893 808/163/893 1556/163/893 1589/164/893
f 842/228/893 841/164/893 1589/164/893 1590/228/893
f 843/226/893 842/228/893 1590/228/893 1591/226/893
f 844/224/893 843/226/893 1591/226/893 1592/224/893
f 845/222/893 844/224/893 1592/224/893 1593/222/893
f 846/220/893 845/222/893 1593/222/893 1594/220/893
f 847/218/893 846/220/893 1594/220/893 1595/218/893
f 848/216/893 847/218/893 1595/218/893 1596/216/893
f 849/214/893 848/216/893 1596/216/893 1597/214/893
f 850/212/893 849/214/893 1597/214/893 1598/212/893
f 851/210/893 850/212/893 1598/212/893 1599/210/893
f 852/208/893 851/210/893 1599/210/893 1600/208/893
f 853/206/893 852/208/893 1600/208/893 1601/206/893
f 854/204/893 853/206/893 1601/206/893 1602/204/893
f 855/202/893 854/204/893 1602/204/893 1603/202/893
f 856/200/893 855/202/893 1603/202/893 1604/200/893
f 857/198/893 856/200/893 1604/200/893 1605/198/893
f 858/196/893 857/198/893 1605/198/893 1606/196/893
f 859/194/893 858/196/893 1606/196/893 1607/194/893
f 860/192/893 859/194/893 1607/194/893 1608/192/893
f 861/190/893 860/192/893 1608/192/893 1609/190/893
f 862/188/893 861/190/893 1609/190/893 1610/188/893
f 863/186/893 862/188/893 1610/188/893 1611/186/893
f 864/184/893 863/186/893 1611/186/893 1612/184/893
f 865/182/893 864/184/893 1612/184/893 1613/182/893
f 866/180/893 865/182/893 1613/182/893 1614/180/893
f 867/178/893 866/180/893 1614/180/893 1615/178/893
f 868/176/893 867/178/893 1615/178/893 1616/176/893
f 869/174/893 868/176/893 1616/176/893 1617/174/893
f 870/172/893 869/174/893 1617/174/893 1618/172/893
f 871/170/893 870/172/893 1618/172/893 1619/170/893
f 872/167/893 871/170/893 1619/170/893 1620/167/893
f 873/165/908 875/168/908 1623/168/908 1621/165/908
f 874/162/891 908/161/891 1656/161/891 1622/162/891
f 876/163/909 874/162/909 1622/162/909 1624/163/909
f 875/168/893 940/167/893 1688/167/893 1623/168/893
f 877/166/891 873/165/891 1621/165/891 1625/166/891
f 878/169/891 877/166/891 1625/166/891 1626/169/891
f 879/171/891 878/169/891 1626/169/891 1627/171/891
f 880/173/891 879/171/891 1627/171/891 1628/173/891
f 881/175/891 880/173/891 1628/173/891 1629/175/891
f 882/177/891 881/175/891 1629/175/891 1630/177/891
f 883/179/891 882/177/891 1630/177/891 1631/179/891
f 884/181/891 883/179/891 1631/179/891 1632/181/891
f 885/183/891 884/181/891 1632/181/891 1633/183/891
f 886/185/891 885/183/891 1633/183/891 1634/185/891
f 887/187/891 886/185/891 1634/185/891 1635/187/891
f 888/189/891 887/187/891 1635/187/891 1636/189/891
f 889/191/891 888/189/891 1636/189/891 1637/191/891
f 890/193/891 889/191/891 1637/191/891 1638/193/891
f 891/195/891 890/193/891 1638/193/891 1639/195/891
f 892/197/891 891/195/891 1639/195/891 1640/197/891
f 893/199/891 892/197/891 1640/197/891 1641/199/891
f 894/201/891 893/199/891 1641/199/891 1642/201/891
f 895/203/891 894/201/891 1642/201/891 1643/203/891
f 896/205/891 895/203/891 1643/203/891 1644/205/891
f 897/207/891 896/205/891 1644/205/891 1645/207/891
f 898/209/891 897/207/891 1645/207/891 1646/209/891
f 899/211/891 898/209/891 1646/209/891 1647/211/891
f 900/213/891 899/211/891 1647/211/891 1648/213/891
f 901/215/891 900/213/891 1648/213/891 1649/215/891
f 902/217/891 901/215/891 1649/215/891 1650/217/891
f 903/219/891 902/217/891 1650/217/891 1651/219/891
f 904/221/891 903/219/891 1651/219/891 1652/221/891
f 905/223/891 904/221/891 1652/221/891 1653/223/891
f 906/225/891 905/223/891 1653/223/891 1654/225/891
f 907/227/891 906/225/891 1654/225/891 1655/227/891
f 908/161/891 907/227/891 1655/227/891 1656/161/891
f 909/164/893 876/163/893 1624/163/893 1657/164/893
f 910/228/893 909/164/893 1657/164/893 1658/228/893
f 911/226/893 910/228/893 1658/228/893 1659/226/893
f 912/224/893 911/226/893 1659/226/893 1660/224/893
f 913/222/893 912/224/893 1660/224/893 1661/222/893
f 914/220/893 913/222/893 1661/222/893 1662/220/893
f 915/218/893 914/220/893 1662/220/893 1663/218/893
f 916/216/893 915/218/893 1663/218/893 1664/216/893
f 917/214/893 916/216/893 1664/216/893 1665/214/893
f 918/212/893 917/214/893 1665/214/893 1666/212/893
f 919/210/893 918/212/893 1666/212/893 1667/210/893
f 920/208/893 919/210/893 1667/210/893 1668/208/893
f 921/206/893 920/208/893 1668/208/893 1669/206/893
f 922/204/893 921/206/893 1669/206/893 1670/204/893
f 923/202/893 922/204/893 1670/204/893 1671/202/893
f 924/200/893 923/202/893 1671/202/893 1672/200/893
f 925/198/893 924/200/893 1672/200/893 1673/198/893
f 926/196/893 925/198/893 1673/198/893 1674/196/893
f 927/194/893 926/196/893 1674/196/893 1675/194/893
f 928/192/893 927/194/893 1675/194/893 1676/192/893
f 929/190/893 928/192/893 1676/192/893 1677/190/893
f 930/188/893 929/190/893 1677/190/893 1678/188/893
f 931/186/893 930/188/893 1678/188/893 1679/186/893
f 932/184/893 931/186/893 1679/186/893 1680/184/893
f 933/182/893 932/184/893 1680/184/893 1681/182/893
f 934/180/893 933/182/893 1681/182/893 1682/180/893
f 935/178/893 934/180/893 1682/180/893 1683/178/893
f 936/176/893 935/178/893 1683/178/893 1684/176/893
f 937/174/893 936/176/893 1684/176/893 1685/174/893
f 938/172/893 937/174/893 1685/174/893 1686/172/893
f 939/170/893 938/172/893 1686/172/893 1687/170/893
f 940/167/893 939/170/893 1687/170/893 1688/167/893
f 941/165/910 943/168/910 1691/168/910 1689/165/910
f 942/162/891 976/161/891 1724/161/891 1690/162/891
f 944/163/911 942/162/911 1690/162/911 1692/163/911
f 943/168/893 1008/167/893 1756/167/893 1691/168/893
f 945/166/891 941/165/891 1689/165/891 1693/166/891
f 946/169/891 945/166/891 1693/166/891 1694/169/891
f 947/171/891 946/169/891 1694/169/891 1695/171/891
f 948/173/891 947/171/891 1695/171/891 1696/173/891
f 949/175/891 948/173/891 1696/173/891 1697/175/891
f 950/177/891 949/175/891 1697/175/891 1698/177/891
f 951/179/891 950/177/891 1698/177/891 1699/179/891
f 952/181/891 951/179/891 1699/179/891 1700/181/891
f 953/183/891 952/181/891 1700/181/891 1701/183/891
f 954/185/891 953/183/891 1701/183/891 1702/185/891
f 955/187/891 954/185/891 1702/185/891 1703/187/891
f 956/189/891 955/187/891 1703/187/891 1704/189/891
f 957/191/891 956/189/891 1704/189/891 1705/191/891
f 958/193/891 957/191/891 1705/191/891 1706/193/891
f 959/195/891 958/193/891 1706/193/891 1707/195/891
f 960/197/891 959/195/891 1707/195/891 1708/197/891
f 961/199/891 960/197/891 1708/197/891 1709/199/891
f 962/201/891 961/199/891 1709/199/891 1710/201/891
f 963/203/891 962/201/891 1710/201/891 1711/203/891
f 964/205/891 963/203/891 1711/203/891 1712/205/891
f 965/207/891 964/205/891 1712/205/891 1713/207/891
f 966/209/891 965/207/891 1713/207/891 1714/209/891
f 967/211/891 966/209/891 1714/209/891 1715/211/891
f 968/213/891 967/211/891 1715/211/891 1716/213/891
f 969/215/891 968/213/891 1716/213/891 1717/215/891
f 970/217/891 969/215/891 1717/215/891 1718/217/891
f 971/219/891 970/217/891 1718/217/891 1719/219/891
f 972/221/891 971/219/891 1719/219/891 1720/221/891
f 973/223/891 972/221/891 1720/221/891 1721/223/891
f 974/225/891 973/223/891 1721/223/891 1722/225/891
f 975/227/891 974/225/891 1722/225/891 1723/227/891
f 976/161/891 975/227/891 1723/227/891 1724/161/891
f 977/164/893 944/163/893 1692/163/893 1725/164/893
f 978/228/893 977/164/893 1725/164/893 1726/228/893
f 979/226/893 978/228/893 1726/228/893 1727/226/893
f 980/224/893 979/226/893 1727/226/893 1728/224/893
f 981/222/893 980/224/893 1728/224/893 1729/222/893
f 982/220/893 981/222/893 1729/222/893 1730/220/893
f 983/218/893 982/220/893 1730/220/893 1731/218/893
f 984/216/893 983/218/893 1731/218/893 1732/216/893
f 985/214/893 984/216/893 1732/216/893 1733/214/893
f 986/212/893 985/214/893 1733/214/893 1734/212/893
f 987/210/893 986/212/893 1734/212/893 1735/210/893
f 988/208/893 987/210/893 1735/210/893 1736/208/893
f 989/206/893 988/208/893 1736/208/893 1737/206/893
f 990/204/893 989/206/893 1737/206/893 1738/204/893
f 991/202/893 990/204/893 1738/204/893 1739/202/893
f 992/200/893 991/202/893 1739/202/893 1740/200/893
f 993/198/893 992/200/893 1740/200/893 1741/198/893
f 994/196/893 993/198/893 1741/198/893 1742/196/893
f 995/194/893 994/196/893 1742/196/893 1743/194/893
f 996/192/893 995/194/893 1743/194/893 1744/192/893
f 997/190/893 996/192/893 1744/192/893 1745/190/893
f 998/188/893 997/190/893 1745/190/893 1746/188/893
f 999/186/893 998/188/893 1746/188/893 1747/186/893
f 1000/184/893 999/186/893 1747/186/893 1748/184/893
f 1001/182/893 1000/184/893 1748/184/893 1749/182/893
f 1002/180/893 1001/182/893 1749/182/893 1750/180/893
f 1003/178/893 1002/180/893 1750/180/893 1751/178/893
f 1004/176/893 1003/178/893 1751/178/893 1752/176/893
f 1005/174/893 1004/176/893 1752/176/893 1753/174/893
f 1006/172/893 1005/174/893 1753/174/893 1754/172/893
f 1007/170/893 1006/172/893 1754/172/893 1755/170/893
f 1008/167/893 1007/170/893 1755/170/893 1756/167/893
f 1009/165/912 1011/168/912 1759/168/912 1757/165/912
f 1010/162/891 1044/161/891 1792/161/891 1758/162/891
f 1012/163/913 1010/162/913 1758/162/913 1760/163/913
f 1011/168/893 1076/167/893 1824/167/893 1759/168/893
f 1013/166/891 1009/165/891 1757/165/891 1761/166/891
f 1014/169/891 1013/166/891 1761/166/891 1762/169/891
f 1015/171/891 1014/169/891 1762/169/891 1763/171/891
f 1016/173/891 1015/171/891 1763/171/891 1764/173/891
f 1017/175/891 1016/173/891 1764/173/891 1765/175/891
f 1018/177/891 1017/175/891 1765/175/891 1766/177/891
f 1019/179/891 1018/177/891 1766/177/891 1767/179/891
f 1020/181/891 1019/179/891 1767/179/891 1768/181/891
f 1021/183/891 1020/181/891 1768/181/891 1769/183/891
f 1022/185/891 1021/183/891 1769/183/891 1770/185/891
f 1023/187/891 1022/185/891 1770/185/891 1771/187/891
f 1024/189/891 1023/187/891 1771/187/891 1772/189/891
f 1025/191/891 1024/189/891 1772/189/891 1773/191/891
f 1026/193/891 1025/191/891 1773/191/891 1774/193/891
f 1027/195/891 1026/193/891 1774/193/891 1775/195/891
f 1028/197/891 1027/195/891 1775/195/891 1776/197/891
f 1029/199/891 1028/197/891 1776/197/891 1777/199/891
f 1030/201/891 1029/199/891 1777/199/891 1778/201/891
f 1031/203/891 1030/201/891 1778/201/891 1779/203/891
f 1032/205/891 1031/203/891 1779/203/891 1780/205/891
f 1033/207/891 1032/205/891 1780/205/891 1781/207/891
f 1034/209/891 1033/207/891 1781/207/891 1782/209/891
f 1035/211/891 1034/209/891 1782/209/891 1783/211/891
f 1036/213/891 1035/211/891 1783/211/891 1784/213/891
f 1037/215/891 1036/213/891 1784/213/891 1785/215/891
f 1038/217/891 1037/215/891 1785/215/891 1786/217/891
f 1039/219/891 1038/217/891 1786/217/891 1787/219/891
f 1040/221/891 1039/219/891 1787/219/891 1788/221/891
f 1041/223/891 1040/221/891 1788/221/891 1789/223/891
f 1042/225/891 1041/223/891 1789/223/891 1790/225/891
f 1043/227/891 1042/225/891 1790/225/891 1791/227/891
f 1044/161/891 1043/227/891 1791/227/891 1792/161/891
f 1045/164/893 1012/163/893 1760/163/893 1793/164/893
f 1046/228/893 1045/164/893 1793/164/893 1794/228/893
f 1047/226/893 1046/228/893 1794/228/893 1795/226/893
f 1048/224/893 1047/226/893 1795/226/893 1796/224/893
f 1049/222/893 1048/224/893 1796/224/893 1797/222/893
f 1050/220/893 1049/222/893 1797/222/893 1798/220/893
f 1051/218/893 1050/220/893 1798/220/893 1799/218/893
f 1052/216/893 1051/218/893 1799/218/893 1800/216/893
f 1053/214/893 1052/216/893 1800/216/893 1801/214/893
f 1054/212/893 1053/214/893 1801/214/893 1802/212/893
f 1055/210/893 1054/212/893 1802/212/893 1803/210/893
f 1056/208/893 1055/210/893 1803/210/893 1804/208/893
f 1057/206/893 1056/208/893 1804/208/893 1805/206/893
f 1058/204/893 1057/206/893 1805/206/893 1806/204/893
f 1059/202/893 1058/204/893 1806/204/893 1807/202/893
f 1060/200/893 1059/202/893 1807/202/893 1808/200/893
f 1061/198/893 1060/200/893 1808/200/893 1809/198/893
f 1062/196/893 1061/198/893 1809/198/893 1810/196/893
f 1063/194/893 1062/196/893 1810/196/893 1811/194/893
f 1064/192/893 1063/194/893 1811/194/893 1812/192/893
f 1065/190/893 1064/192/893 1812/192/893 1813/190/893
f 1066/188/893 1065/190/893 1813/190/893 1814/188/893
f 1067/186/893 1066/188/893 1814/188/893 1815/186/893
f 1068/184/893 1067/186/893 1815/186/893 1816/184/893
f 1069/182/893 1068/184/893 1816/184/893 1817/182/893
f 1070/180/893 1069/182/893 1817/182/893 1818/180/893
f 1071/178/893 1070/180/893 1818/180/893 1819/178/893
f 1072/176/893 1071/178/893 1819/178/893 1820/176/893
f 1073/174/893 1072/176/893 1820/176/893 1821/174/893
f 1074/172/893 1073/174/893 1821/174/893 1822/172/893
f 1075/170/893 1074/172/893 1822/172/893 1823/170/893
f 1076/167/893 1075/170/893 1823/170/893 1824/167/893
o Plane.001
v 0.017599 2.019038 -0.189535
v -0.128857 2.381933 0.021494
v 0.017599 1.694418 0.368696
v -0.128856 2.057313 0.579725
v 0.015315 2.030385 -0.182937
v 0.013402 2.041734 -0.176337
v 0.011817 2.053146 -0.169701
v 0.010514 2.064610 -0.163034
v 0.009445 2.076114 -0.156344
v 0.008560 2.087651 -0.149635
v 0.007805 2.099207 -0.142915
v 0.007151 2.110783 -0.136184
v 0.006524 2.122375 -0.129443
v 0.005865 2.133973 -0.122698
v 0.005117 2.145575 -0.115952
v 0.004221 2.157176 -0.109205
v 0.003121 2.168765 -0.102467
v 0.001802 2.180341 -0.095735
v 0.000203 2.191910 -0.089007
v -0.001755 2.203463 -0.082289
v -0.004121 2.214972 -0.075596
v -0.006851 2.226446 -0.068924
v -0.010051 2.237891 -0.062268
v -0.013781 2.249268 -0.055652
v -0.018010 2.260605 -0.049060
v -0.023000 2.271865 -0.042512
v -0.028740 2.282986 -0.036045
v -0.035203 2.293979 -0.029652
v -0.042545 2.304776 -0.023374
v -0.050564 2.315398 -0.017197
v -0.059510 2.325781 -0.011159
v -0.069179 2.335918 -0.005264
v -0.079698 2.345772 0.000466
v -0.090951 2.355325 0.006021
v -0.102942 2.364560 0.011392
v -0.115651 2.373444 0.016558
v -0.115651 2.048824 0.574788
v -0.102942 2.039940 0.569622
v -0.090951 2.030704 0.564252
v -0.079698 2.021152 0.558697
v -0.069179 2.011298 0.552967
v -0.059510 2.001160 0.547071
v -0.050564 1.990777 0.541033
v -0.042545 1.980156 0.534857
v -0.035203 1.969359 0.528578
v -0.028739 1.958366 0.522185
v -0.023000 1.947245 0.515719
v -0.018010 1.935984 0.509170
v -0.013781 1.924648 0.502578
v -0.010050 1.913271 0.495962
v -0.006851 1.901826 0.489307
v -0.004121 1.890351 0.482634
v -0.001755 1.878843 0.475942
v 0.000204 1.867290 0.469223
v 0.001802 1.855720 0.462495
v 0.003122 1.844144 0.455764
v 0.004222 1.832556 0.449025
v 0.005117 1.820955 0.442279
v 0.005865 1.809353 0.435532
v 0.006524 1.797754 0.428787
v 0.007151 1.786163 0.422047
v 0.007805 1.774587 0.415315
v 0.008560 1.763031 0.408595
v 0.009445 1.751494 0.401886
v 0.010514 1.739989 0.395196
v 0.011817 1.728526 0.388530
v 0.013402 1.717114 0.381894
v 0.015315 1.705765 0.375294
v 0.014432 2.018491 -0.189853
v -0.150201 2.375490 0.017748
v 0.014432 1.693871 0.368377
v -0.150200 2.050869 0.575978
v 0.011391 2.029699 -0.183336
v 0.008761 2.040932 -0.176803
v 0.006482 2.052252 -0.170221
v 0.004515 2.063641 -0.163598
v 0.002816 2.075088 -0.156941
v 0.001338 2.086580 -0.150259
v 0.000031 2.098106 -0.143556
v -0.001157 2.109658 -0.136838
v -0.002280 2.121227 -0.130111
v -0.003396 2.132803 -0.123379
v -0.004550 2.144379 -0.116647
v -0.005781 2.155957 -0.109914
v -0.007171 2.167531 -0.103184
v -0.008781 2.179090 -0.096462
v -0.010669 2.190627 -0.089753
v -0.012887 2.202118 -0.083071
v -0.015399 2.213583 -0.076404
v -0.018346 2.225022 -0.069752
v -0.021815 2.236408 -0.063131
v -0.025888 2.247727 -0.056549
v -0.030679 2.258955 -0.050019
v -0.036277 2.270019 -0.043585
v -0.042534 2.280947 -0.037230
v -0.049681 2.291694 -0.030981
v -0.057624 2.302221 -0.024860
v -0.066403 2.312522 -0.018869
v -0.076093 2.322525 -0.013052
v -0.086519 2.332258 -0.007392
v -0.097893 2.341623 -0.001947
v -0.109868 2.350683 0.003322
v -0.122730 2.359341 0.008357
v -0.136155 2.367644 0.013185
v -0.136154 2.043023 0.571415
v -0.122729 2.034720 0.566587
v -0.109868 2.026062 0.561552
v -0.097893 2.017002 0.556284
v -0.086518 2.007638 0.550838
v -0.076092 1.997905 0.545178
v -0.066402 1.987902 0.539361
v -0.057624 1.977600 0.533371
v -0.049681 1.967073 0.527249
v -0.042534 1.956327 0.521000
v -0.036276 1.945399 0.514645
v -0.030679 1.934335 0.508211
v -0.025887 1.923107 0.501682
v -0.021815 1.911788 0.495100
v -0.018346 1.900402 0.488478
v -0.015398 1.888963 0.481827
v -0.012887 1.877498 0.475159
v -0.010669 1.866007 0.468477
v -0.008781 1.854470 0.461768
v -0.007171 1.842910 0.455046
v -0.005781 1.831337 0.448316
v -0.004550 1.819759 0.441583
v -0.003395 1.808183 0.434852
v -0.002280 1.796606 0.428120
v -0.001157 1.785037 0.421392
v 0.000031 1.773486 0.414675
v 0.001338 1.761959 0.407972
v 0.002816 1.750468 0.401289
v 0.004516 1.739021 0.394633
v 0.006482 1.727631 0.388009
v 0.008761 1.716312 0.381427
v 0.011391 1.705078 0.374895
v 0.011284 2.017776 -0.190269
v -0.171803 2.367952 0.013364
v 0.011284 1.693156 0.367962
v -0.171803 2.043331 0.571595
v 0.007489 2.028808 -0.183854
v 0.004125 2.039888 -0.177411
v 0.001137 2.051078 -0.170903
v -0.001517 2.062360 -0.164343
v -0.003876 2.073718 -0.157738
v -0.005981 2.085138 -0.151097
v -0.007879 2.096606 -0.144428
v -0.009619 2.108110 -0.137738
v -0.011252 2.119641 -0.131033
v -0.012833 2.131187 -0.124319
v -0.014418 2.142740 -0.117600
v -0.016068 2.154291 -0.110883
v -0.017842 2.165831 -0.104172
v -0.019793 2.177343 -0.097478
v -0.021928 2.188838 -0.090793
v -0.024360 2.200308 -0.084124
v -0.027157 2.211755 -0.077467
v -0.030509 2.223135 -0.070849
v -0.034430 2.234430 -0.064281
v -0.039052 2.245622 -0.057772
v -0.044454 2.256648 -0.051361
v -0.050549 2.267515 -0.045041
v -0.057474 2.278208 -0.038823
v -0.065290 2.288641 -0.032756
v -0.073822 2.298858 -0.026815
v -0.083342 2.308771 -0.021051
v -0.093635 2.318374 -0.015466
v -0.104815 2.327635 -0.010081
v -0.116823 2.336503 -0.004924
v -0.129531 2.345014 0.000025
v -0.143084 2.353062 0.004705
v -0.157093 2.360765 0.009185
v -0.157093 2.036144 0.567415
v -0.143084 2.028441 0.562936
v -0.129531 2.020393 0.558256
v -0.116823 2.011883 0.553307
v -0.104815 2.003014 0.548149
v -0.093635 1.993754 0.542764
v -0.083342 1.984150 0.537180
v -0.073822 1.974238 0.531416
v -0.065290 1.964021 0.525474
v -0.057474 1.953588 0.519407
v -0.050549 1.942895 0.513189
v -0.044454 1.932028 0.506869
v -0.039052 1.921002 0.500458
v -0.034430 1.909810 0.493949
v -0.030509 1.898514 0.487381
v -0.027157 1.887135 0.480763
v -0.024359 1.875687 0.474107
v -0.021928 1.864218 0.467437
v -0.019793 1.852723 0.460752
v -0.017842 1.841211 0.454058
v -0.016068 1.829671 0.447347
v -0.014418 1.818120 0.440630
v -0.012833 1.806566 0.433912
v -0.011252 1.795020 0.427197
v -0.009619 1.783490 0.420492
v -0.007879 1.771986 0.413802
v -0.005981 1.760517 0.407133
v -0.003876 1.749098 0.400493
v -0.001517 1.737740 0.393888
v 0.001137 1.726458 0.387327
v 0.004125 1.715267 0.380820
v 0.007489 1.704187 0.374376
v 0.008168 2.016891 -0.190784
v -0.193336 2.359354 0.008364
v 0.008169 1.692270 0.367446
v -0.193335 2.034733 0.566595
v 0.003629 2.027709 -0.184493
v -0.000469 2.038600 -0.178159
v -0.004185 2.049623 -0.171749
v -0.007551 2.060760 -0.165273
v -0.010600 2.071993 -0.158741
v -0.013372 2.083306 -0.152162
v -0.015907 2.094683 -0.145546
v -0.018244 2.106113 -0.138900
v -0.020437 2.117581 -0.132231
v -0.022537 2.129074 -0.125547
v -0.024599 2.140581 -0.118856
v -0.026678 2.152090 -0.112163
v -0.028835 2.163592 -0.105474
v -0.031131 2.175076 -0.098797
v -0.033630 2.186537 -0.092132
v -0.036438 2.197974 -0.085481
v -0.039732 2.209347 -0.078867
v -0.043586 2.220625 -0.072309
v -0.048111 2.231779 -0.065823
v -0.053366 2.242755 -0.059440
v -0.059279 2.253568 -0.053152
v -0.065991 2.264203 -0.046968
v -0.073583 2.274570 -0.040939
v -0.081901 2.284698 -0.035049
v -0.091133 2.294544 -0.029324
v -0.101270 2.304021 -0.023813
v -0.112123 2.313191 -0.018480
v -0.123950 2.321932 -0.013397
v -0.136431 2.330298 -0.008532
v -0.149726 2.338232 -0.003918
v -0.163703 2.345710 0.000430
v -0.178202 2.352802 0.004554
v -0.178202 2.028181 0.562784
v -0.163703 2.021090 0.558661
v -0.149726 2.013612 0.554312
v -0.136431 2.005678 0.549698
v -0.123950 1.997312 0.544834
v -0.112123 1.988571 0.539750
v -0.101270 1.979401 0.534418
v -0.091132 1.969924 0.528907
v -0.081901 1.960078 0.523181
v -0.073583 1.949950 0.517292
v -0.065991 1.939583 0.511263
v -0.059279 1.928948 0.505079
v -0.053366 1.918135 0.498791
v -0.048111 1.907159 0.492408
v -0.043586 1.896005 0.485922
v -0.039732 1.884727 0.479363
v -0.036438 1.873354 0.472750
v -0.033630 1.861917 0.466099
v -0.031131 1.850455 0.459434
v -0.028835 1.838972 0.452756
v -0.026678 1.827470 0.446067
v -0.024599 1.815960 0.439374
v -0.022537 1.804453 0.432683
v -0.020437 1.792960 0.426000
v -0.018244 1.781492 0.419331
v -0.015907 1.770063 0.412684
v -0.013372 1.758686 0.406068
v -0.010600 1.747373 0.399489
v -0.007551 1.736140 0.392957
v -0.004185 1.725003 0.386481
v -0.000468 1.713980 0.380071
v 0.003629 1.703089 0.373737
v 0.005097 2.015838 -0.191396
v -0.214700 2.349664 0.002730
v 0.005097 1.691217 0.366834
v -0.214700 2.025044 0.560960
v -0.000186 2.026399 -0.185254
v -0.005021 2.037059 -0.179055
v -0.009469 2.047875 -0.172766
v -0.013557 2.058827 -0.166397
v -0.017313 2.069898 -0.159959
v -0.020773 2.081070 -0.153462
v -0.023973 2.092325 -0.146917
v -0.026955 2.103647 -0.140333
v -0.029763 2.115021 -0.133719
v -0.032448 2.126432 -0.127083
v -0.035062 2.137866 -0.120435
v -0.037658 2.149305 -0.113783
v -0.040278 2.160741 -0.107133
v -0.042979 2.172178 -0.100481
v -0.045913 2.183614 -0.093832
v -0.049314 2.194974 -0.087225
v -0.053251 2.206214 -0.080689
v -0.057792 2.217306 -0.074239
v -0.062958 2.228226 -0.067889
v -0.068746 2.238989 -0.061630
v -0.075314 2.249556 -0.055485
v -0.082701 2.259849 -0.049500
v -0.090793 2.269894 -0.043658
v -0.099737 2.279664 -0.037977
v -0.109597 2.289052 -0.032518
v -0.120146 2.298117 -0.027246
v -0.131593 2.306797 -0.022198
v -0.143882 2.315006 -0.017424
v -0.156739 2.322860 -0.012857
v -0.170453 2.330213 -0.008581
v -0.184661 2.337151 -0.004547
v -0.199436 2.343664 -0.000759
v -0.199436 2.019044 0.557471
v -0.184661 2.012531 0.553683
v -0.170453 2.005593 0.549649
v -0.156739 1.998240 0.545373
v -0.143882 1.990386 0.540806
v -0.131592 1.982177 0.536032
v -0.120146 1.973496 0.530984
v -0.109597 1.964431 0.525713
v -0.099737 1.955043 0.520253
v -0.090793 1.945273 0.514572
v -0.082701 1.935228 0.508731
v -0.075314 1.924935 0.502745
v -0.068746 1.914369 0.496601
v -0.062958 1.903605 0.490341
v -0.057792 1.892686 0.483992
v -0.053251 1.881594 0.477541
v -0.049314 1.870354 0.471005
v -0.045913 1.858993 0.464399
v -0.042979 1.847558 0.457749
v -0.040278 1.836120 0.451098
v -0.037658 1.824685 0.444448
v -0.035061 1.813245 0.437796
v -0.032448 1.801812 0.431147
v -0.029763 1.790401 0.424511
v -0.026954 1.779027 0.417897
v -0.023972 1.767705 0.411313
v -0.020773 1.756450 0.404768
v -0.017313 1.745278 0.398271
v -0.013556 1.734207 0.391833
v -0.009469 1.723255 0.385464
v -0.005021 1.712439 0.379175
v -0.000186 1.701779 0.372976
v 0.002080 2.014618 -0.192105
v -0.236353 2.338593 -0.003708
v 0.002080 1.689998 0.366125
v -0.236353 2.013973 0.554522
v -0.003941 2.024879 -0.186139
v -0.009516 2.035262 -0.180100
v -0.014706 2.045825 -0.173958
v -0.019534 2.056548 -0.167722
v -0.024024 2.067412 -0.161405
v -0.028205 2.078397 -0.155017
v -0.032110 2.089486 -0.148569
v -0.035777 2.100660 -0.142071
v -0.039246 2.111902 -0.135533
v -0.042560 2.123196 -0.128966
v -0.045768 2.134524 -0.122378
v -0.048922 2.145872 -0.115779
v -0.052078 2.157236 -0.109171
v -0.055371 2.168614 -0.102554
v -0.059067 2.179912 -0.095984
v -0.063209 2.191077 -0.089492
v -0.067838 2.202107 -0.083077
v -0.073049 2.212977 -0.076757
v -0.078901 2.223656 -0.070546
v -0.085452 2.234113 -0.064465
v -0.092721 2.244301 -0.058541
v -0.100627 2.254261 -0.052749
v -0.109373 2.263930 -0.047126
v -0.118962 2.273221 -0.041723
v -0.129241 2.282173 -0.036518
v -0.140314 2.290762 -0.031523
v -0.152245 2.298882 -0.026801
v -0.164774 2.306606 -0.022310
v -0.178013 2.313907 -0.018064
v -0.191981 2.320675 -0.014128
v -0.206253 2.327108 -0.010387
v -0.221124 2.333088 -0.006910
v -0.221124 2.008468 0.551321
v -0.206253 2.002487 0.547843
v -0.191981 1.996054 0.544102
v -0.178013 1.989287 0.540167
v -0.164774 1.981985 0.535921
v -0.152245 1.974262 0.531430
v -0.140314 1.966142 0.526708
v -0.129241 1.957552 0.521713
v -0.118962 1.948601 0.516507
v -0.109373 1.939309 0.511104
v -0.100627 1.929641 0.505481
v -0.092720 1.919681 0.499689
v -0.085452 1.909492 0.493765
v -0.078901 1.899036 0.487684
v -0.073049 1.888356 0.481474
v -0.067838 1.877487 0.475153
v -0.063209 1.866456 0.468739
v -0.059066 1.855291 0.462246
v -0.055371 1.843993 0.455676
v -0.052078 1.832615 0.449059
v -0.048922 1.821252 0.442451
v -0.045768 1.809904 0.435852
v -0.042560 1.798575 0.429265
v -0.039245 1.787282 0.422697
v -0.035777 1.776040 0.416160
v -0.032110 1.764866 0.409662
v -0.028205 1.753777 0.403214
v -0.024023 1.742792 0.396825
v -0.019534 1.731928 0.390508
v -0.014706 1.721205 0.384273
v -0.009516 1.710642 0.378130
v -0.003941 1.700258 0.372092
v -0.000867 2.013232 -0.192911
v -0.259041 2.325528 -0.011306
v -0.000867 1.688612 0.365319
v -0.259041 2.000908 0.546925
v -0.007621 2.023146 -0.187147
v -0.013934 2.033207 -0.181296
v -0.019873 2.043468 -0.175328
v -0.025455 2.053912 -0.169255
v -0.030701 2.064517 -0.163088
v -0.035636 2.075265 -0.156838
v -0.040287 2.086135 -0.150517
v -0.044688 2.097110 -0.144135
v -0.048875 2.108171 -0.137703
v -0.052885 2.119298 -0.131232
v -0.056764 2.130475 -0.124733
v -0.060558 2.141688 -0.118212
v -0.064358 2.152952 -0.111662
v -0.068464 2.164164 -0.105142
v -0.072980 2.175241 -0.098700
v -0.077963 2.186158 -0.092352
v -0.083471 2.196894 -0.086109
v -0.089549 2.207412 -0.079993
v -0.096166 2.217731 -0.073992
v -0.103438 2.227816 -0.068127
v -0.111411 2.237625 -0.062423
v -0.120127 2.247121 -0.056901
v -0.129592 2.256239 -0.051599
v -0.139639 2.265059 -0.046470
v -0.150488 2.273501 -0.041560
v -0.162116 2.281491 -0.036914
v -0.174384 2.289041 -0.032524
v -0.187200 2.296218 -0.028350
v -0.200733 2.302915 -0.024456
v -0.214797 2.309121 -0.020847
v -0.229107 2.315027 -0.017412
v -0.243940 2.320493 -0.014234
v -0.243940 1.995872 0.543996
v -0.229107 1.990407 0.540818
v -0.214796 1.984501 0.537384
v -0.200733 1.978295 0.533775
v -0.187200 1.971598 0.529880
v -0.174384 1.964421 0.525707
v -0.162116 1.956871 0.521316
v -0.150488 1.948881 0.516670
v -0.139639 1.940439 0.511761
v -0.129592 1.931619 0.506632
v -0.120126 1.922501 0.501330
v -0.111410 1.913005 0.495807
v -0.103438 1.903196 0.490103
v -0.096166 1.893110 0.484238
v -0.089549 1.882791 0.478238
v -0.083470 1.872274 0.472121
v -0.077963 1.861537 0.465878
v -0.072979 1.850621 0.459530
v -0.068463 1.839543 0.453088
v -0.064358 1.828332 0.446569
v -0.060558 1.817068 0.440018
v -0.056764 1.805854 0.433498
v -0.052885 1.794678 0.426998
v -0.048874 1.783550 0.420527
v -0.044688 1.772490 0.414096
v -0.040287 1.761515 0.407714
v -0.035635 1.750644 0.401392
v -0.030701 1.739897 0.395142
v -0.025455 1.729292 0.388975
v -0.019873 1.718848 0.382902
v -0.013934 1.708586 0.376935
v -0.007620 1.698525 0.371084
v -0.003734 2.011681 -0.193813
v -0.283686 2.309449 -0.020656
v -0.003734 1.687061 0.364417
v -0.283686 1.984828 0.537574
v -0.011206 2.021201 -0.188277
v -0.018254 2.030890 -0.182643
v -0.024944 2.040799 -0.176881
v -0.031290 2.050908 -0.171002
v -0.037311 2.061198 -0.165018
v -0.043027 2.071650 -0.158940
v -0.048462 2.082242 -0.152781
v -0.053645 2.092957 -0.146550
v -0.058607 2.103773 -0.140260
v -0.063383 2.114672 -0.133922
v -0.068011 2.125635 -0.127547
v -0.072543 2.136672 -0.121129
v -0.077206 2.147724 -0.114702
v -0.082241 2.158654 -0.108346
v -0.087693 2.169409 -0.102092
v -0.093616 2.179969 -0.095951
v -0.100056 2.190313 -0.089936
v -0.107058 2.200417 -0.084060
v -0.114663 2.210257 -0.078338
v -0.122898 2.219793 -0.072793
v -0.131724 2.229032 -0.067420
v -0.141187 2.237957 -0.062230
v -0.151342 2.246518 -0.057252
v -0.162197 2.254678 -0.052506
v -0.173737 2.262395 -0.048019
v -0.185827 2.269707 -0.043767
v -0.198466 2.276633 -0.039739
v -0.211732 2.283100 -0.035978
v -0.225533 2.289081 -0.032500
v -0.239630 2.294699 -0.029234
v -0.254024 2.299990 -0.026157
v -0.268766 2.304900 -0.023301
v -0.268766 1.980280 0.534929
v -0.254024 1.975369 0.532074
v -0.239629 1.970078 0.528997
v -0.225533 1.964461 0.525730
v -0.211732 1.958480 0.522252
v -0.198466 1.952012 0.518491
v -0.185827 1.945087 0.514464
v -0.173736 1.937775 0.510212
v -0.162197 1.930058 0.505724
v -0.151342 1.921898 0.500979
v -0.141186 1.913336 0.496000
v -0.131724 1.904411 0.490810
v -0.122898 1.895173 0.485438
v -0.114663 1.885636 0.479892
v -0.107058 1.875797 0.474170
v -0.100056 1.865692 0.468294
v -0.093615 1.855349 0.462279
v -0.087693 1.844789 0.456139
v -0.082241 1.834033 0.449884
v -0.077206 1.823103 0.443528
v -0.072543 1.812052 0.437101
v -0.068010 1.801014 0.430683
v -0.063383 1.790052 0.424308
v -0.058607 1.779153 0.417970
v -0.053645 1.768336 0.411680
v -0.048462 1.757622 0.405450
v -0.043026 1.747030 0.399290
v -0.037311 1.736578 0.393212
v -0.031290 1.726288 0.387228
v -0.024944 1.716179 0.381350
v -0.018254 1.706270 0.375587
v -0.011206 1.696580 0.369953
v -0.006506 2.009968 -0.194810
v -0.310995 2.288989 -0.032554
v -0.006505 1.685347 0.363421
v -0.310995 1.964368 0.525676
v -0.014680 2.019046 -0.189531
v -0.022452 2.028312 -0.184142
v -0.029890 2.037814 -0.178617
v -0.037006 2.047530 -0.172966
v -0.043815 2.057443 -0.167202
v -0.050335 2.067532 -0.161335
v -0.056587 2.077777 -0.155377
v -0.062596 2.088158 -0.149341
v -0.068390 2.098655 -0.143237
v -0.073998 2.109248 -0.137077
v -0.079457 2.119920 -0.130870
v -0.084853 2.130693 -0.124606
v -0.090519 2.141402 -0.118378
v -0.096576 2.151933 -0.112254
v -0.103071 2.162247 -0.106257
v -0.110052 2.172319 -0.100399
v -0.117559 2.182127 -0.094696
v -0.125626 2.191647 -0.089160
v -0.134278 2.200854 -0.083806
v -0.143537 2.209722 -0.078649
v -0.153419 2.218227 -0.073703
v -0.163928 2.226340 -0.068985
v -0.175038 2.234035 -0.064511
v -0.186660 2.241360 -0.060251
v -0.198883 2.248258 -0.056240
v -0.211664 2.254708 -0.052489
v -0.224968 2.260702 -0.049003
v -0.238736 2.266241 -0.045783
v -0.252828 2.271372 -0.042799
v -0.267098 2.276223 -0.039978
v -0.281630 2.280742 -0.037350
v -0.296302 2.284975 -0.034888
v -0.296302 1.960354 0.523342
v -0.281630 1.956121 0.520880
v -0.267098 1.951603 0.518253
v -0.252828 1.946752 0.515432
v -0.238736 1.941620 0.512448
v -0.224968 1.936082 0.509227
v -0.211664 1.930087 0.505741
v -0.198883 1.923638 0.501991
v -0.186660 1.916740 0.497979
v -0.175038 1.909415 0.493720
v -0.163928 1.901720 0.489245
v -0.153418 1.893607 0.484527
v -0.143537 1.885102 0.479581
v -0.134278 1.876233 0.474424
v -0.125626 1.867027 0.469070
v -0.117559 1.857507 0.463535
v -0.110052 1.847699 0.457831
v -0.103071 1.837627 0.451974
v -0.096575 1.827313 0.445976
v -0.090519 1.816782 0.439852
v -0.084853 1.806072 0.433624
v -0.079457 1.795300 0.427360
v -0.073998 1.784627 0.421154
v -0.068390 1.774035 0.414994
v -0.062596 1.763538 0.408890
v -0.056587 1.753157 0.402853
v -0.050335 1.742912 0.396895
v -0.043815 1.732823 0.391028
v -0.037006 1.722910 0.385264
v -0.029890 1.713193 0.379614
v -0.022452 1.703692 0.374088
v -0.014680 1.694425 0.368700
v -0.009169 2.008095 -0.195899
v -0.340821 2.262820 -0.047771
v -0.009169 1.683475 0.362332
v -0.340821 1.938200 0.510459
v -0.018024 2.016683 -0.190905
v -0.026505 2.025475 -0.185792
v -0.034683 2.034511 -0.180537
v -0.042567 2.043772 -0.175152
v -0.050171 2.053239 -0.169647
v -0.057511 2.062892 -0.164033
v -0.064607 2.072710 -0.158324
v -0.071480 2.082674 -0.152530
v -0.078155 2.092761 -0.146664
v -0.084659 2.102952 -0.140737
v -0.091031 2.113239 -0.134755
v -0.097409 2.123613 -0.128723
v -0.104139 2.133855 -0.122767
v -0.111289 2.143859 -0.116949
v -0.118907 2.153591 -0.111290
v -0.127038 2.163021 -0.105807
v -0.135714 2.172121 -0.100514
v -0.144961 2.180866 -0.095429
v -0.154793 2.189230 -0.090565
v -0.165218 2.197191 -0.085936
v -0.176233 2.204726 -0.081554
v -0.187830 2.211817 -0.077431
v -0.199991 2.218449 -0.073574
v -0.212688 2.224613 -0.069990
v -0.225886 2.230305 -0.066680
v -0.239531 2.235526 -0.063643
v -0.253527 2.240319 -0.060856
v -0.267797 2.244740 -0.058285
v -0.282315 2.248797 -0.055926
v -0.296981 2.252546 -0.053746
v -0.311692 2.256063 -0.051701
v -0.326334 2.259447 -0.049733
v -0.326334 1.934826 0.508497
v -0.311692 1.931442 0.506529
v -0.296981 1.927925 0.504484
v -0.282315 1.924177 0.502304
v -0.267797 1.920120 0.499945
v -0.253527 1.915698 0.497374
v -0.239531 1.910906 0.494587
v -0.225886 1.905684 0.491551
v -0.212688 1.899993 0.488241
v -0.199991 1.893829 0.484657
v -0.187830 1.887197 0.480800
v -0.176233 1.880105 0.476676
v -0.165217 1.872571 0.472294
v -0.154793 1.864610 0.467665
v -0.144961 1.856246 0.462801
v -0.135714 1.847501 0.457716
v -0.127037 1.838400 0.452424
v -0.118907 1.828971 0.446940
v -0.111289 1.819239 0.441281
v -0.104139 1.809234 0.435463
v -0.097409 1.798993 0.429507
v -0.091031 1.788619 0.423475
v -0.084659 1.778332 0.417493
v -0.078155 1.768141 0.411567
v -0.071480 1.758053 0.405700
v -0.064607 1.748090 0.399907
v -0.057511 1.738272 0.394197
v -0.050171 1.728619 0.388584
v -0.042567 1.719152 0.383079
v -0.034683 1.709890 0.377693
v -0.026505 1.700854 0.372438
v -0.018024 1.692062 0.367326
v -0.011711 2.006067 -0.197078
v -0.370635 2.231374 -0.066058
v -0.011711 1.681447 0.361152
v -0.370635 1.906753 0.492172
v -0.021220 2.014116 -0.192397
v -0.030390 2.022380 -0.187592
v -0.039291 2.030891 -0.182642
v -0.047935 2.039631 -0.177560
v -0.056333 2.048579 -0.172357
v -0.064501 2.057714 -0.167044
v -0.072458 2.067017 -0.161634
v -0.080224 2.076466 -0.156140
v -0.087822 2.086039 -0.150573
v -0.095278 2.095714 -0.144947
v -0.102633 2.105487 -0.139263
v -0.110056 2.115322 -0.133544
v -0.117883 2.124961 -0.127939
v -0.126159 2.134300 -0.122508
v -0.134935 2.143297 -0.117276
v -0.144250 2.151916 -0.112264
v -0.154133 2.160123 -0.107491
v -0.164601 2.167890 -0.102975
v -0.175658 2.175188 -0.098731
v -0.187299 2.181997 -0.094772
v -0.199508 2.188297 -0.091108
v -0.212259 2.194078 -0.087746
v -0.225514 2.199337 -0.084688
v -0.239228 2.204078 -0.081931
v -0.253345 2.208318 -0.079466
v -0.267799 2.212085 -0.077275
v -0.282512 2.215422 -0.075334
v -0.297397 2.218391 -0.073608
v -0.312356 2.221073 -0.072048
v -0.327278 2.223570 -0.070596
v -0.342040 2.226008 -0.069178
v -0.356502 2.228542 -0.067705
v -0.356502 1.903921 0.490525
v -0.342039 1.901388 0.489052
v -0.327278 1.898950 0.487634
v -0.312356 1.896452 0.486182
v -0.297397 1.893771 0.484623
v -0.282511 1.890802 0.482896
v -0.267798 1.887464 0.480955
v -0.253345 1.883698 0.478765
v -0.239228 1.879458 0.476299
v -0.225514 1.874717 0.473542
v -0.212259 1.869458 0.470484
v -0.199508 1.863677 0.467122
v -0.187299 1.857376 0.463458
v -0.175658 1.850568 0.459499
v -0.164601 1.843269 0.455255
v -0.154133 1.835503 0.450739
v -0.144250 1.827295 0.445966
v -0.134935 1.818676 0.440954
v -0.126159 1.809680 0.435722
v -0.117883 1.800341 0.430291
v -0.110056 1.790701 0.424686
v -0.102632 1.780867 0.418967
v -0.095277 1.771093 0.413283
v -0.087822 1.761418 0.407657
v -0.080224 1.751846 0.402091
v -0.072458 1.742397 0.396596
v -0.064501 1.733094 0.391186
v -0.056332 1.723958 0.385874
v -0.047934 1.715010 0.380670
v -0.039291 1.706271 0.375588
v -0.030390 1.697760 0.370639
v -0.021220 1.689496 0.365833
v 0.012339 2.018247 -0.189995
v -0.132043 2.378229 0.019340
v 0.012339 1.693627 0.368235
v -0.132042 2.053608 0.577571
v 0.010042 2.029656 -0.183360
v 0.008108 2.041126 -0.176690
v 0.006508 2.052645 -0.169992
v 0.005195 2.064199 -0.163273
v 0.004120 2.075777 -0.156541
v 0.003230 2.087368 -0.149800
v 0.002472 2.098965 -0.143056
v 0.001817 2.110563 -0.136312
v 0.001190 2.122154 -0.129572
v 0.000532 2.133732 -0.122839
v -0.000213 2.145293 -0.116116
v -0.001104 2.156834 -0.109405
v -0.002197 2.168350 -0.102708
v -0.003506 2.179841 -0.096026
v -0.005090 2.191302 -0.089361
v -0.007026 2.202725 -0.082718
v -0.009366 2.214103 -0.076102
v -0.012062 2.225439 -0.069509
v -0.015215 2.236719 -0.062950
v -0.018892 2.247930 -0.056430
v -0.023046 2.259070 -0.049952
v -0.027933 2.270098 -0.043539
v -0.033560 2.280999 -0.037200
v -0.039887 2.291763 -0.030941
v -0.047084 2.302344 -0.024788
v -0.054943 2.312756 -0.018733
v -0.063713 2.322933 -0.012815
v -0.073203 2.332884 -0.007028
v -0.083532 2.342559 -0.001402
v -0.094599 2.351954 0.004061
v -0.106398 2.361041 0.009346
v -0.118923 2.369797 0.014437
v -0.118923 2.045176 0.572667
v -0.106398 2.036421 0.567576
v -0.094599 2.027333 0.562291
v -0.083532 2.017939 0.556828
v -0.073202 2.008263 0.551202
v -0.063712 1.998312 0.545415
v -0.054943 1.988136 0.539497
v -0.047084 1.977724 0.533443
v -0.039886 1.967143 0.527289
v -0.033559 1.956379 0.521030
v -0.027933 1.945478 0.514691
v -0.023046 1.934450 0.508278
v -0.018892 1.923310 0.501800
v -0.015215 1.912099 0.495281
v -0.012062 1.900819 0.488721
v -0.009365 1.889483 0.482129
v -0.007025 1.878104 0.475512
v -0.005090 1.866681 0.468870
v -0.003506 1.855220 0.462205
v -0.002197 1.843729 0.455522
v -0.001103 1.832214 0.448826
v -0.000213 1.820673 0.442115
v 0.000533 1.809111 0.435392
v 0.001190 1.797533 0.428659
v 0.001817 1.785942 0.421918
v 0.002472 1.774344 0.415174
v 0.003230 1.762748 0.408430
v 0.004120 1.751157 0.401690
v 0.005196 1.739579 0.394957
v 0.006509 1.728025 0.388238
v 0.008109 1.716506 0.381540
v 0.010042 1.705036 0.374870
v 0.009233 2.017437 -0.190466
v -0.153098 2.371613 0.015493
v 0.009233 1.692817 0.367765
v -0.153098 2.046992 0.573723
v 0.006174 2.028714 -0.183908
v 0.003513 2.040079 -0.177300
v 0.001211 2.051515 -0.170649
v -0.000774 2.063007 -0.163967
v -0.002486 2.074539 -0.157260
v -0.003973 2.086099 -0.150538
v -0.005285 2.097677 -0.143805
v -0.006477 2.109260 -0.137069
v -0.007601 2.120842 -0.130334
v -0.008716 2.132413 -0.123605
v -0.009869 2.143970 -0.116885
v -0.011095 2.155507 -0.110176
v -0.012478 2.167017 -0.103483
v -0.014076 2.178491 -0.096811
v -0.015946 2.189924 -0.090162
v -0.018144 2.201309 -0.083542
v -0.020629 2.212652 -0.076945
v -0.023535 2.223932 -0.070386
v -0.026948 2.235135 -0.063871
v -0.030944 2.246243 -0.057412
v -0.035632 2.257231 -0.051022
v -0.041117 2.268070 -0.044719
v -0.047244 2.278772 -0.038495
v -0.054234 2.289281 -0.032384
v -0.062012 2.299590 -0.026390
v -0.070601 2.309670 -0.020528
v -0.080100 2.319474 -0.014826
v -0.090321 2.329017 -0.009277
v -0.101493 2.338214 -0.003929
v -0.113268 2.347123 0.001252
v -0.125924 2.355642 0.006206
v -0.139158 2.363827 0.010965
v -0.139157 2.039207 0.569196
v -0.125924 2.031022 0.564436
v -0.113268 2.022503 0.559482
v -0.101493 2.013593 0.554301
v -0.090320 2.004397 0.548953
v -0.080100 1.994854 0.543404
v -0.070601 1.985049 0.537703
v -0.062011 1.974969 0.531841
v -0.054233 1.964661 0.525846
v -0.047243 1.954152 0.519735
v -0.041117 1.943450 0.513512
v -0.035632 1.932610 0.507208
v -0.030943 1.921622 0.500819
v -0.026947 1.910514 0.494359
v -0.023535 1.899312 0.487845
v -0.020628 1.888032 0.481285
v -0.018144 1.876688 0.474689
v -0.015946 1.865304 0.468068
v -0.014075 1.853871 0.461420
v -0.012478 1.842396 0.454747
v -0.011095 1.830887 0.448055
v -0.009869 1.819349 0.441345
v -0.008716 1.807793 0.434625
v -0.007601 1.796221 0.427896
v -0.006476 1.784640 0.421161
v -0.005285 1.773056 0.414425
v -0.003972 1.761479 0.407693
v -0.002485 1.749919 0.400970
v -0.000773 1.738386 0.394264
v 0.001211 1.726895 0.387581
v 0.003513 1.715458 0.380931
v 0.006175 1.704093 0.374322
v 0.006165 2.016461 -0.191034
v -0.174430 2.363933 0.011027
v 0.006166 1.691840 0.367197
v -0.174430 2.039313 0.569258
v 0.002346 2.027564 -0.184577
v -0.001059 2.038783 -0.178053
v -0.004081 2.050099 -0.171473
v -0.006762 2.061492 -0.164847
v -0.009140 2.072947 -0.158186
v -0.011261 2.084448 -0.151498
v -0.013169 2.095980 -0.144792
v -0.014916 2.107531 -0.138075
v -0.016553 2.119089 -0.131354
v -0.018135 2.130644 -0.124635
v -0.019719 2.142185 -0.117923
v -0.021364 2.153704 -0.111224
v -0.023130 2.165193 -0.104544
v -0.025071 2.176643 -0.097885
v -0.027191 2.188056 -0.091248
v -0.029598 2.199415 -0.084643
v -0.032357 2.210708 -0.078076
v -0.035655 2.221902 -0.071566
v -0.039503 2.232990 -0.065118
v -0.044027 2.243946 -0.058748
v -0.049317 2.254740 -0.052470
v -0.055283 2.265380 -0.046283
v -0.062047 2.275825 -0.040209
v -0.069697 2.286035 -0.034272
v -0.078044 2.296031 -0.028459
v -0.087356 2.305727 -0.022821
v -0.097443 2.315138 -0.017348
v -0.108398 2.324212 -0.012071
v -0.120194 2.332923 -0.007006
v -0.132679 2.341285 -0.002143
v -0.146029 2.349211 0.002466
v -0.159841 2.356807 0.006883
v -0.159840 2.032186 0.565113
v -0.146029 2.024591 0.560697
v -0.132679 2.016665 0.556087
v -0.120194 2.008302 0.551225
v -0.108397 1.999591 0.546159
v -0.097443 1.990517 0.540882
v -0.087356 1.981106 0.535410
v -0.078044 1.971411 0.529772
v -0.069697 1.961414 0.523958
v -0.062047 1.951204 0.518021
v -0.055283 1.940760 0.511947
v -0.049317 1.930120 0.505760
v -0.044027 1.919325 0.499483
v -0.039503 1.908370 0.493112
v -0.035655 1.897281 0.486664
v -0.032357 1.886088 0.480155
v -0.029598 1.874794 0.473587
v -0.027190 1.863436 0.466982
v -0.025070 1.852022 0.460345
v -0.023130 1.840572 0.453687
v -0.021364 1.829084 0.447006
v -0.019719 1.817565 0.440307
v -0.018135 1.806023 0.433596
v -0.016553 1.794468 0.426876
v -0.014916 1.782910 0.420155
v -0.013169 1.771359 0.413438
v -0.011261 1.759827 0.406732
v -0.009140 1.748327 0.400044
v -0.006762 1.736872 0.393383
v -0.004081 1.725478 0.386758
v -0.001059 1.714162 0.380177
v 0.002347 1.702944 0.373653
v 0.003149 2.015317 -0.191699
v -0.195726 2.355226 0.005964
v 0.003149 1.690696 0.366531
v -0.195726 2.030606 0.564194
v -0.001420 2.026208 -0.185366
v -0.005571 2.037240 -0.178950
v -0.009332 2.048394 -0.172464
v -0.012734 2.059649 -0.165919
v -0.015812 2.070987 -0.159326
v -0.018606 2.082392 -0.152694
v -0.021158 2.093845 -0.146033
v -0.023507 2.105335 -0.139352
v -0.025708 2.116844 -0.132659
v -0.027813 2.128361 -0.125962
v -0.029875 2.139871 -0.119269
v -0.031952 2.151365 -0.112585
v -0.034102 2.162830 -0.105918
v -0.036386 2.174255 -0.099274
v -0.038865 2.185630 -0.092659
v -0.041641 2.196935 -0.086085
v -0.044883 2.208133 -0.079573
v -0.048667 2.219207 -0.073133
v -0.053100 2.230132 -0.066780
v -0.058248 2.240886 -0.060527
v -0.064039 2.251476 -0.054369
v -0.070593 2.261862 -0.048329
v -0.078017 2.271999 -0.042434
v -0.086154 2.281908 -0.036672
v -0.095169 2.291522 -0.031081
v -0.105097 2.300803 -0.025684
v -0.115726 2.309784 -0.020461
v -0.127322 2.318353 -0.015478
v -0.139585 2.326573 -0.010698
v -0.152649 2.334369 -0.006165
v -0.166423 2.341738 -0.001880
v -0.180713 2.348728 0.002185
v -0.180713 2.024107 0.560416
v -0.166423 2.017118 0.556351
v -0.152649 2.009748 0.552065
v -0.139585 2.001953 0.547532
v -0.127322 1.993733 0.542752
v -0.115726 1.985164 0.537769
v -0.105097 1.976182 0.532546
v -0.095169 1.966902 0.527149
v -0.086154 1.957287 0.521558
v -0.078017 1.947379 0.515796
v -0.070593 1.937241 0.509901
v -0.064039 1.926856 0.503862
v -0.058248 1.916265 0.497703
v -0.053099 1.905512 0.491450
v -0.048667 1.894587 0.485097
v -0.044883 1.883512 0.478657
v -0.041641 1.872314 0.472145
v -0.038865 1.861010 0.465571
v -0.036386 1.849635 0.458957
v -0.034102 1.838209 0.452313
v -0.031952 1.826744 0.445645
v -0.029875 1.815251 0.438962
v -0.027813 1.803740 0.432268
v -0.025708 1.792224 0.425571
v -0.023507 1.780714 0.418878
v -0.021158 1.769225 0.412197
v -0.018606 1.757771 0.405536
v -0.015812 1.746367 0.398905
v -0.012733 1.735029 0.392311
v -0.009332 1.723773 0.385766
v -0.005571 1.712620 0.379280
v -0.001420 1.701587 0.372865
v 0.000195 2.014006 -0.192461
v -0.216910 2.345462 0.000286
v 0.000195 1.689386 0.365769
v -0.216910 2.020842 0.558517
v -0.005123 2.024641 -0.186277
v -0.010023 2.035443 -0.179995
v -0.014526 2.046393 -0.173628
v -0.018660 2.057469 -0.167187
v -0.022455 2.068652 -0.160684
v -0.025945 2.079922 -0.154130
v -0.029169 2.091262 -0.147536
v -0.032169 2.102653 -0.140911
v -0.034991 2.114079 -0.134267
v -0.037684 2.125525 -0.127611
v -0.040301 2.136974 -0.120953
v -0.042897 2.148412 -0.114302
v -0.045513 2.159831 -0.107662
v -0.048202 2.171217 -0.101040
v -0.051105 2.182536 -0.094458
v -0.054455 2.193727 -0.087951
v -0.058325 2.204775 -0.081526
v -0.062781 2.215662 -0.075195
v -0.067852 2.226379 -0.068963
v -0.073521 2.236923 -0.062831
v -0.079937 2.247245 -0.056829
v -0.087162 2.257312 -0.050975
v -0.095080 2.267141 -0.045259
v -0.103809 2.276678 -0.039713
v -0.113457 2.285862 -0.034372
v -0.123791 2.294743 -0.029208
v -0.134987 2.303234 -0.024270
v -0.147056 2.311294 -0.019583
v -0.159688 2.319012 -0.015095
v -0.173174 2.326241 -0.010891
v -0.187187 2.333085 -0.006912
v -0.201754 2.339506 -0.003177
v -0.201754 2.014886 0.555053
v -0.187187 2.008464 0.551319
v -0.173174 2.001621 0.547339
v -0.159688 1.994392 0.543135
v -0.147056 1.986674 0.538647
v -0.134987 1.978613 0.533960
v -0.123791 1.970123 0.529023
v -0.113457 1.961242 0.523858
v -0.103809 1.952058 0.518517
v -0.095080 1.942521 0.512972
v -0.087162 1.932692 0.507256
v -0.079937 1.922625 0.501402
v -0.073521 1.912303 0.495399
v -0.067852 1.901758 0.489267
v -0.062781 1.891042 0.483036
v -0.058325 1.880154 0.476704
v -0.054455 1.869107 0.470280
v -0.051105 1.857915 0.463772
v -0.048202 1.846597 0.457190
v -0.045513 1.835210 0.450569
v -0.042897 1.823792 0.443929
v -0.040300 1.812354 0.437277
v -0.037684 1.800905 0.430619
v -0.034991 1.789459 0.423964
v -0.032169 1.778033 0.417319
v -0.029169 1.766642 0.410695
v -0.025945 1.755302 0.404100
v -0.022454 1.744031 0.397546
v -0.018660 1.732849 0.391043
v -0.014526 1.721773 0.384603
v -0.010022 1.710823 0.378235
v -0.005123 1.700021 0.371953
v -0.002682 2.012530 -0.193320
v -0.238413 2.334335 -0.006185
v -0.002682 1.687909 0.364911
v -0.238413 2.009715 0.552046
v -0.008745 2.022862 -0.187311
v -0.014396 2.033388 -0.181190
v -0.019652 2.044086 -0.174969
v -0.024537 2.054935 -0.168661
v -0.029074 2.065914 -0.162276
v -0.033295 2.077003 -0.155827
v -0.037233 2.088184 -0.149326
v -0.040926 2.099435 -0.142783
v -0.044413 2.110740 -0.136209
v -0.047741 2.122079 -0.129615
v -0.050958 2.133436 -0.123011
v -0.054114 2.144794 -0.116406
v -0.057264 2.156137 -0.109810
v -0.060531 2.167426 -0.103245
v -0.064179 2.178578 -0.096760
v -0.068262 2.189584 -0.090359
v -0.072816 2.200436 -0.084049
v -0.077930 2.211104 -0.077845
v -0.083663 2.221568 -0.071760
v -0.090074 2.231801 -0.065810
v -0.097196 2.241783 -0.060005
v -0.104934 2.251532 -0.054336
v -0.113471 2.260970 -0.048848
v -0.122850 2.270058 -0.043563
v -0.132921 2.278827 -0.038463
v -0.143751 2.287229 -0.033577
v -0.155448 2.295189 -0.028949
v -0.167762 2.302779 -0.024535
v -0.180755 2.309946 -0.020367
v -0.194521 2.316614 -0.016489
v -0.208615 2.322968 -0.012795
v -0.223280 2.328865 -0.009365
v -0.223280 2.004245 0.548865
v -0.208614 1.998347 0.545436
v -0.194521 1.991994 0.541741
v -0.180755 1.985326 0.537863
v -0.167761 1.978159 0.533696
v -0.155448 1.970568 0.529282
v -0.143751 1.962609 0.524653
v -0.132921 1.954207 0.519767
v -0.122850 1.945437 0.514667
v -0.113471 1.936350 0.509383
v -0.104934 1.926912 0.503895
v -0.097196 1.917162 0.498225
v -0.090074 1.907181 0.492421
v -0.083663 1.896948 0.486470
v -0.077929 1.886484 0.480385
v -0.072815 1.875816 0.474181
v -0.068262 1.864964 0.467871
v -0.064179 1.853958 0.461471
v -0.060531 1.842805 0.454985
v -0.057264 1.831516 0.448420
v -0.054114 1.820174 0.441825
v -0.050957 1.808816 0.435220
v -0.047741 1.797459 0.428616
v -0.044413 1.786119 0.422021
v -0.040925 1.774815 0.415448
v -0.037233 1.763563 0.408905
v -0.033295 1.752383 0.402403
v -0.029074 1.741294 0.395954
v -0.024537 1.730314 0.389570
v -0.019652 1.719465 0.383261
v -0.014396 1.708768 0.377040
v -0.008745 1.698242 0.370919
v -0.005469 2.010890 -0.194273
v -0.260962 2.321221 -0.013810
v -0.005469 1.686270 0.363957
v -0.260962 1.996601 0.544420
v -0.012269 2.020874 -0.188468
v -0.018669 2.031073 -0.182537
v -0.024685 2.041467 -0.176492
v -0.030334 2.052036 -0.170346
v -0.035638 2.062758 -0.164111
v -0.040621 2.073612 -0.157799
v -0.045314 2.084579 -0.151422
v -0.049749 2.095636 -0.144992
v -0.053961 2.106766 -0.138520
v -0.057992 2.117948 -0.132017
v -0.061884 2.129164 -0.125495
v -0.065683 2.140394 -0.118965
v -0.069467 2.151610 -0.112442
v -0.073528 2.162700 -0.105993
v -0.077982 2.173627 -0.099639
v -0.082888 2.184375 -0.093389
v -0.088301 2.194926 -0.087253
v -0.094274 2.205261 -0.081243
v -0.100769 2.215390 -0.075353
v -0.107890 2.225268 -0.069609
v -0.115689 2.234863 -0.064029
v -0.124207 2.244144 -0.058632
v -0.133483 2.253077 -0.053437
v -0.143330 2.261723 -0.048410
v -0.153938 2.269977 -0.043610
v -0.165327 2.277803 -0.039059
v -0.177385 2.285223 -0.034744
v -0.189979 2.292277 -0.030642
v -0.203274 2.298855 -0.026817
v -0.217161 2.304982 -0.023253
v -0.231305 2.310820 -0.019859
v -0.245948 2.316216 -0.016721
v -0.245948 1.991595 0.541509
v -0.231305 1.986200 0.538372
v -0.217161 1.980362 0.534977
v -0.203274 1.974235 0.531414
v -0.189979 1.967656 0.527588
v -0.177385 1.960603 0.523486
v -0.165327 1.953182 0.519171
v -0.153937 1.945357 0.514621
v -0.143329 1.937103 0.509821
v -0.133483 1.928457 0.504793
v -0.124207 1.919523 0.499598
v -0.115688 1.910242 0.494201
v -0.107890 1.900647 0.488621
v -0.100768 1.890770 0.482877
v -0.094274 1.880640 0.476987
v -0.088301 1.870306 0.470977
v -0.082888 1.859754 0.464841
v -0.077982 1.849006 0.458591
v -0.073528 1.838079 0.452237
v -0.069467 1.826989 0.445788
v -0.065683 1.815773 0.439266
v -0.061883 1.804543 0.432735
v -0.057992 1.793328 0.426213
v -0.053961 1.782146 0.419711
v -0.049748 1.771016 0.413239
v -0.045314 1.759958 0.406808
v -0.040621 1.748992 0.400431
v -0.035638 1.738138 0.394119
v -0.030334 1.727416 0.387884
v -0.024685 1.716847 0.381738
v -0.018669 1.706453 0.375694
v -0.012269 1.696253 0.369763
v -0.008153 2.009089 -0.195320
v -0.285462 2.305095 -0.023188
v -0.008152 1.684469 0.362910
v -0.285462 1.980475 0.535043
v -0.015676 2.018676 -0.189746
v -0.022820 2.028498 -0.184034
v -0.029597 2.038534 -0.178198
v -0.036020 2.048766 -0.172248
v -0.042107 2.059170 -0.166198
v -0.047881 2.069727 -0.160058
v -0.053366 2.080416 -0.153843
v -0.058590 2.091215 -0.147563
v -0.063586 2.102104 -0.141230
v -0.068388 2.113063 -0.134858
v -0.073035 2.124071 -0.128456
v -0.077568 2.135109 -0.122038
v -0.082196 2.146079 -0.115659
v -0.087168 2.156873 -0.109381
v -0.092542 2.167475 -0.103216
v -0.098370 2.177868 -0.097173
v -0.104698 2.188032 -0.091262
v -0.111570 2.197948 -0.085496
v -0.119024 2.207593 -0.079887
v -0.127098 2.216942 -0.074451
v -0.135753 2.226002 -0.069182
v -0.145020 2.234744 -0.064098
v -0.154959 2.243123 -0.059226
v -0.165584 2.251110 -0.054581
v -0.176902 2.258677 -0.050181
v -0.188788 2.265866 -0.046000
v -0.201208 2.272671 -0.042043
v -0.214241 2.279026 -0.038348
v -0.227848 2.284921 -0.034919
v -0.241792 2.290478 -0.031688
v -0.256029 2.295712 -0.028645
v -0.270614 2.300570 -0.025819
v -0.270614 1.975949 0.532411
v -0.256029 1.971091 0.529586
v -0.241792 1.965858 0.526542
v -0.227847 1.960301 0.523311
v -0.214240 1.954405 0.519882
v -0.201208 1.948051 0.516188
v -0.188788 1.941245 0.512230
v -0.176901 1.934057 0.508050
v -0.165584 1.926489 0.503649
v -0.154959 1.918502 0.499004
v -0.145020 1.910123 0.494132
v -0.135752 1.901381 0.489048
v -0.127098 1.892321 0.483780
v -0.119024 1.882972 0.478343
v -0.111570 1.873327 0.472734
v -0.104698 1.863412 0.466968
v -0.098370 1.853248 0.461058
v -0.092542 1.842855 0.455014
v -0.087168 1.832253 0.448849
v -0.082196 1.821459 0.442572
v -0.077567 1.810489 0.436192
v -0.073035 1.799451 0.429774
v -0.068388 1.788443 0.423373
v -0.063586 1.777484 0.417000
v -0.058590 1.766595 0.410668
v -0.053366 1.755796 0.404388
v -0.047881 1.745107 0.398172
v -0.042107 1.734550 0.392033
v -0.036020 1.724145 0.385982
v -0.029597 1.713914 0.380033
v -0.022820 1.703877 0.374196
v -0.015676 1.694056 0.368485
v -0.010719 2.007133 -0.196458
v -0.312604 2.284587 -0.035114
v -0.010719 1.682512 0.361772
v -0.312604 1.959967 0.523117
v -0.018949 2.016273 -0.191143
v -0.026825 2.025664 -0.185682
v -0.034358 2.035285 -0.180087
v -0.041558 2.045117 -0.174370
v -0.048442 2.055139 -0.168542
v -0.055027 2.065329 -0.162616
v -0.061336 2.075667 -0.156604
v -0.067394 2.086131 -0.150519
v -0.073227 2.096700 -0.144373
v -0.078868 2.107354 -0.138178
v -0.084349 2.118070 -0.131946
v -0.089731 2.128816 -0.125698
v -0.095338 2.139415 -0.119534
v -0.101312 2.149802 -0.113494
v -0.107707 2.159957 -0.107588
v -0.114570 2.169859 -0.101830
v -0.121941 2.179489 -0.096230
v -0.129853 2.188827 -0.090800
v -0.138334 2.197851 -0.085552
v -0.147404 2.206539 -0.080500
v -0.157082 2.214869 -0.075656
v -0.167377 2.222816 -0.071034
v -0.178281 2.230368 -0.066643
v -0.189694 2.237561 -0.062460
v -0.201689 2.244331 -0.058523
v -0.214245 2.250666 -0.054839
v -0.227329 2.256562 -0.051411
v -0.240899 2.262020 -0.048237
v -0.254841 2.267097 -0.045285
v -0.268979 2.271903 -0.042490
v -0.283379 2.276380 -0.039886
v -0.297952 2.280585 -0.037441
v -0.297952 1.955964 0.520789
v -0.283378 1.951760 0.518344
v -0.268979 1.947283 0.515741
v -0.254841 1.942476 0.512946
v -0.240899 1.937400 0.509994
v -0.227329 1.931941 0.506819
v -0.214245 1.926046 0.503391
v -0.201689 1.919711 0.499707
v -0.189694 1.912941 0.495770
v -0.178281 1.905747 0.491587
v -0.167377 1.898196 0.487196
v -0.157082 1.890248 0.482574
v -0.147404 1.881919 0.477730
v -0.138333 1.873231 0.472678
v -0.129853 1.864207 0.467431
v -0.121941 1.854869 0.462001
v -0.114570 1.845239 0.456400
v -0.107707 1.835336 0.450642
v -0.101312 1.825182 0.444737
v -0.095338 1.814795 0.438697
v -0.089731 1.804195 0.432533
v -0.084349 1.793450 0.426284
v -0.078867 1.782733 0.420052
v -0.073227 1.772080 0.413857
v -0.067394 1.761511 0.407711
v -0.061336 1.751047 0.401626
v -0.055027 1.740709 0.395614
v -0.048442 1.730518 0.389688
v -0.041558 1.720497 0.383861
v -0.034357 1.710665 0.378143
v -0.026825 1.701043 0.372548
v -0.018949 1.691653 0.367087
v -0.013156 2.005024 -0.197685
v -0.342210 2.258363 -0.050363
v -0.013155 1.680403 0.360546
v -0.342209 1.933743 0.507867
v -0.022068 2.013669 -0.192658
v -0.030659 2.022574 -0.187479
v -0.038937 2.031720 -0.182160
v -0.046911 2.041087 -0.176713
v -0.054595 2.050655 -0.171149
v -0.062007 2.060401 -0.165482
v -0.069164 2.070305 -0.159722
v -0.076091 2.080345 -0.153884
v -0.082810 2.090500 -0.147979
v -0.089351 2.100748 -0.142019
v -0.095743 2.111067 -0.136019
v -0.102089 2.121390 -0.130016
v -0.108733 2.131501 -0.124136
v -0.115772 2.141352 -0.118407
v -0.123260 2.150918 -0.112845
v -0.131240 2.160173 -0.107463
v -0.139746 2.169095 -0.102274
v -0.148806 2.177663 -0.097292
v -0.158435 2.185854 -0.092528
v -0.168643 2.193650 -0.087995
v -0.179433 2.201030 -0.083703
v -0.190798 2.207979 -0.079662
v -0.202724 2.214484 -0.075880
v -0.215188 2.220534 -0.072361
v -0.228159 2.226128 -0.069109
v -0.241595 2.231269 -0.066119
v -0.255412 2.236000 -0.063368
v -0.269519 2.240371 -0.060826
v -0.283893 2.244388 -0.058490
v -0.298450 2.248108 -0.056327
v -0.313093 2.251609 -0.054291
v -0.327718 2.254988 -0.052326
v -0.327718 1.930368 0.505905
v -0.313093 1.926988 0.503939
v -0.298450 1.923487 0.501903
v -0.283893 1.919767 0.499740
v -0.269519 1.915751 0.497404
v -0.255412 1.911379 0.494862
v -0.241595 1.906649 0.492111
v -0.228159 1.901507 0.489122
v -0.215188 1.895914 0.485869
v -0.202724 1.889863 0.482350
v -0.190798 1.883359 0.478568
v -0.179433 1.876410 0.474527
v -0.168643 1.869029 0.470235
v -0.158434 1.861234 0.465702
v -0.148805 1.853042 0.460938
v -0.139746 1.844475 0.455956
v -0.131240 1.835552 0.450768
v -0.123260 1.826297 0.445385
v -0.115772 1.816732 0.439823
v -0.108733 1.806881 0.434095
v -0.102088 1.796769 0.428215
v -0.095742 1.786446 0.422212
v -0.089351 1.776127 0.416211
v -0.082810 1.765880 0.410252
v -0.076090 1.755725 0.404347
v -0.069164 1.745685 0.398508
v -0.062007 1.735781 0.392749
v -0.054595 1.726034 0.387081
v -0.046910 1.716467 0.381517
v -0.038936 1.707100 0.376070
v -0.030659 1.697954 0.370752
v -0.022068 1.689048 0.365573
v -0.015448 2.002769 -0.198996
v -0.371841 2.226877 -0.068673
v -0.015447 1.678149 0.359235
v -0.371841 1.902256 0.489557
v -0.025015 2.010869 -0.194285
v -0.034297 2.019234 -0.189421
v -0.043301 2.027843 -0.184415
v -0.052038 2.036676 -0.179278
v -0.060519 2.045713 -0.174023
v -0.068761 2.054931 -0.168663
v -0.076781 2.064308 -0.163210
v -0.084602 2.073823 -0.157677
v -0.092245 2.083453 -0.152077
v -0.099738 2.093175 -0.146423
v -0.107107 2.102967 -0.140729
v -0.114478 2.112734 -0.135049
v -0.122189 2.122231 -0.129527
v -0.130321 2.131408 -0.124190
v -0.138928 2.140232 -0.119058
v -0.148052 2.148674 -0.114149
v -0.157723 2.156706 -0.109479
v -0.167962 2.164303 -0.105061
v -0.178776 2.171441 -0.100910
v -0.190165 2.178102 -0.097037
v -0.202118 2.184270 -0.093450
v -0.214613 2.189935 -0.090155
v -0.227620 2.195095 -0.087155
v -0.241096 2.199754 -0.084446
v -0.254992 2.203927 -0.082019
v -0.269247 2.207642 -0.079859
v -0.283790 2.210940 -0.077941
v -0.298539 2.213882 -0.076230
v -0.313405 2.216547 -0.074680
v -0.328287 2.219037 -0.073232
v -0.343071 2.221479 -0.071812
v -0.357635 2.224031 -0.070328
v -0.357635 1.899410 0.487902
v -0.343071 1.896859 0.486418
v -0.328286 1.894417 0.484998
v -0.313405 1.891927 0.483550
v -0.298539 1.889262 0.482000
v -0.283789 1.886320 0.480290
v -0.269247 1.883021 0.478372
v -0.254992 1.879307 0.476211
v -0.241096 1.875134 0.473785
v -0.227620 1.870475 0.471076
v -0.214613 1.865315 0.468075
v -0.202118 1.859649 0.464780
v -0.190165 1.853481 0.461194
v -0.178776 1.846820 0.457320
v -0.167961 1.839682 0.453169
v -0.157723 1.832086 0.448752
v -0.148052 1.824054 0.444081
v -0.138928 1.815612 0.439172
v -0.130321 1.806788 0.434040
v -0.122189 1.797611 0.428704
v -0.114478 1.788114 0.423181
v -0.107106 1.778347 0.417502
v -0.099737 1.768555 0.411807
v -0.092245 1.758833 0.406154
v -0.084602 1.749203 0.400554
v -0.076781 1.739688 0.395021
v -0.068760 1.730310 0.389567
v -0.060519 1.721092 0.384207
v -0.052037 1.712056 0.378952
v -0.043301 1.703223 0.373816
v -0.034297 1.694614 0.368809
v -0.025015 1.686249 0.363945
vn 0.5967 0.6937 0.4034
vn 0.9852 0.1482 0.0862
vn 0.9895 0.1247 0.0725
vn 0.9929 0.1030 0.0599
vn 0.9952 0.0845 0.0491
vn 0.9968 0.0692 0.0402
vn 0.9978 0.0572 0.0333
vn 0.9984 0.0487 0.0283
vn 0.9988 0.0422 0.0245
vn 0.9989 0.0404 0.0235
vn 0.9988 0.0424 0.0247
vn 0.9985 0.0481 0.0280
vn 0.9978 0.0575 0.0335
vn 0.9967 0.0707 0.0411
vn 0.9952 0.0848 0.0493
vn 0.9929 0.1025 0.0596
vn 0.9894 0.1253 0.0729
vn 0.9846 0.1513 0.0880
vn 0.9795 0.1741 0.1013
vn 0.9720 0.2031 0.1181
vn 0.9621 0.2358 0.1371
vn 0.9517 0.2653 0.1543
vn 0.9338 0.3093 0.1798
vn 0.9132 0.3522 0.2048
vn 0.8915 0.3917 0.2278
vn 0.8621 0.4381 0.2548
vn 0.8374 0.4724 0.2747
vn 0.8020 0.5164 0.3003
vn 0.7716 0.5499 0.3198
vn 0.7349 0.5863 0.3409
vn 0.7007 0.6168 0.3587
vn 0.6652 0.6454 0.3753
vn 0.6288 0.6722 0.3909
vn 0.5427 0.7261 0.4222
vn 0.9736 0.1974 0.1148
vn 0.9801 0.1715 0.0997
vn 0.9890 0.1276 0.0742
vn 0.9919 0.1100 0.0640
vn 0.9939 0.0955 0.0556
vn 0.9952 0.0843 0.0490
vn 0.9961 0.0765 0.0445
vn 0.9965 0.0723 0.0421
vn 0.9965 0.0718 0.0417
vn 0.9963 0.0743 0.0432
vn 0.9958 0.0791 0.0460
vn 0.9947 0.0893 0.0519
vn 0.9928 0.1033 0.0601
vn 0.9901 0.1211 0.0704
vn 0.9864 0.1423 0.0828
vn 0.9825 0.1608 0.0935
vn 0.9761 0.1880 0.1093
vn 0.9670 0.2202 0.1280
vn 0.9549 0.2567 0.1493
vn 0.9382 0.2992 0.1740
vn 0.9162 0.3464 0.2014
vn 0.8962 0.3835 0.2230
vn 0.8669 0.4309 0.2506
vn 0.8376 0.4723 0.2746
vn 0.8051 0.5127 0.2982
vn 0.7667 0.5550 0.3227
vn 0.7337 0.5873 0.3416
vn 0.6896 0.6260 0.3640
vn 0.6586 0.6505 0.3783
vn 0.6144 0.6820 0.3966
vn 0.5819 0.7031 0.4088
vn 0.4920 0.7526 0.4376
vn 0.9585 0.2464 0.1433
vn 0.9673 0.2194 0.1276
vn 0.9744 0.1945 0.1131
vn 0.9799 0.1723 0.1002
vn 0.9843 0.1527 0.0888
vn 0.9875 0.1361 0.0791
vn 0.9899 0.1224 0.0712
vn 0.9916 0.1121 0.0652
vn 0.9926 0.1051 0.0611
vn 0.9931 0.1016 0.0591
vn 0.9930 0.1019 0.0592
vn 0.9925 0.1059 0.0616
vn 0.9913 0.1139 0.0662
vn 0.9874 0.1371 0.0797
vn 0.9836 0.1558 0.0906
vn 0.9784 0.1787 0.1039
vn 0.9691 0.2133 0.1241
vn 0.9578 0.2484 0.1445
vn 0.9418 0.2906 0.1690
vn 0.9208 0.3372 0.1961
vn 0.8998 0.3771 0.2193
vn 0.8726 0.4223 0.2456
vn 0.8394 0.4699 0.2733
vn 0.8108 0.5060 0.2942
vn 0.7694 0.5522 0.3211
vn 0.7335 0.5875 0.3417
vn 0.6919 0.6242 0.3630
vn 0.6495 0.6573 0.3822
vn 0.6124 0.6834 0.3974
vn 0.5662 0.7125 0.4144
vn 0.5367 0.7294 0.4242
vn 0.4478 0.7729 0.4495
vn 0.9401 0.2948 0.1714
vn 0.9510 0.2674 0.1555
vn 0.9601 0.2419 0.1407
vn 0.9675 0.2185 0.1271
vn 0.9736 0.1975 0.1149
vn 0.9783 0.1791 0.1042
vn 0.9820 0.1635 0.0951
vn 0.9847 0.1505 0.0875
vn 0.9866 0.1410 0.0820
vn 0.9878 0.1349 0.0784
vn 0.9882 0.1323 0.0769
vn 0.9880 0.1334 0.0776
vn 0.9871 0.1383 0.0804
vn 0.9854 0.1472 0.0856
vn 0.9827 0.1601 0.0931
vn 0.9782 0.1795 0.1044
vn 0.9701 0.2099 0.1221
vn 0.9590 0.2449 0.1424
vn 0.9436 0.2861 0.1664
vn 0.9240 0.3306 0.1922
vn 0.9041 0.3695 0.2149
vn 0.8779 0.4140 0.2408
vn 0.8449 0.4624 0.2689
vn 0.8154 0.5004 0.2910
vn 0.7768 0.5443 0.3165
vn 0.7342 0.5869 0.3413
vn 0.6990 0.6182 0.3595
vn 0.6499 0.6570 0.3821
vn 0.6128 0.6832 0.3973
vn 0.5681 0.7114 0.4137
vn 0.5263 0.7351 0.4275
vn 0.4924 0.7524 0.4375
vn 0.4139 0.7869 0.4576
vn 0.9179 0.3431 0.1995
vn 0.9310 0.3155 0.1835
vn 0.9422 0.2896 0.1684
vn 0.9517 0.2654 0.1543
vn 0.9596 0.2433 0.1415
vn 0.9660 0.2235 0.1300
vn 0.9711 0.2063 0.1200
vn 0.9751 0.1919 0.1116
vn 0.9780 0.1805 0.1050
vn 0.9810 0.1676 0.0974
vn 0.9813 0.1664 0.0968
vn 0.9809 0.1680 0.0977
vn 0.9798 0.1729 0.1006
vn 0.9763 0.1872 0.1088
vn 0.9681 0.2166 0.1259
vn 0.9571 0.2506 0.1457
vn 0.9427 0.2884 0.1677
vn 0.9256 0.3273 0.1903
vn 0.9068 0.3644 0.2119
vn 0.8809 0.4092 0.2380
vn 0.8498 0.4557 0.2650
vn 0.8206 0.4940 0.2873
vn 0.7842 0.5364 0.3120
vn 0.7404 0.5811 0.3379
vn 0.7050 0.6131 0.3565
vn 0.6594 0.6499 0.3779
vn 0.6115 0.6840 0.3978
vn 0.5771 0.7060 0.4105
vn 0.5271 0.7346 0.4272
vn 0.4918 0.7527 0.4377
vn 0.4543 0.7701 0.4478
vn 0.3858 0.7975 0.4638
vn 0.8918 0.3911 0.2274
vn 0.9071 0.3639 0.2116
vn 0.9204 0.3380 0.1965
vn 0.9319 0.3135 0.1823
vn 0.9417 0.2908 0.1691
vn 0.9499 0.2702 0.1571
vn 0.9566 0.2518 0.1464
vn 0.9620 0.2359 0.1372
vn 0.9662 0.2228 0.1295
vn 0.9693 0.2126 0.1236
vn 0.9713 0.2056 0.1195
vn 0.9723 0.2019 0.1174
vn 0.9724 0.2018 0.1174
vn 0.9701 0.2098 0.1220
vn 0.9623 0.2352 0.1368
vn 0.9522 0.2640 0.1535
vn 0.9238 0.3310 0.1925
vn 0.9037 0.3701 0.2152
vn 0.8793 0.4117 0.2394
vn 0.8511 0.4538 0.2639
vn 0.8245 0.4891 0.2844
vn 0.7877 0.5325 0.3097
vn 0.7462 0.5755 0.3346
vn 0.7097 0.6090 0.3542
vn 0.6679 0.6434 0.3741
vn 0.6186 0.6792 0.3950
vn 0.5806 0.7038 0.4093
vn 0.5379 0.7288 0.4238
vn 0.4889 0.7541 0.4385
vn 0.4623 0.7665 0.4457
vn 0.4218 0.7838 0.4558
vn 0.3599 0.8065 0.4690
vn 0.8617 0.4386 0.2551
vn 0.8790 0.4122 0.2397
vn 0.8943 0.3868 0.2249
vn 0.9078 0.3626 0.2109
vn 0.9195 0.3399 0.1976
vn 0.9295 0.3189 0.1854
vn 0.9379 0.2999 0.1744
vn 0.9448 0.2831 0.1647
vn 0.9504 0.2688 0.1563
vn 0.9547 0.2572 0.1495
vn 0.9578 0.2484 0.1444
vn 0.9598 0.2427 0.1411
vn 0.9600 0.2420 0.1407
vn 0.9534 0.2609 0.1517
vn 0.9431 0.2873 0.1671
vn 0.9302 0.3173 0.1845
vn 0.9141 0.3505 0.2038
vn 0.8946 0.3864 0.2247
vn 0.8746 0.4191 0.2437
vn 0.8487 0.4572 0.2659
vn 0.8182 0.4970 0.2890
vn 0.7834 0.5373 0.3125
vn 0.7442 0.5774 0.3358
vn 0.7125 0.6065 0.3527
vn 0.6690 0.6425 0.3736
vn 0.6222 0.6767 0.3935
vn 0.5800 0.7042 0.4095
vn 0.5437 0.7255 0.4219
vn 0.4968 0.7502 0.4363
vn 0.4547 0.7699 0.4477
vn 0.4308 0.7801 0.4537
vn 0.3921 0.7952 0.4624
vn 0.3326 0.8153 0.4741
vn 0.8275 0.4854 0.2823
vn 0.8465 0.4602 0.2676
vn 0.8637 0.4357 0.2534
vn 0.8789 0.4123 0.2398
vn 0.8924 0.3902 0.2269
vn 0.9226 0.3335 0.1939
vn 0.9296 0.3187 0.1853
vn 0.9352 0.3062 0.1781
vn 0.9394 0.2963 0.1723
vn 0.9424 0.2892 0.1682
vn 0.9395 0.2962 0.1723
vn 0.9290 0.3198 0.1860
vn 0.9159 0.3470 0.2018
vn 0.8806 0.4097 0.2383
vn 0.8578 0.4443 0.2584
vn 0.8315 0.4803 0.2793
vn 0.8014 0.5171 0.3007
vn 0.7711 0.5505 0.3201
vn 0.7372 0.5841 0.3396
vn 0.6982 0.6189 0.3599
vn 0.6562 0.6523 0.3793
vn 0.6119 0.6838 0.3976
vn 0.5732 0.7083 0.4119
vn 0.5354 0.7301 0.4246
vn 0.4913 0.7530 0.4379
vn 0.4481 0.7728 0.4494
vn 0.4187 0.7851 0.4565
vn 0.3913 0.7955 0.4626
vn 0.3596 0.8067 0.4691
vn 0.3013 0.8243 0.4793
vn 0.7891 0.5310 0.3088
vn 0.8096 0.5074 0.2951
vn 0.8282 0.4845 0.2817
vn 0.8598 0.4414 0.2567
vn 0.8730 0.4216 0.2452
vn 0.8845 0.4034 0.2346
vn 0.8943 0.3868 0.2250
vn 0.9025 0.3722 0.2165
vn 0.9093 0.3598 0.2092
vn 0.9146 0.3496 0.2033
vn 0.9177 0.3435 0.1997
vn 0.9094 0.3595 0.2091
vn 0.8954 0.3849 0.2238
vn 0.8783 0.4133 0.2404
vn 0.8340 0.4770 0.2774
vn 0.8067 0.5108 0.2971
vn 0.7762 0.5451 0.3170
vn 0.7424 0.5792 0.3368
vn 0.7056 0.6126 0.3562
vn 0.6661 0.6448 0.3749
vn 0.6253 0.6746 0.3923
vn 0.5891 0.6985 0.4062
vn 0.5467 0.7238 0.4209
vn 0.5041 0.7466 0.4341
vn 0.4622 0.7666 0.4458
vn 0.4219 0.7838 0.4558
vn 0.3882 0.7967 0.4633
vn 0.3660 0.8045 0.4678
vn 0.3385 0.8134 0.4730
vn 0.3166 0.8200 0.4768
vn 0.2601 0.8347 0.4854
vn 0.7465 0.5752 0.3345
vn 0.7680 0.5537 0.3220
vn 0.7876 0.5326 0.3097
vn 0.8054 0.5124 0.2980
vn 0.8214 0.4930 0.2867
vn 0.8356 0.4749 0.2761
vn 0.8481 0.4580 0.2664
vn 0.8589 0.4428 0.2575
vn 0.8680 0.4292 0.2496
vn 0.8756 0.4176 0.2428
vn 0.8816 0.4081 0.2373
vn 0.8830 0.4057 0.2359
vn 0.8695 0.4270 0.2483
vn 0.8508 0.4543 0.2642
vn 0.8018 0.5166 0.3004
vn 0.7717 0.5498 0.3197
vn 0.7381 0.5832 0.3392
vn 0.7014 0.6161 0.3583
vn 0.6620 0.6479 0.3768
vn 0.6205 0.6779 0.3942
vn 0.5775 0.7058 0.4104
vn 0.5336 0.7311 0.4252
vn 0.4896 0.7537 0.4383
vn 0.4464 0.7735 0.4498
vn 0.4048 0.7905 0.4597
vn 0.3683 0.8037 0.4674
vn 0.3374 0.8138 0.4732
vn 0.3076 0.8226 0.4783
vn 0.2835 0.8290 0.4821
vn 0.2666 0.8332 0.4845
vn 0.2583 0.8351 0.4856
vn 0.2258 0.8421 0.4897
vn 0.6997 0.6176 0.3592
vn 0.7217 0.5984 0.3480
vn 0.7418 0.5797 0.3371
vn 0.7601 0.5618 0.3267
vn 0.7766 0.5447 0.3167
vn 0.7912 0.5287 0.3074
vn 0.8041 0.5139 0.2989
vn 0.8152 0.5007 0.2912
vn 0.8246 0.4891 0.2844
vn 0.8322 0.4793 0.2787
vn 0.8382 0.4714 0.2741
vn 0.8375 0.4724 0.2747
vn 0.8185 0.4966 0.2888
vn 0.7938 0.5257 0.3057
vn 0.7645 0.5573 0.3241
vn 0.7307 0.5902 0.3432
vn 0.6928 0.6234 0.3625
vn 0.6513 0.6560 0.3815
vn 0.6069 0.6871 0.3995
vn 0.5603 0.7160 0.4164
vn 0.5126 0.7423 0.4316
vn 0.4645 0.7655 0.4452
vn 0.4171 0.7857 0.4569
vn 0.3713 0.8027 0.4668
vn 0.3282 0.8166 0.4749
vn 0.2886 0.8277 0.4813
vn 0.2538 0.8362 0.4862
vn 0.2248 0.8423 0.4898
vn 0.2030 0.8465 0.4922
vn 0.1900 0.8487 0.4935
vn 0.1877 0.8491 0.4938
vn 0.1986 0.8472 0.4927
vn -0.5967 -0.6937 -0.4034
vn -0.9852 -0.1482 -0.0862
vn -0.9895 -0.1247 -0.0725
vn -0.9929 -0.1031 -0.0599
vn -0.9952 -0.0845 -0.0492
vn -0.9968 -0.0692 -0.0402
vn -0.9978 -0.0572 -0.0333
vn -0.9984 -0.0487 -0.0283
vn -0.9988 -0.0422 -0.0245
vn -0.9989 -0.0404 -0.0235
vn -0.9988 -0.0424 -0.0247
vn -0.9985 -0.0481 -0.0280
vn -0.9978 -0.0575 -0.0335
vn -0.9967 -0.0707 -0.0411
vn -0.9952 -0.0848 -0.0493
vn -0.9929 -0.1025 -0.0596
vn -0.9894 -0.1253 -0.0729
vn -0.9846 -0.1513 -0.0880
vn -0.9795 -0.1741 -0.1012
vn -0.9720 -0.2031 -0.1181
vn -0.9621 -0.2358 -0.1371
vn -0.9518 -0.2652 -0.1542
vn -0.9338 -0.3093 -0.1798
vn -0.9132 -0.3522 -0.2048
vn -0.8915 -0.3916 -0.2277
vn -0.8620 -0.4382 -0.2548
vn -0.8375 -0.4724 -0.2747
vn -0.8020 -0.5164 -0.3003
vn -0.7716 -0.5499 -0.3198
vn -0.7349 -0.5863 -0.3409
vn -0.7007 -0.6168 -0.3587
vn -0.6652 -0.6454 -0.3753
vn -0.6288 -0.6722 -0.3909
vn -0.5427 -0.7261 -0.4222
vn -0.9736 -0.1973 -0.1147
vn -0.9801 -0.1715 -0.0997
vn -0.9890 -0.1276 -0.0742
vn -0.9919 -0.1100 -0.0640
vn -0.9939 -0.0955 -0.0556
vn -0.9952 -0.0843 -0.0490
vn -0.9961 -0.0765 -0.0445
vn -0.9965 -0.0723 -0.0421
vn -0.9965 -0.0718 -0.0417
vn -0.9963 -0.0743 -0.0432
vn -0.9958 -0.0791 -0.0460
vn -0.9947 -0.0893 -0.0519
vn -0.9928 -0.1033 -0.0601
vn -0.9901 -0.1211 -0.0704
vn -0.9864 -0.1423 -0.0828
vn -0.9825 -0.1608 -0.0935
vn -0.9761 -0.1879 -0.1093
vn -0.9670 -0.2201 -0.1280
vn -0.9549 -0.2567 -0.1493
vn -0.9382 -0.2992 -0.1740
vn -0.9162 -0.3464 -0.2015
vn -0.8963 -0.3834 -0.2230
vn -0.8669 -0.4309 -0.2506
vn -0.8376 -0.4723 -0.2746
vn -0.8051 -0.5127 -0.2981
vn -0.7667 -0.5550 -0.3228
vn -0.7338 -0.5873 -0.3415
vn -0.6896 -0.6261 -0.3641
vn -0.6586 -0.6505 -0.3783
vn -0.6144 -0.6821 -0.3966
vn -0.5819 -0.7030 -0.4088
vn -0.4920 -0.7526 -0.4377
vn -0.9585 -0.2464 -0.1433
vn -0.9673 -0.2194 -0.1276
vn -0.9744 -0.1945 -0.1131
vn -0.9799 -0.1723 -0.1002
vn -0.9843 -0.1527 -0.0888
vn -0.9875 -0.1361 -0.0791
vn -0.9899 -0.1224 -0.0712
vn -0.9916 -0.1121 -0.0652
vn -0.9926 -0.1051 -0.0611
vn -0.9931 -0.1016 -0.0591
vn -0.9930 -0.1019 -0.0592
vn -0.9925 -0.1059 -0.0616
vn -0.9913 -0.1139 -0.0662
vn -0.9874 -0.1371 -0.0797
vn -0.9836 -0.1558 -0.0906
vn -0.9784 -0.1786 -0.1039
vn -0.9691 -0.2133 -0.1241
vn -0.9578 -0.2484 -0.1445
vn -0.9418 -0.2906 -0.1690
vn -0.9208 -0.3372 -0.1961
vn -0.8998 -0.3771 -0.2193
vn -0.8726 -0.4223 -0.2455
vn -0.8393 -0.4700 -0.2733
vn -0.8108 -0.5059 -0.2942
vn -0.7694 -0.5522 -0.3211
vn -0.7335 -0.5875 -0.3417
vn -0.6918 -0.6242 -0.3630
vn -0.6495 -0.6573 -0.3822
vn -0.6125 -0.6833 -0.3974
vn -0.5661 -0.7126 -0.4144
vn -0.5368 -0.7294 -0.4241
vn -0.4477 -0.7730 -0.4495
vn -0.9401 -0.2947 -0.1714
vn -0.9510 -0.2674 -0.1555
vn -0.9601 -0.2419 -0.1407
vn -0.9675 -0.2185 -0.1271
vn -0.9735 -0.1975 -0.1149
vn -0.9783 -0.1791 -0.1042
vn -0.9820 -0.1635 -0.0951
vn -0.9847 -0.1505 -0.0875
vn -0.9866 -0.1410 -0.0820
vn -0.9878 -0.1349 -0.0784
vn -0.9882 -0.1323 -0.0769
vn -0.9880 -0.1334 -0.0776
vn -0.9871 -0.1383 -0.0804
vn -0.9854 -0.1472 -0.0856
vn -0.9827 -0.1601 -0.0931
vn -0.9782 -0.1795 -0.1044
vn -0.9701 -0.2099 -0.1221
vn -0.9590 -0.2449 -0.1424
vn -0.9436 -0.2861 -0.1664
vn -0.9240 -0.3306 -0.1922
vn -0.9041 -0.3694 -0.2148
vn -0.8779 -0.4140 -0.2407
vn -0.8449 -0.4624 -0.2689
vn -0.8154 -0.5004 -0.2910
vn -0.7769 -0.5443 -0.3165
vn -0.7342 -0.5869 -0.3413
vn -0.6990 -0.6182 -0.3595
vn -0.6498 -0.6571 -0.3821
vn -0.6128 -0.6831 -0.3973
vn -0.5681 -0.7114 -0.4137
vn -0.5262 -0.7351 -0.4275
vn -0.4925 -0.7524 -0.4375
vn -0.4139 -0.7870 -0.4576
vn -0.9179 -0.3430 -0.1995
vn -0.9310 -0.3156 -0.1835
vn -0.9422 -0.2896 -0.1684
vn -0.9517 -0.2654 -0.1544
vn -0.9596 -0.2433 -0.1415
vn -0.9660 -0.2235 -0.1300
vn -0.9711 -0.2063 -0.1200
vn -0.9751 -0.1919 -0.1116
vn -0.9780 -0.1805 -0.1050
vn -0.9810 -0.1676 -0.0974
vn -0.9813 -0.1664 -0.0968
vn -0.9809 -0.1680 -0.0977
vn -0.9798 -0.1729 -0.1005
vn -0.9763 -0.1871 -0.1088
vn -0.9681 -0.2166 -0.1259
vn -0.9571 -0.2505 -0.1457
vn -0.9427 -0.2884 -0.1677
vn -0.9256 -0.3273 -0.1903
vn -0.9069 -0.3643 -0.2119
vn -0.8809 -0.4092 -0.2380
vn -0.8497 -0.4558 -0.2650
vn -0.8206 -0.4940 -0.2873
vn -0.7842 -0.5364 -0.3119
vn -0.7403 -0.5812 -0.3380
vn -0.7050 -0.6130 -0.3565
vn -0.6594 -0.6499 -0.3779
vn -0.6114 -0.6841 -0.3978
vn -0.5771 -0.7060 -0.4105
vn -0.5270 -0.7347 -0.4272
vn -0.4918 -0.7527 -0.4377
vn -0.4543 -0.7701 -0.4478
vn -0.3858 -0.7976 -0.4638
vn -0.8918 -0.3911 -0.2274
vn -0.9071 -0.3639 -0.2116
vn -0.9204 -0.3380 -0.1965
vn -0.9319 -0.3135 -0.1823
vn -0.9417 -0.2908 -0.1691
vn -0.9499 -0.2702 -0.1571
vn -0.9566 -0.2518 -0.1464
vn -0.9620 -0.2359 -0.1372
vn -0.9662 -0.2228 -0.1295
vn -0.9693 -0.2126 -0.1236
vn -0.9713 -0.2056 -0.1195
vn -0.9723 -0.2019 -0.1174
vn -0.9724 -0.2018 -0.1174
vn -0.9701 -0.2098 -0.1220
vn -0.9623 -0.2352 -0.1368
vn -0.9522 -0.2640 -0.1535
vn -0.9401 -0.2948 -0.1714
vn -0.9238 -0.3309 -0.1924
vn -0.9037 -0.3701 -0.2152
vn -0.8793 -0.4117 -0.2394
vn -0.8511 -0.4538 -0.2639
vn -0.8246 -0.4891 -0.2844
vn -0.7878 -0.5325 -0.3097
vn -0.7462 -0.5755 -0.3347
vn -0.7097 -0.6090 -0.3542
vn -0.6679 -0.6434 -0.3741
vn -0.6185 -0.6793 -0.3950
vn -0.5806 -0.7038 -0.4093
vn -0.5379 -0.7288 -0.4238
vn -0.4888 -0.7541 -0.4385
vn -0.4624 -0.7665 -0.4457
vn -0.4218 -0.7838 -0.4558
vn -0.3598 -0.8066 -0.4690
vn -0.8617 -0.4386 -0.2551
vn -0.8790 -0.4122 -0.2397
vn -0.8943 -0.3868 -0.2249
vn -0.9078 -0.3626 -0.2109
vn -0.9195 -0.3399 -0.1976
vn -0.9295 -0.3189 -0.1855
vn -0.9379 -0.2999 -0.1744
vn -0.9448 -0.2832 -0.1647
vn -0.9504 -0.2688 -0.1563
vn -0.9547 -0.2572 -0.1495
vn -0.9578 -0.2484 -0.1444
vn -0.9598 -0.2427 -0.1411
vn -0.9600 -0.2420 -0.1407
vn -0.9534 -0.2609 -0.1517
vn -0.9432 -0.2873 -0.1671
vn -0.9302 -0.3173 -0.1845
vn -0.9141 -0.3504 -0.2038
vn -0.8946 -0.3864 -0.2247
vn -0.8746 -0.4191 -0.2437
vn -0.8487 -0.4572 -0.2659
vn -0.8182 -0.4970 -0.2890
vn -0.7834 -0.5373 -0.3124
vn -0.7442 -0.5774 -0.3358
vn -0.7126 -0.6065 -0.3527
vn -0.6690 -0.6425 -0.3736
vn -0.6222 -0.6767 -0.3935
vn -0.5799 -0.7042 -0.4095
vn -0.5437 -0.7255 -0.4219
vn -0.4968 -0.7502 -0.4363
vn -0.4546 -0.7700 -0.4477
vn -0.4308 -0.7801 -0.4536
vn -0.3921 -0.7952 -0.4624
vn -0.3325 -0.8153 -0.4741
vn -0.8275 -0.4853 -0.2822
vn -0.8465 -0.4602 -0.2676
vn -0.8637 -0.4358 -0.2534
vn -0.8789 -0.4123 -0.2398
vn -0.8924 -0.3902 -0.2269
vn -0.9041 -0.3695 -0.2149
vn -0.9141 -0.3505 -0.2038
vn -0.9226 -0.3335 -0.1940
vn -0.9296 -0.3187 -0.1853
vn -0.9352 -0.3062 -0.1781
vn -0.9394 -0.2963 -0.1723
vn -0.9424 -0.2892 -0.1682
vn -0.9395 -0.2962 -0.1722
vn -0.9291 -0.3198 -0.1860
vn -0.9159 -0.3470 -0.2018
vn -0.8806 -0.4097 -0.2382
vn -0.8578 -0.4443 -0.2583
vn -0.8315 -0.4802 -0.2793
vn -0.8013 -0.5171 -0.3007
vn -0.7711 -0.5505 -0.3201
vn -0.7372 -0.5841 -0.3396
vn -0.6982 -0.6189 -0.3599
vn -0.6562 -0.6523 -0.3793
vn -0.6118 -0.6838 -0.3976
vn -0.5732 -0.7083 -0.4119
vn -0.5354 -0.7301 -0.4246
vn -0.4912 -0.7530 -0.4379
vn -0.4481 -0.7728 -0.4494
vn -0.4186 -0.7851 -0.4565
vn -0.3913 -0.7955 -0.4626
vn -0.3595 -0.8067 -0.4691
vn -0.3013 -0.8243 -0.4793
vn -0.7891 -0.5310 -0.3088
vn -0.8096 -0.5074 -0.2951
vn -0.8282 -0.4845 -0.2817
vn -0.8598 -0.4414 -0.2567
vn -0.8730 -0.4216 -0.2452
vn -0.8845 -0.4034 -0.2346
vn -0.8943 -0.3868 -0.2250
vn -0.9025 -0.3723 -0.2165
vn -0.9093 -0.3598 -0.2092
vn -0.9146 -0.3496 -0.2033
vn -0.9177 -0.3435 -0.1997
vn -0.9094 -0.3595 -0.2091
vn -0.8954 -0.3848 -0.2238
vn -0.8783 -0.4133 -0.2404
vn -0.8578 -0.4443 -0.2584
vn -0.8340 -0.4770 -0.2774
vn -0.8067 -0.5108 -0.2971
vn -0.7762 -0.5451 -0.3170
vn -0.7424 -0.5792 -0.3368
vn -0.7056 -0.6126 -0.3562
vn -0.6661 -0.6448 -0.3750
vn -0.6252 -0.6747 -0.3923
vn -0.5891 -0.6985 -0.4062
vn -0.5467 -0.7239 -0.4209
vn -0.5041 -0.7466 -0.4342
vn -0.4622 -0.7666 -0.4458
vn -0.4219 -0.7838 -0.4558
vn -0.3882 -0.7967 -0.4633
vn -0.3660 -0.8045 -0.4678
vn -0.3384 -0.8134 -0.4730
vn -0.3166 -0.8200 -0.4768
vn -0.2601 -0.8347 -0.4854
vn -0.7465 -0.5752 -0.3345
vn -0.7680 -0.5537 -0.3220
vn -0.7876 -0.5327 -0.3097
vn -0.8054 -0.5124 -0.2980
vn -0.8214 -0.4930 -0.2867
vn -0.8356 -0.4749 -0.2761
vn -0.8481 -0.4580 -0.2664
vn -0.8589 -0.4428 -0.2575
vn -0.8680 -0.4292 -0.2496
vn -0.8756 -0.4176 -0.2428
vn -0.8816 -0.4081 -0.2373
vn -0.8831 -0.4057 -0.2359
vn -0.8695 -0.4270 -0.2483
vn -0.8508 -0.4543 -0.2642
vn -0.8018 -0.5166 -0.3004
vn -0.7717 -0.5498 -0.3197
vn -0.7381 -0.5832 -0.3392
vn -0.7014 -0.6161 -0.3583
vn -0.6620 -0.6479 -0.3768
vn -0.6205 -0.6779 -0.3942
vn -0.5775 -0.7058 -0.4104
vn -0.5336 -0.7311 -0.4252
vn -0.4896 -0.7537 -0.4383
vn -0.4464 -0.7736 -0.4498
vn -0.4047 -0.7905 -0.4597
vn -0.3682 -0.8037 -0.4674
vn -0.3374 -0.8138 -0.4732
vn -0.3076 -0.8226 -0.4783
vn -0.2835 -0.8290 -0.4821
vn -0.2666 -0.8332 -0.4845
vn -0.2583 -0.8351 -0.4856
vn -0.2258 -0.8421 -0.4897
vn -0.6997 -0.6176 -0.3591
vn -0.7216 -0.5984 -0.3480
vn -0.7418 -0.5797 -0.3371
vn -0.7601 -0.5618 -0.3267
vn -0.7765 -0.5447 -0.3167
vn -0.7912 -0.5287 -0.3074
vn -0.8041 -0.5139 -0.2989
vn -0.8152 -0.5007 -0.2912
vn -0.8322 -0.4793 -0.2787
vn -0.8382 -0.4714 -0.2741
vn -0.8185 -0.4966 -0.2888
vn -0.7938 -0.5257 -0.3057
vn -0.7645 -0.5572 -0.3240
vn -0.7307 -0.5902 -0.3432
vn -0.6928 -0.6234 -0.3625
vn -0.6513 -0.6560 -0.3815
vn -0.6069 -0.6871 -0.3995
vn -0.5603 -0.7160 -0.4164
vn -0.5126 -0.7423 -0.4316
vn -0.4645 -0.7655 -0.4452
vn -0.4171 -0.7857 -0.4569
vn -0.3713 -0.8027 -0.4668
vn -0.3281 -0.8166 -0.4749
vn -0.2886 -0.8277 -0.4813
vn -0.2538 -0.8362 -0.4862
vn -0.2248 -0.8423 -0.4898
vn -0.2030 -0.8465 -0.4922
vn -0.1900 -0.8487 -0.4935
vn -0.1877 -0.8491 -0.4938
vn -0.1986 -0.8472 -0.4927
vn 0.1714 -0.8517 -0.4953
vn -0.0000 0.5027 -0.8645
vn -0.8025 0.5158 0.2999
vn -0.0000 -0.5027 0.8645
vn 0.2283 -0.8416 -0.4894
vn -0.8400 0.4691 0.2728
vn 0.2850 -0.8286 -0.4818
vn -0.8706 0.4253 0.2473
vn 0.3409 -0.8127 -0.4726
vn -0.8942 0.3870 0.2251
vn 0.3968 -0.7935 -0.4614
vn -0.9103 0.3578 0.2080
vn 0.4524 -0.7709 -0.4483
vn -0.9226 0.3335 0.1939
vn 0.5074 -0.7449 -0.4332
vn -0.9330 0.3111 0.1809
vn 0.5614 -0.7154 -0.4160
vn -0.9431 0.2875 0.1672
vn 0.6142 -0.6822 -0.3967
vn -0.9535 0.2605 0.1515
vn 0.6653 -0.6454 -0.3753
vn -0.9656 0.2248 0.1308
vn 0.7144 -0.6049 -0.3517
vn -0.9742 0.1952 0.1135
vt 0.969697 0.000000
vt 1.000000 0.000000
vt 1.000000 1.000000
vt 0.969697 1.000000
vt 0.000000 0.000000
vt 0.030303 0.000000
vt 0.030303 1.000000
vt 0.000000 1.000000
vt 0.060606 0.000000
vt 0.060606 1.000000
vt 0.090909 0.000000
vt 0.090909 1.000000
vt 0.121212 0.000000
vt 0.121212 1.000000
vt 0.151515 0.000000
vt 0.151515 1.000000
vt 0.181818 0.000000
vt 0.181818 1.000000
vt 0.212121 0.000000
vt 0.212121 1.000000
vt 0.242424 0.000000
vt 0.242424 1.000000
vt 0.272727 0.000000
vt 0.272727 1.000000
vt 0.303030 0.000000
vt 0.303030 1.000000
vt 0.333333 0.000000
vt 0.333333 1.000000
vt 0.363636 0.000000
vt 0.363636 1.000000
vt 0.393939 0.000000
vt 0.393939 1.000000
vt 0.424242 0.000000
vt 0.424242 1.000000
vt 0.454545 0.000000
vt 0.454545 1.000000
vt 0.484848 0.000000
vt 0.484848 1.000000
vt 0.515152 0.000000
vt 0.515152 1.000000
vt 0.545455 0.000000
vt 0.545455 1.000000
vt 0.575758 0.000000
vt 0.575758 1.000000
vt 0.606061 0.000000
vt 0.606061 1.000000
vt 0.636364 0.000000
vt 0.636364 1.000000
vt 0.666667 0.000000
vt 0.666667 1.000000
vt 0.696970 0.000000
vt 0.696970 1.000000
vt 0.727273 0.000000
vt 0.727273 1.000000
vt 0.757576 0.000000
vt 0.757576 1.000000
vt 0.787879 0.000000
vt 0.787879 1.000000
vt 0.818182 0.000000
vt 0.818182 1.000000
vt 0.848485 0.000000
vt 0.848485 1.000000
vt 0.878788 0.000000
vt 0.878788 1.000000
vt 0.909091 0.000000
vt 0.909091 1.000000
vt 0.939394 0.000000
vt 0.939394 1.000000
s 0
usemtl 
f 1860/229/914 1826/230/914 1828/231/914 1861/232/914
f 1825/233/915 1829/234/915 1892/235/915 1827/236/915
f 1829/234/916 1830/237/916 1891/238/916 1892/235/916
f 1830/237/917 1831/239/917 1890/240/917 1891/238/917
f 1831/239/918 1832/241/918 1889/242/918 1890/240/918
f 1832/241/919 1833/243/919 1888/244/919 1889/242/919
f 1833/243/920 1834/245/920 1887/246/920 1888/244/920
f 1834/245/921 1835/247/921 1886/248/921 1887/246/921
f 1835/247/922 1836/249/922 1885/250/922 1886/248/922
f 1836/249/923 1837/251/923 1884/252/923 1885/250/923
f 1837/251/924 1838/253/924 1883/254/924 1884/252/924
f 1838/253/925 1839/255/925 1882/256/925 1883/254/925
f 1839/255/926 1840/257/926 1881/258/926 1882/256/926
f 1840/257/927 1841/259/927 1880/260/927 1881/258/927
f 1841/259/928 1842/261/928 1879/262/928 1880/260/928
f 1842/261/929 1843/263/929 1878/264/929 1879/262/929
f 1843/263/930 1844/265/930 1877/266/930 1878/264/930
f 1844/265/931 1845/267/931 1876/268/931 1877/266/931
f 1845/267/932 1846/269/932 1875/270/932 1876/268/932
f 1846/269/933 1847/271/933 1874/272/933 1875/270/933
f 1847/271/934 1848/273/934 1873/274/934 1874/272/934
f 1848/273/935 1849/275/935 1872/276/935 1873/274/935
f 1849/275/936 1850/277/936 1871/278/936 1872/276/936
f 1850/277/937 1851/279/937 1870/280/937 1871/278/937
f 1851/279/938 1852/281/938 1869/282/938 1870/280/938
f 1852/281/939 1853/283/939 1868/284/939 1869/282/939
f 1853/283/940 1854/285/940 1867/286/940 1868/284/940
f 1854/285/941 1855/287/941 1866/288/941 1867/286/941
f 1855/287/942 1856/289/942 1865/290/942 1866/288/942
f 1856/289/943 1857/291/943 1864/292/943 1865/290/943
f 1857/291/944 1858/293/944 1863/294/944 1864/292/944
f 1858/293/945 1859/295/945 1862/296/945 1863/294/945
f 1859/295/946 1860/229/946 1861/232/946 1862/296/946
f 1928/229/947 1894/230/947 1896/231/947 1929/232/947
f 1893/233/948 1897/234/948 1960/235/948 1895/236/948
f 1897/234/949 1898/237/949 1959/238/949 1960/235/949
f 1898/237/915 1899/239/915 1958/240/915 1959/238/915
f 1899/239/950 1900/241/950 1957/242/950 1958/240/950
f 1900/241/951 1901/243/951 1956/244/951 1957/242/951
f 1901/243/952 1902/245/952 1955/246/952 1956/244/952
f 1902/245/953 1903/247/953 1954/248/953 1955/246/953
f 1903/247/954 1904/249/954 1953/250/954 1954/248/954
f 1904/249/955 1905/251/955 1952/252/955 1953/250/955
f 1905/251/956 1906/253/956 1951/254/956 1952/252/956
f 1906/253/957 1907/255/957 1950/256/957 1951/254/957
f 1907/255/958 1908/257/958 1949/258/958 1950/256/958
f 1908/257/959 1909/259/959 1948/260/959 1949/258/959
f 1909/259/960 1910/261/960 1947/262/960 1948/260/960
f 1910/261/961 1911/263/961 1946/264/961 1947/262/961
f 1911/263/962 1912/265/962 1945/266/962 1946/264/962
f 1912/265/963 1913/267/963 1944/268/963 1945/266/963
f 1913/267/964 1914/269/964 1943/270/964 1944/268/964
f 1914/269/965 1915/271/965 1942/272/965 1943/270/965
f 1915/271/966 1916/273/966 1941/274/966 1942/272/966
f 1916/273/967 1917/275/967 1940/276/967 1941/274/967
f 1917/275/968 1918/277/968 1939/278/968 1940/276/968
f 1918/277/969 1919/279/969 1938/280/969 1939/278/969
f 1919/279/970 1920/281/970 1937/282/970 1938/280/970
f 1920/281/971 1921/283/971 1936/284/971 1937/282/971
f 1921/283/972 1922/285/972 1935/286/972 1936/284/972
f 1922/285/973 1923/287/973 1934/288/973 1935/286/973
f 1923/287/974 1924/289/974 1933/290/974 1934/288/974
f 1924/289/975 1925/291/975 1932/292/975 1933/290/975
f 1925/291/976 1926/293/976 1931/294/976 1932/292/976
f 1926/293/977 1927/295/977 1930/296/977 1931/294/977
f 1927/295/978 1928/229/978 1929/232/978 1930/296/978
f 1996/229/979 1962/230/979 1964/231/979 1997/232/979
f 1961/233/980 1965/234/980 2028/235/980 1963/236/980
f 1965/234/981 1966/237/981 2027/238/981 2028/235/981
f 1966/237/982 1967/239/982 2026/240/982 2027/238/982
f 1967/239/983 1968/241/983 2025/242/983 2026/240/983
f 1968/241/984 1969/243/984 2024/244/984 2025/242/984
f 1969/243/985 1970/245/985 2023/246/985 2024/244/985
f 1970/245/986 1971/247/986 2022/248/986 2023/246/986
f 1971/247/987 1972/249/987 2021/250/987 2022/248/987
f 1972/249/988 1973/251/988 2020/252/988 2021/250/988
f 1973/251/989 1974/253/989 2019/254/989 2020/252/989
f 1974/253/990 1975/255/990 2018/256/990 2019/254/990
f 1975/255/991 1976/257/991 2017/258/991 2018/256/991
f 1976/257/992 1977/259/992 2016/260/992 2017/258/992
f 1977/259/930 1978/261/930 2015/262/930 2016/260/930
f 1978/261/993 1979/263/993 2014/264/993 2015/262/993
f 1979/263/994 1980/265/994 2013/266/994 2014/264/994
f 1980/265/995 1981/267/995 2012/268/995 2013/266/995
f 1981/267/996 1982/269/996 2011/270/996 2012/268/996
f 1982/269/997 1983/271/997 2010/272/997 2011/270/997
f 1983/271/998 1984/273/998 2009/274/998 2010/272/998
f 1984/273/999 1985/275/999 2008/276/999 2009/274/999
f 1985/275/1000 1986/277/1000 2007/278/1000 2008/276/1000
f 1986/277/1001 1987/279/1001 2006/280/1001 2007/278/1001
f 1987/279/1002 1988/281/1002 2005/282/1002 2006/280/1002
f 1988/281/1003 1989/283/1003 2004/284/1003 2005/282/1003
f 1989/283/1004 1990/285/1004 2003/286/1004 2004/284/1004
f 1990/285/1005 1991/287/1005 2002/288/1005 2003/286/1005
f 1991/287/1006 1992/289/1006 2001/290/1006 2002/288/1006
f 1992/289/1007 1993/291/1007 2000/292/1007 2001/290/1007
f 1993/291/1008 1994/293/1008 1999/294/1008 2000/292/1008
f 1994/293/1009 1995/295/1009 1998/296/1009 1999/294/1009
f 1995/295/1010 1996/229/1010 1997/232/1010 1998/296/1010
f 2064/229/1011 2030/230/1011 2032/231/1011 2065/232/1011
f 2029/233/1012 2033/234/1012 2096/235/1012 2031/236/1012
f 2033/234/1013 2034/237/1013 2095/238/1013 2096/235/1013
f 2034/237/1014 2035/239/1014 2094/240/1014 2095/238/1014
f 2035/239/1015 2036/241/1015 2093/242/1015 2094/240/1015
f 2036/241/1016 2037/243/1016 2092/244/1016 2093/242/1016
f 2037/243/1017 2038/245/1017 2091/246/1017 2092/244/1017
f 2038/245/1018 2039/247/1018 2090/248/1018 2091/246/1018
f 2039/247/1019 2040/249/1019 2089/250/1019 2090/248/1019
f 2040/249/1020 2041/251/1020 2088/252/1020 2089/250/1020
f 2041/251/1021 2042/253/1021 2087/254/1021 2088/252/1021
f 2042/253/1022 2043/255/1022 2086/256/1022 2087/254/1022
f 2043/255/1023 2044/257/1023 2085/258/1023 2086/256/1023
f 2044/257/1024 2045/259/1024 2084/260/1024 2085/258/1024
f 2045/259/1025 2046/261/1025 2083/262/1025 2084/260/1025
f 2046/261/1026 2047/263/1026 2082/264/1026 2083/262/1026
f 2047/263/1027 2048/265/1027 2081/266/1027 2082/264/1027
f 2048/265/1028 2049/267/1028 2080/268/1028 2081/266/1028
f 2049/267/1029 2050/269/1029 2079/270/1029 2080/268/1029
f 2050/269/1030 2051/271/1030 2078/272/1030 2079/270/1030
f 2051/271/1031 2052/273/1031 2077/274/1031 2078/272/1031
f 2052/273/1032 2053/275/1032 2076/276/1032 2077/274/1032
f 2053/275/1033 2054/277/1033 2075/278/1033 2076/276/1033
f 2054/277/1034 2055/279/1034 2074/280/1034 2075/278/1034
f 2055/279/1035 2056/281/1035 2073/282/1035 2074/280/1035
f 2056/281/1036 2057/283/1036 2072/284/1036 2073/282/1036
f 2057/283/1037 2058/285/1037 2071/286/1037 2072/284/1037
f 2058/285/1038 2059/287/1038 2070/288/1038 2071/286/1038
f 2059/287/1039 2060/289/1039 2069/290/1039 2070/288/1039
f 2060/289/1040 2061/291/1040 2068/292/1040 2069/290/1040
f 2061/291/1041 2062/293/1041 2067/294/1041 2068/292/1041
f 2062/293/1042 2063/295/1042 2066/296/1042 2067/294/1042
f 2063/295/1043 2064/229/1043 2065/232/1043 2066/296/1043
f 2132/229/1044 2098/230/1044 2100/231/1044 2133/232/1044
f 2097/233/1045 2101/234/1045 2164/235/1045 2099/236/1045
f 2101/234/1046 2102/237/1046 2163/238/1046 2164/235/1046
f 2102/237/1047 2103/239/1047 2162/240/1047 2163/238/1047
f 2103/239/1048 2104/241/1048 2161/242/1048 2162/240/1048
f 2104/241/1049 2105/243/1049 2160/244/1049 2161/242/1049
f 2105/243/1050 2106/245/1050 2159/246/1050 2160/244/1050
f 2106/245/1051 2107/247/1051 2158/248/1051 2159/246/1051
f 2107/247/1052 2108/249/1052 2157/250/1052 2158/248/1052
f 2108/249/1053 2109/251/1053 2156/252/1053 2157/250/1053
f 2109/251/983 2110/253/983 2155/254/983 2156/252/983
f 2110/253/1054 2111/255/1054 2154/256/1054 2155/254/1054
f 2111/255/1055 2112/257/1055 2153/258/1055 2154/256/1055
f 2112/257/1056 2113/259/1056 2152/260/1056 2153/258/1056
f 2113/259/1057 2114/261/1057 2151/262/1057 2152/260/1057
f 2114/261/1058 2115/263/1058 2150/264/1058 2151/262/1058
f 2115/263/1059 2116/265/1059 2149/266/1059 2150/264/1059
f 2116/265/1060 2117/267/1060 2148/268/1060 2149/266/1060
f 2117/267/1061 2118/269/1061 2147/270/1061 2148/268/1061
f 2118/269/1062 2119/271/1062 2146/272/1062 2147/270/1062
f 2119/271/1063 2120/273/1063 2145/274/1063 2146/272/1063
f 2120/273/1064 2121/275/1064 2144/276/1064 2145/274/1064
f 2121/275/1065 2122/277/1065 2143/278/1065 2144/276/1065
f 2122/277/1066 2123/279/1066 2142/280/1066 2143/278/1066
f 2123/279/1067 2124/281/1067 2141/282/1067 2142/280/1067
f 2124/281/1068 2125/283/1068 2140/284/1068 2141/282/1068
f 2125/283/1069 2126/285/1069 2139/286/1069 2140/284/1069
f 2126/285/1070 2127/287/1070 2138/288/1070 2139/286/1070
f 2127/287/1071 2128/289/1071 2137/290/1071 2138/288/1071
f 2128/289/1072 2129/291/1072 2136/292/1072 2137/290/1072
f 2129/291/1073 2130/293/1073 2135/294/1073 2136/292/1073
f 2130/293/1074 2131/295/1074 2134/296/1074 2135/294/1074
f 2131/295/1075 2132/229/1075 2133/232/1075 2134/296/1075
f 2200/229/1076 2166/230/1076 2168/231/1076 2201/232/1076
f 2165/233/1077 2169/234/1077 2232/235/1077 2167/236/1077
f 2169/234/1078 2170/237/1078 2231/238/1078 2232/235/1078
f 2170/237/1079 2171/239/1079 2230/240/1079 2231/238/1079
f 2171/239/1080 2172/241/1080 2229/242/1080 2230/240/1080
f 2172/241/1081 2173/243/1081 2228/244/1081 2229/242/1081
f 2173/243/1082 2174/245/1082 2227/246/1082 2228/244/1082
f 2174/245/1083 2175/247/1083 2226/248/1083 2227/246/1083
f 2175/247/1084 2176/249/1084 2225/250/1084 2226/248/1084
f 2176/249/1085 2177/251/1085 2224/252/1085 2225/250/1085
f 2177/251/1086 2178/253/1086 2223/254/1086 2224/252/1086
f 2178/253/1087 2179/255/1087 2222/256/1087 2223/254/1087
f 2179/255/1088 2180/257/1088 2221/258/1088 2222/256/1088
f 2180/257/1089 2181/259/1089 2220/260/1089 2221/258/1089
f 2181/259/1090 2182/261/1090 2219/262/1090 2220/260/1090
f 2182/261/1091 2183/263/1091 2218/264/1091 2219/262/1091
f 2183/263/1092 2184/265/1092 2217/266/1092 2218/264/1092
f 2184/265/1012 2185/267/1012 2216/268/1012 2217/266/1012
f 2185/267/1093 2186/269/1093 2215/270/1093 2216/268/1093
f 2186/269/1094 2187/271/1094 2214/272/1094 2215/270/1094
f 2187/271/1095 2188/273/1095 2213/274/1095 2214/272/1095
f 2188/273/1096 2189/275/1096 2212/276/1096 2213/274/1096
f 2189/275/1097 2190/277/1097 2211/278/1097 2212/276/1097
f 2190/277/1098 2191/279/1098 2210/280/1098 2211/278/1098
f 2191/279/1099 2192/281/1099 2209/282/1099 2210/280/1099
f 2192/281/1100 2193/283/1100 2208/284/1100 2209/282/1100
f 2193/283/1101 2194/285/1101 2207/286/1101 2208/284/1101
f 2194/285/1102 2195/287/1102 2206/288/1102 2207/286/1102
f 2195/287/1103 2196/289/1103 2205/290/1103 2206/288/1103
f 2196/289/1104 2197/291/1104 2204/292/1104 2205/290/1104
f 2197/291/1105 2198/293/1105 2203/294/1105 2204/292/1105
f 2198/293/1106 2199/295/1106 2202/296/1106 2203/294/1106
f 2199/295/1107 2200/229/1107 2201/232/1107 2202/296/1107
f 2268/229/1108 2234/230/1108 2236/231/1108 2269/232/1108
f 2233/233/1109 2237/234/1109 2300/235/1109 2235/236/1109
f 2237/234/1110 2238/237/1110 2299/238/1110 2300/235/1110
f 2238/237/1111 2239/239/1111 2298/240/1111 2299/238/1111
f 2239/239/1112 2240/241/1112 2297/242/1112 2298/240/1112
f 2240/241/1113 2241/243/1113 2296/244/1113 2297/242/1113
f 2241/243/1114 2242/245/1114 2295/246/1114 2296/244/1114
f 2242/245/1115 2243/247/1115 2294/248/1115 2295/246/1115
f 2243/247/1116 2244/249/1116 2293/250/1116 2294/248/1116
f 2244/249/1117 2245/251/1117 2292/252/1117 2293/250/1117
f 2245/251/1118 2246/253/1118 2291/254/1118 2292/252/1118
f 2246/253/1119 2247/255/1119 2290/256/1119 2291/254/1119
f 2247/255/1120 2248/257/1120 2289/258/1120 2290/256/1120
f 2248/257/1121 2249/259/1121 2288/260/1121 2289/258/1121
f 2249/259/1122 2250/261/1122 2287/262/1122 2288/260/1122
f 2250/261/1123 2251/263/1123 2286/264/1123 2287/262/1123
f 2251/263/1124 2252/265/1124 2285/266/1124 2286/264/1124
f 2252/265/1125 2253/267/1125 2284/268/1125 2285/266/1125
f 2253/267/1126 2254/269/1126 2283/270/1126 2284/268/1126
f 2254/269/1127 2255/271/1127 2282/272/1127 2283/270/1127
f 2255/271/1128 2256/273/1128 2281/274/1128 2282/272/1128
f 2256/273/1129 2257/275/1129 2280/276/1129 2281/274/1129
f 2257/275/1130 2258/277/1130 2279/278/1130 2280/276/1130
f 2258/277/1131 2259/279/1131 2278/280/1131 2279/278/1131
f 2259/279/1132 2260/281/1132 2277/282/1132 2278/280/1132
f 2260/281/1133 2261/283/1133 2276/284/1133 2277/282/1133
f 2261/283/1134 2262/285/1134 2275/286/1134 2276/284/1134
f 2262/285/1135 2263/287/1135 2274/288/1135 2275/286/1135
f 2263/287/1136 2264/289/1136 2273/290/1136 2274/288/1136
f 2264/289/1137 2265/291/1137 2272/292/1137 2273/290/1137
f 2265/291/1138 2266/293/1138 2271/294/1138 2272/292/1138
f 2266/293/1139 2267/295/1139 2270/296/1139 2271/294/1139
f 2267/295/1140 2268/229/1140 2269/232/1140 2270/296/1140
f 2336/229/1141 2302/230/1141 2304/231/1141 2337/232/1141
f 2301/233/1142 2305/234/1142 2368/235/1142 2303/236/1142
f 2305/234/1143 2306/237/1143 2367/238/1143 2368/235/1143
f 2306/237/1144 2307/239/1144 2366/240/1144 2367/238/1144
f 2307/239/1145 2308/241/1145 2365/242/1145 2366/240/1145
f 2308/241/1146 2309/243/1146 2364/244/1146 2365/242/1146
f 2309/243/1032 2310/245/1032 2363/246/1032 2364/244/1032
f 2310/245/1125 2311/247/1125 2362/248/1125 2363/246/1125
f 2311/247/1147 2312/249/1147 2361/250/1147 2362/248/1147
f 2312/249/1148 2313/251/1148 2360/252/1148 2361/250/1148
f 2313/251/1149 2314/253/1149 2359/254/1149 2360/252/1149
f 2314/253/1150 2315/255/1150 2358/256/1150 2359/254/1150
f 2315/255/1151 2316/257/1151 2357/258/1151 2358/256/1151
f 2316/257/1152 2317/259/1152 2356/260/1152 2357/258/1152
f 2317/259/1153 2318/261/1153 2355/262/1153 2356/260/1153
f 2318/261/1154 2319/263/1154 2354/264/1154 2355/262/1154
f 2319/263/1000 2320/265/1000 2353/266/1000 2354/264/1000
f 2320/265/1155 2321/267/1155 2352/268/1155 2353/266/1155
f 2321/267/1156 2322/269/1156 2351/270/1156 2352/268/1156
f 2322/269/1157 2323/271/1157 2350/272/1157 2351/270/1157
f 2323/271/1158 2324/273/1158 2349/274/1158 2350/272/1158
f 2324/273/1159 2325/275/1159 2348/276/1159 2349/274/1159
f 2325/275/1160 2326/277/1160 2347/278/1160 2348/276/1160
f 2326/277/1161 2327/279/1161 2346/280/1161 2347/278/1161
f 2327/279/1162 2328/281/1162 2345/282/1162 2346/280/1162
f 2328/281/1163 2329/283/1163 2344/284/1163 2345/282/1163
f 2329/283/1164 2330/285/1164 2343/286/1164 2344/284/1164
f 2330/285/1165 2331/287/1165 2342/288/1165 2343/286/1165
f 2331/287/1166 2332/289/1166 2341/290/1166 2342/288/1166
f 2332/289/1167 2333/291/1167 2340/292/1167 2341/290/1167
f 2333/291/1168 2334/293/1168 2339/294/1168 2340/292/1168
f 2334/293/1169 2335/295/1169 2338/296/1169 2339/294/1169
f 2335/295/1170 2336/229/1170 2337/232/1170 2338/296/1170
f 2404/229/1171 2370/230/1171 2372/231/1171 2405/232/1171
f 2369/233/1172 2373/234/1172 2436/235/1172 2371/236/1172
f 2373/234/1173 2374/237/1173 2435/238/1173 2436/235/1173
f 2374/237/1174 2375/239/1174 2434/240/1174 2435/238/1174
f 2375/239/1034 2376/241/1034 2433/242/1034 2434/240/1034
f 2376/241/1175 2377/243/1175 2432/244/1175 2433/242/1175
f 2377/243/1176 2378/245/1176 2431/246/1176 2432/244/1176
f 2378/245/1177 2379/247/1177 2430/248/1177 2431/246/1177
f 2379/247/1178 2380/249/1178 2429/250/1178 2430/248/1178
f 2380/249/1179 2381/251/1179 2428/252/1179 2429/250/1179
f 2381/251/1180 2382/253/1180 2427/254/1180 2428/252/1180
f 2382/253/1181 2383/255/1181 2426/256/1181 2427/254/1181
f 2383/255/1182 2384/257/1182 2425/258/1182 2426/256/1182
f 2384/257/1183 2385/259/1183 2424/260/1183 2425/258/1183
f 2385/259/1184 2386/261/1184 2423/262/1184 2424/260/1184
f 2386/261/1185 2387/263/1185 2422/264/1185 2423/262/1185
f 2387/263/1156 2388/265/1156 2421/266/1156 2422/264/1156
f 2388/265/1186 2389/267/1186 2420/268/1186 2421/266/1186
f 2389/267/1187 2390/269/1187 2419/270/1187 2420/268/1187
f 2390/269/1188 2391/271/1188 2418/272/1188 2419/270/1188
f 2391/271/1189 2392/273/1189 2417/274/1189 2418/272/1189
f 2392/273/1190 2393/275/1190 2416/276/1190 2417/274/1190
f 2393/275/1191 2394/277/1191 2415/278/1191 2416/276/1191
f 2394/277/1192 2395/279/1192 2414/280/1192 2415/278/1192
f 2395/279/1193 2396/281/1193 2413/282/1193 2414/280/1193
f 2396/281/1194 2397/283/1194 2412/284/1194 2413/282/1194
f 2397/283/1195 2398/285/1195 2411/286/1195 2412/284/1195
f 2398/285/1196 2399/287/1196 2410/288/1196 2411/286/1196
f 2399/287/1197 2400/289/1197 2409/290/1197 2410/288/1197
f 2400/289/1198 2401/291/1198 2408/292/1198 2409/290/1198
f 2401/291/1199 2402/293/1199 2407/294/1199 2408/292/1199
f 2402/293/1200 2403/295/1200 2406/296/1200 2407/294/1200
f 2403/295/1201 2404/229/1201 2405/232/1201 2406/296/1201
f 2472/229/1202 2438/230/1202 2440/231/1202 2473/232/1202
f 2437/233/1203 2441/234/1203 2504/235/1203 2439/236/1203
f 2441/234/1204 2442/237/1204 2503/238/1204 2504/235/1204
f 2442/237/1205 2443/239/1205 2502/240/1205 2503/238/1205
f 2443/239/1206 2444/241/1206 2501/242/1206 2502/240/1206
f 2444/241/1207 2445/243/1207 2500/244/1207 2501/242/1207
f 2445/243/1208 2446/245/1208 2499/246/1208 2500/244/1208
f 2446/245/1209 2447/247/1209 2498/248/1209 2499/246/1209
f 2447/247/1210 2448/249/1210 2497/250/1210 2498/248/1210
f 2448/249/1211 2449/251/1211 2496/252/1211 2497/250/1211
f 2449/251/1212 2450/253/1212 2495/254/1212 2496/252/1212
f 2450/253/1213 2451/255/1213 2494/256/1213 2495/254/1213
f 2451/255/1214 2452/257/1214 2493/258/1214 2494/256/1214
f 2452/257/1215 2453/259/1215 2492/260/1215 2493/258/1215
f 2453/259/1216 2454/261/1216 2491/262/1216 2492/260/1216
f 2454/261/1174 2455/263/1174 2490/264/1174 2491/262/1174
f 2455/263/1217 2456/265/1217 2489/266/1217 2490/264/1217
f 2456/265/1218 2457/267/1218 2488/268/1218 2489/266/1218
f 2457/267/1219 2458/269/1219 2487/270/1219 2488/268/1219
f 2458/269/1220 2459/271/1220 2486/272/1220 2487/270/1220
f 2459/271/1221 2460/273/1221 2485/274/1221 2486/272/1221
f 2460/273/1222 2461/275/1222 2484/276/1222 2485/274/1222
f 2461/275/1223 2462/277/1223 2483/278/1223 2484/276/1223
f 2462/277/1224 2463/279/1224 2482/280/1224 2483/278/1224
f 2463/279/1225 2464/281/1225 2481/282/1225 2482/280/1225
f 2464/281/1226 2465/283/1226 2480/284/1226 2481/282/1226
f 2465/283/1227 2466/285/1227 2479/286/1227 2480/284/1227
f 2466/285/1228 2467/287/1228 2478/288/1228 2479/286/1228
f 2467/287/1229 2468/289/1229 2477/290/1229 2478/288/1229
f 2468/289/1230 2469/291/1230 2476/292/1230 2477/290/1230
f 2469/291/1231 2470/293/1231 2475/294/1231 2476/292/1231
f 2470/293/1232 2471/295/1232 2474/296/1232 2475/294/1232
f 2471/295/1233 2472/229/1233 2473/232/1233 2474/296/1233
f 2540/229/1234 2506/230/1234 2508/231/1234 2541/232/1234
f 2505/233/1235 2509/234/1235 2572/235/1235 2507/236/1235
f 2509/234/1236 2510/237/1236 2571/238/1236 2572/235/1236
f 2510/237/1237 2511/239/1237 2570/240/1237 2571/238/1237
f 2511/239/1238 2512/241/1238 2569/242/1238 2570/240/1238
f 2512/241/1239 2513/243/1239 2568/244/1239 2569/242/1239
f 2513/243/1240 2514/245/1240 2567/246/1240 2568/244/1240
f 2514/245/1241 2515/247/1241 2566/248/1241 2567/246/1241
f 2515/247/1242 2516/249/1242 2565/250/1242 2566/248/1242
f 2516/249/1243 2517/251/1243 2564/252/1243 2565/250/1243
f 2517/251/1244 2518/253/1244 2563/254/1244 2564/252/1244
f 2518/253/1245 2519/255/1245 2562/256/1245 2563/254/1245
f 2519/255/1246 2520/257/1246 2561/258/1246 2562/256/1246
f 2520/257/1247 2521/259/1247 2560/260/1247 2561/258/1247
f 2521/259/1248 2522/261/1248 2559/262/1248 2560/260/1248
f 2522/261/1249 2523/263/1249 2558/264/1249 2559/262/1249
f 2523/263/1250 2524/265/1250 2557/266/1250 2558/264/1250
f 2524/265/1251 2525/267/1251 2556/268/1251 2557/266/1251
f 2525/267/1252 2526/269/1252 2555/270/1252 2556/268/1252
f 2526/269/1253 2527/271/1253 2554/272/1253 2555/270/1253
f 2527/271/1254 2528/273/1254 2553/274/1254 2554/272/1254
f 2528/273/1255 2529/275/1255 2552/276/1255 2553/274/1255
f 2529/275/1256 2530/277/1256 2551/278/1256 2552/276/1256
f 2530/277/1257 2531/279/1257 2550/280/1257 2551/278/1257
f 2531/279/1258 2532/281/1258 2549/282/1258 2550/280/1258
f 2532/281/1259 2533/283/1259 2548/284/1259 2549/282/1259
f 2533/283/1260 2534/285/1260 2547/286/1260 2548/284/1260
f 2534/285/1261 2535/287/1261 2546/288/1261 2547/286/1261
f 2535/287/1262 2536/289/1262 2545/290/1262 2546/288/1262
f 2536/289/1263 2537/291/1263 2544/292/1263 2545/290/1263
f 2537/291/1264 2538/293/1264 2543/294/1264 2544/292/1264
f 2538/293/1265 2539/295/1265 2542/296/1265 2543/294/1265
f 2539/295/1266 2540/229/1266 2541/232/1266 2542/296/1266
f 2608/229/1267 2609/232/1267 2576/231/1267 2574/230/1267
f 2573/233/1268 2575/236/1268 2640/235/1268 2577/234/1268
f 2577/234/1269 2640/235/1269 2639/238/1269 2578/237/1269
f 2578/237/1270 2639/238/1270 2638/240/1270 2579/239/1270
f 2579/239/1271 2638/240/1271 2637/242/1271 2580/241/1271
f 2580/241/1272 2637/242/1272 2636/244/1272 2581/243/1272
f 2581/243/1273 2636/244/1273 2635/246/1273 2582/245/1273
f 2582/245/1274 2635/246/1274 2634/248/1274 2583/247/1274
f 2583/247/1275 2634/248/1275 2633/250/1275 2584/249/1275
f 2584/249/1276 2633/250/1276 2632/252/1276 2585/251/1276
f 2585/251/1277 2632/252/1277 2631/254/1277 2586/253/1277
f 2586/253/1278 2631/254/1278 2630/256/1278 2587/255/1278
f 2587/255/1279 2630/256/1279 2629/258/1279 2588/257/1279
f 2588/257/1280 2629/258/1280 2628/260/1280 2589/259/1280
f 2589/259/1281 2628/260/1281 2627/262/1281 2590/261/1281
f 2590/261/1282 2627/262/1282 2626/264/1282 2591/263/1282
f 2591/263/1283 2626/264/1283 2625/266/1283 2592/265/1283
f 2592/265/1284 2625/266/1284 2624/268/1284 2593/267/1284
f 2593/267/1285 2624/268/1285 2623/270/1285 2594/269/1285
f 2594/269/1286 2623/270/1286 2622/272/1286 2595/271/1286
f 2595/271/1287 2622/272/1287 2621/274/1287 2596/273/1287
f 2596/273/1288 2621/274/1288 2620/276/1288 2597/275/1288
f 2597/275/1289 2620/276/1289 2619/278/1289 2598/277/1289
f 2598/277/1290 2619/278/1290 2618/280/1290 2599/279/1290
f 2599/279/1291 2618/280/1291 2617/282/1291 2600/281/1291
f 2600/281/1292 2617/282/1292 2616/284/1292 2601/283/1292
f 2601/283/1293 2616/284/1293 2615/286/1293 2602/285/1293
f 2602/285/1294 2615/286/1294 2614/288/1294 2603/287/1294
f 2603/287/1295 2614/288/1295 2613/290/1295 2604/289/1295
f 2604/289/1296 2613/290/1296 2612/292/1296 2605/291/1296
f 2605/291/1297 2612/292/1297 2611/294/1297 2606/293/1297
f 2606/293/1298 2611/294/1298 2610/296/1298 2607/295/1298
f 2607/295/1299 2610/296/1299 2609/232/1299 2608/229/1299
f 2676/229/1300 2677/232/1300 2644/231/1300 2642/230/1300
f 2641/233/1301 2643/236/1301 2708/235/1301 2645/234/1301
f 2645/234/1302 2708/235/1302 2707/238/1302 2646/237/1302
f 2646/237/1268 2707/238/1268 2706/240/1268 2647/239/1268
f 2647/239/1303 2706/240/1303 2705/242/1303 2648/241/1303
f 2648/241/1304 2705/242/1304 2704/244/1304 2649/243/1304
f 2649/243/1305 2704/244/1305 2703/246/1305 2650/245/1305
f 2650/245/1306 2703/246/1306 2702/248/1306 2651/247/1306
f 2651/247/1307 2702/248/1307 2701/250/1307 2652/249/1307
f 2652/249/1308 2701/250/1308 2700/252/1308 2653/251/1308
f 2653/251/1309 2700/252/1309 2699/254/1309 2654/253/1309
f 2654/253/1310 2699/254/1310 2698/256/1310 2655/255/1310
f 2655/255/1311 2698/256/1311 2697/258/1311 2656/257/1311
f 2656/257/1312 2697/258/1312 2696/260/1312 2657/259/1312
f 2657/259/1313 2696/260/1313 2695/262/1313 2658/261/1313
f 2658/261/1314 2695/262/1314 2694/264/1314 2659/263/1314
f 2659/263/1315 2694/264/1315 2693/266/1315 2660/265/1315
f 2660/265/1316 2693/266/1316 2692/268/1316 2661/267/1316
f 2661/267/1317 2692/268/1317 2691/270/1317 2662/269/1317
f 2662/269/1318 2691/270/1318 2690/272/1318 2663/271/1318
f 2663/271/1319 2690/272/1319 2689/274/1319 2664/273/1319
f 2664/273/1320 2689/274/1320 2688/276/1320 2665/275/1320
f 2665/275/1321 2688/276/1321 2687/278/1321 2666/277/1321
f 2666/277/1322 2687/278/1322 2686/280/1322 2667/279/1322
f 2667/279/1323 2686/280/1323 2685/282/1323 2668/281/1323
f 2668/281/1324 2685/282/1324 2684/284/1324 2669/283/1324
f 2669/283/1325 2684/284/1325 2683/286/1325 2670/285/1325
f 2670/285/1326 2683/286/1326 2682/288/1326 2671/287/1326
f 2671/287/1327 2682/288/1327 2681/290/1327 2672/289/1327
f 2672/289/1328 2681/290/1328 2680/292/1328 2673/291/1328
f 2673/291/1329 2680/292/1329 2679/294/1329 2674/293/1329
f 2674/293/1330 2679/294/1330 2678/296/1330 2675/295/1330
f 2675/295/1331 2678/296/1331 2677/232/1331 2676/229/1331
f 2744/229/1332 2745/232/1332 2712/231/1332 2710/230/1332
f 2709/233/1333 2711/236/1333 2776/235/1333 2713/234/1333
f 2713/234/1334 2776/235/1334 2775/238/1334 2714/237/1334
f 2714/237/1335 2775/238/1335 2774/240/1335 2715/239/1335
f 2715/239/1336 2774/240/1336 2773/242/1336 2716/241/1336
f 2716/241/1337 2773/242/1337 2772/244/1337 2717/243/1337
f 2717/243/1338 2772/244/1338 2771/246/1338 2718/245/1338
f 2718/245/1339 2771/246/1339 2770/248/1339 2719/247/1339
f 2719/247/1340 2770/248/1340 2769/250/1340 2720/249/1340
f 2720/249/1341 2769/250/1341 2768/252/1341 2721/251/1341
f 2721/251/1342 2768/252/1342 2767/254/1342 2722/253/1342
f 2722/253/1343 2767/254/1343 2766/256/1343 2723/255/1343
f 2723/255/1344 2766/256/1344 2765/258/1344 2724/257/1344
f 2724/257/1345 2765/258/1345 2764/260/1345 2725/259/1345
f 2725/259/1283 2764/260/1283 2763/262/1283 2726/261/1283
f 2726/261/1346 2763/262/1346 2762/264/1346 2727/263/1346
f 2727/263/1347 2762/264/1347 2761/266/1347 2728/265/1347
f 2728/265/1348 2761/266/1348 2760/268/1348 2729/267/1348
f 2729/267/1349 2760/268/1349 2759/270/1349 2730/269/1349
f 2730/269/1350 2759/270/1350 2758/272/1350 2731/271/1350
f 2731/271/1351 2758/272/1351 2757/274/1351 2732/273/1351
f 2732/273/1352 2757/274/1352 2756/276/1352 2733/275/1352
f 2733/275/1353 2756/276/1353 2755/278/1353 2734/277/1353
f 2734/277/1354 2755/278/1354 2754/280/1354 2735/279/1354
f 2735/279/1355 2754/280/1355 2753/282/1355 2736/281/1355
f 2736/281/1356 2753/282/1356 2752/284/1356 2737/283/1356
f 2737/283/1357 2752/284/1357 2751/286/1357 2738/285/1357
f 2738/285/1358 2751/286/1358 2750/288/1358 2739/287/1358
f 2739/287/1359 2750/288/1359 2749/290/1359 2740/289/1359
f 2740/289/1360 2749/290/1360 2748/292/1360 2741/291/1360
f 2741/291/1361 2748/292/1361 2747/294/1361 2742/293/1361
f 2742/293/1362 2747/294/1362 2746/296/1362 2743/295/1362
f 2743/295/1363 2746/296/1363 2745/232/1363 2744/229/1363
f 2812/229/1364 2813/232/1364 2780/231/1364 2778/230/1364
f 2777/233/1365 2779/236/1365 2844/235/1365 2781/234/1365
f 2781/234/1366 2844/235/1366 2843/238/1366 2782/237/1366
f 2782/237/1367 2843/238/1367 2842/240/1367 2783/239/1367
f 2783/239/1368 2842/240/1368 2841/242/1368 2784/241/1368
f 2784/241/1369 2841/242/1369 2840/244/1369 2785/243/1369
f 2785/243/1370 2840/244/1370 2839/246/1370 2786/245/1370
f 2786/245/1371 2839/246/1371 2838/248/1371 2787/247/1371
f 2787/247/1372 2838/248/1372 2837/250/1372 2788/249/1372
f 2788/249/1373 2837/250/1373 2836/252/1373 2789/251/1373
f 2789/251/1374 2836/252/1374 2835/254/1374 2790/253/1374
f 2790/253/1375 2835/254/1375 2834/256/1375 2791/255/1375
f 2791/255/1376 2834/256/1376 2833/258/1376 2792/257/1376
f 2792/257/1377 2833/258/1377 2832/260/1377 2793/259/1377
f 2793/259/1378 2832/260/1378 2831/262/1378 2794/261/1378
f 2794/261/1379 2831/262/1379 2830/264/1379 2795/263/1379
f 2795/263/1380 2830/264/1380 2829/266/1380 2796/265/1380
f 2796/265/1381 2829/266/1381 2828/268/1381 2797/267/1381
f 2797/267/1382 2828/268/1382 2827/270/1382 2798/269/1382
f 2798/269/1383 2827/270/1383 2826/272/1383 2799/271/1383
f 2799/271/1384 2826/272/1384 2825/274/1384 2800/273/1384
f 2800/273/1385 2825/274/1385 2824/276/1385 2801/275/1385
f 2801/275/1386 2824/276/1386 2823/278/1386 2802/277/1386
f 2802/277/1387 2823/278/1387 2822/280/1387 2803/279/1387
f 2803/279/1388 2822/280/1388 2821/282/1388 2804/281/1388
f 2804/281/1389 2821/282/1389 2820/284/1389 2805/283/1389
f 2805/283/1390 2820/284/1390 2819/286/1390 2806/285/1390
f 2806/285/1391 2819/286/1391 2818/288/1391 2807/287/1391
f 2807/287/1392 2818/288/1392 2817/290/1392 2808/289/1392
f 2808/289/1393 2817/290/1393 2816/292/1393 2809/291/1393
f 2809/291/1394 2816/292/1394 2815/294/1394 2810/293/1394
f 2810/293/1395 2815/294/1395 2814/296/1395 2811/295/1395
f 2811/295/1396 2814/296/1396 2813/232/1396 2812/229/1396
f 2880/229/1397 2881/232/1397 2848/231/1397 2846/230/1397
f 2845/233/1398 2847/236/1398 2912/235/1398 2849/234/1398
f 2849/234/1399 2912/235/1399 2911/238/1399 2850/237/1399
f 2850/237/1400 2911/238/1400 2910/240/1400 2851/239/1400
f 2851/239/1401 2910/240/1401 2909/242/1401 2852/241/1401
f 2852/241/1402 2909/242/1402 2908/244/1402 2853/243/1402
f 2853/243/1403 2908/244/1403 2907/246/1403 2854/245/1403
f 2854/245/1404 2907/246/1404 2906/248/1404 2855/247/1404
f 2855/247/1405 2906/248/1405 2905/250/1405 2856/249/1405
f 2856/249/1406 2905/250/1406 2904/252/1406 2857/251/1406
f 2857/251/1336 2904/252/1336 2903/254/1336 2858/253/1336
f 2858/253/1407 2903/254/1407 2902/256/1407 2859/255/1407
f 2859/255/1408 2902/256/1408 2901/258/1408 2860/257/1408
f 2860/257/1409 2901/258/1409 2900/260/1409 2861/259/1409
f 2861/259/1410 2900/260/1410 2899/262/1410 2862/261/1410
f 2862/261/1411 2899/262/1411 2898/264/1411 2863/263/1411
f 2863/263/1412 2898/264/1412 2897/266/1412 2864/265/1412
f 2864/265/1413 2897/266/1413 2896/268/1413 2865/267/1413
f 2865/267/1414 2896/268/1414 2895/270/1414 2866/269/1414
f 2866/269/1415 2895/270/1415 2894/272/1415 2867/271/1415
f 2867/271/1416 2894/272/1416 2893/274/1416 2868/273/1416
f 2868/273/1417 2893/274/1417 2892/276/1417 2869/275/1417
f 2869/275/1418 2892/276/1418 2891/278/1418 2870/277/1418
f 2870/277/1419 2891/278/1419 2890/280/1419 2871/279/1419
f 2871/279/1420 2890/280/1420 2889/282/1420 2872/281/1420
f 2872/281/1421 2889/282/1421 2888/284/1421 2873/283/1421
f 2873/283/1422 2888/284/1422 2887/286/1422 2874/285/1422
f 2874/285/1423 2887/286/1423 2886/288/1423 2875/287/1423
f 2875/287/1424 2886/288/1424 2885/290/1424 2876/289/1424
f 2876/289/1425 2885/290/1425 2884/292/1425 2877/291/1425
f 2877/291/1426 2884/292/1426 2883/294/1426 2878/293/1426
f 2878/293/1427 2883/294/1427 2882/296/1427 2879/295/1427
f 2879/295/1428 2882/296/1428 2881/232/1428 2880/229/1428
f 2948/229/1429 2949/232/1429 2916/231/1429 2914/230/1429
f 2913/233/1430 2915/236/1430 2980/235/1430 2917/234/1430
f 2917/234/1431 2980/235/1431 2979/238/1431 2918/237/1431
f 2918/237/1432 2979/238/1432 2978/240/1432 2919/239/1432
f 2919/239/1433 2978/240/1433 2977/242/1433 2920/241/1433
f 2920/241/1434 2977/242/1434 2976/244/1434 2921/243/1434
f 2921/243/1435 2976/244/1435 2975/246/1435 2922/245/1435
f 2922/245/1436 2975/246/1436 2974/248/1436 2923/247/1436
f 2923/247/1437 2974/248/1437 2973/250/1437 2924/249/1437
f 2924/249/1438 2973/250/1438 2972/252/1438 2925/251/1438
f 2925/251/1439 2972/252/1439 2971/254/1439 2926/253/1439
f 2926/253/1440 2971/254/1440 2970/256/1440 2927/255/1440
f 2927/255/1441 2970/256/1441 2969/258/1441 2928/257/1441
f 2928/257/1442 2969/258/1442 2968/260/1442 2929/259/1442
f 2929/259/1443 2968/260/1443 2967/262/1443 2930/261/1443
f 2930/261/1444 2967/262/1444 2966/264/1444 2931/263/1444
f 2931/263/1445 2966/264/1445 2965/266/1445 2932/265/1445
f 2932/265/1446 2965/266/1446 2964/268/1446 2933/267/1446
f 2933/267/1447 2964/268/1447 2963/270/1447 2934/269/1447
f 2934/269/1448 2963/270/1448 2962/272/1448 2935/271/1448
f 2935/271/1449 2962/272/1449 2961/274/1449 2936/273/1449
f 2936/273/1450 2961/274/1450 2960/276/1450 2937/275/1450
f 2937/275/1451 2960/276/1451 2959/278/1451 2938/277/1451
f 2938/277/1452 2959/278/1452 2958/280/1452 2939/279/1452
f 2939/279/1453 2958/280/1453 2957/282/1453 2940/281/1453
f 2940/281/1454 2957/282/1454 2956/284/1454 2941/283/1454
f 2941/283/1455 2956/284/1455 2955/286/1455 2942/285/1455
f 2942/285/1456 2955/286/1456 2954/288/1456 2943/287/1456
f 2943/287/1457 2954/288/1457 2953/290/1457 2944/289/1457
f 2944/289/1458 2953/290/1458 2952/292/1458 2945/291/1458
f 2945/291/1459 2952/292/1459 2951/294/1459 2946/293/1459
f 2946/293/1460 2951/294/1460 2950/296/1460 2947/295/1460
f 2947/295/1461 2950/296/1461 2949/232/1461 2948/229/1461
f 3016/229/1462 3017/232/1462 2984/231/1462 2982/230/1462
f 2981/233/1463 2983/236/1463 3048/235/1463 2985/234/1463
f 2985/234/1464 3048/235/1464 3047/238/1464 2986/237/1464
f 2986/237/1465 3047/238/1465 3046/240/1465 2987/239/1465
f 2987/239/1466 3046/240/1466 3045/242/1466 2988/241/1466
f 2988/241/1467 3045/242/1467 3044/244/1467 2989/243/1467
f 2989/243/1468 3044/244/1468 3043/246/1468 2990/245/1468
f 2990/245/1469 3043/246/1469 3042/248/1469 2991/247/1469
f 2991/247/1470 3042/248/1470 3041/250/1470 2992/249/1470
f 2992/249/1471 3041/250/1471 3040/252/1471 2993/251/1471
f 2993/251/1472 3040/252/1472 3039/254/1472 2994/253/1472
f 2994/253/1473 3039/254/1473 3038/256/1473 2995/255/1473
f 2995/255/1474 3038/256/1474 3037/258/1474 2996/257/1474
f 2996/257/1475 3037/258/1475 3036/260/1475 2997/259/1475
f 2997/259/1476 3036/260/1476 3035/262/1476 2998/261/1476
f 2998/261/1477 3035/262/1477 3034/264/1477 2999/263/1477
f 2999/263/1478 3034/264/1478 3033/266/1478 3000/265/1478
f 3000/265/1479 3033/266/1479 3032/268/1479 3001/267/1479
f 3001/267/1480 3032/268/1480 3031/270/1480 3002/269/1480
f 3002/269/1481 3031/270/1481 3030/272/1481 3003/271/1481
f 3003/271/1482 3030/272/1482 3029/274/1482 3004/273/1482
f 3004/273/1483 3029/274/1483 3028/276/1483 3005/275/1483
f 3005/275/1484 3028/276/1484 3027/278/1484 3006/277/1484
f 3006/277/1485 3027/278/1485 3026/280/1485 3007/279/1485
f 3007/279/1486 3026/280/1486 3025/282/1486 3008/281/1486
f 3008/281/1487 3025/282/1487 3024/284/1487 3009/283/1487
f 3009/283/1488 3024/284/1488 3023/286/1488 3010/285/1488
f 3010/285/1489 3023/286/1489 3022/288/1489 3011/287/1489
f 3011/287/1490 3022/288/1490 3021/290/1490 3012/289/1490
f 3012/289/1491 3021/290/1491 3020/292/1491 3013/291/1491
f 3013/291/1492 3020/292/1492 3019/294/1492 3014/293/1492
f 3014/293/1493 3019/294/1493 3018/296/1493 3015/295/1493
f 3015/295/1494 3018/296/1494 3017/232/1494 3016/229/1494
f 3084/229/1495 3085/232/1495 3052/231/1495 3050/230/1495
f 3049/233/1496 3051/236/1496 3116/235/1496 3053/234/1496
f 3053/234/1497 3116/235/1497 3115/238/1497 3054/237/1497
f 3054/237/1498 3115/238/1498 3114/240/1498 3055/239/1498
f 3055/239/1499 3114/240/1499 3113/242/1499 3056/241/1499
f 3056/241/1500 3113/242/1500 3112/244/1500 3057/243/1500
f 3057/243/1501 3112/244/1501 3111/246/1501 3058/245/1501
f 3058/245/1502 3111/246/1502 3110/248/1502 3059/247/1502
f 3059/247/1503 3110/248/1503 3109/250/1503 3060/249/1503
f 3060/249/1504 3109/250/1504 3108/252/1504 3061/251/1504
f 3061/251/1505 3108/252/1505 3107/254/1505 3062/253/1505
f 3062/253/1506 3107/254/1506 3106/256/1506 3063/255/1506
f 3063/255/1507 3106/256/1507 3105/258/1507 3064/257/1507
f 3064/257/1508 3105/258/1508 3104/260/1508 3065/259/1508
f 3065/259/1509 3104/260/1509 3103/262/1509 3066/261/1509
f 3066/261/1510 3103/262/1510 3102/264/1510 3067/263/1510
f 3067/263/1353 3102/264/1353 3101/266/1353 3068/265/1353
f 3068/265/1511 3101/266/1511 3100/268/1511 3069/267/1511
f 3069/267/1512 3100/268/1512 3099/270/1512 3070/269/1512
f 3070/269/1513 3099/270/1513 3098/272/1513 3071/271/1513
f 3071/271/1514 3098/272/1514 3097/274/1514 3072/273/1514
f 3072/273/1515 3097/274/1515 3096/276/1515 3073/275/1515
f 3073/275/1516 3096/276/1516 3095/278/1516 3074/277/1516
f 3074/277/1517 3095/278/1517 3094/280/1517 3075/279/1517
f 3075/279/1518 3094/280/1518 3093/282/1518 3076/281/1518
f 3076/281/1519 3093/282/1519 3092/284/1519 3077/283/1519
f 3077/283/1520 3092/284/1520 3091/286/1520 3078/285/1520
f 3078/285/1521 3091/286/1521 3090/288/1521 3079/287/1521
f 3079/287/1522 3090/288/1522 3089/290/1522 3080/289/1522
f 3080/289/1523 3089/290/1523 3088/292/1523 3081/291/1523
f 3081/291/1524 3088/292/1524 3087/294/1524 3082/293/1524
f 3082/293/1525 3087/294/1525 3086/296/1525 3083/295/1525
f 3083/295/1526 3086/296/1526 3085/232/1526 3084/229/1526
f 3152/229/1527 3153/232/1527 3120/231/1527 3118/230/1527
f 3117/233/1528 3119/236/1528 3184/235/1528 3121/234/1528
f 3121/234/1529 3184/235/1529 3183/238/1529 3122/237/1529
f 3122/237/1530 3183/238/1530 3182/240/1530 3123/239/1530
f 3123/239/1387 3182/240/1387 3181/242/1387 3124/241/1387
f 3124/241/1531 3181/242/1531 3180/244/1531 3125/243/1531
f 3125/243/1532 3180/244/1532 3179/246/1532 3126/245/1532
f 3126/245/1533 3179/246/1533 3178/248/1533 3127/247/1533
f 3127/247/1534 3178/248/1534 3177/250/1534 3128/249/1534
f 3128/249/1535 3177/250/1535 3176/252/1535 3129/251/1535
f 3129/251/1536 3176/252/1536 3175/254/1536 3130/253/1536
f 3130/253/1537 3175/254/1537 3174/256/1537 3131/255/1537
f 3131/255/1538 3174/256/1538 3173/258/1538 3132/257/1538
f 3132/257/1539 3173/258/1539 3172/260/1539 3133/259/1539
f 3133/259/1540 3172/260/1540 3171/262/1540 3134/261/1540
f 3134/261/1541 3171/262/1541 3170/264/1541 3135/263/1541
f 3135/263/1542 3170/264/1542 3169/266/1542 3136/265/1542
f 3136/265/1543 3169/266/1543 3168/268/1543 3137/267/1543
f 3137/267/1544 3168/268/1544 3167/270/1544 3138/269/1544
f 3138/269/1545 3167/270/1545 3166/272/1545 3139/271/1545
f 3139/271/1546 3166/272/1546 3165/274/1546 3140/273/1546
f 3140/273/1547 3165/274/1547 3164/276/1547 3141/275/1547
f 3141/275/1548 3164/276/1548 3163/278/1548 3142/277/1548
f 3142/277/1549 3163/278/1549 3162/280/1549 3143/279/1549
f 3143/279/1550 3162/280/1550 3161/282/1550 3144/281/1550
f 3144/281/1551 3161/282/1551 3160/284/1551 3145/283/1551
f 3145/283/1552 3160/284/1552 3159/286/1552 3146/285/1552
f 3146/285/1553 3159/286/1553 3158/288/1553 3147/287/1553
f 3147/287/1554 3158/288/1554 3157/290/1554 3148/289/1554
f 3148/289/1555 3157/290/1555 3156/292/1555 3149/291/1555
f 3149/291/1556 3156/292/1556 3155/294/1556 3150/293/1556
f 3150/293/1557 3155/294/1557 3154/296/1557 3151/295/1557
f 3151/295/1558 3154/296/1558 3153/232/1558 3152/229/1558
f 3220/229/1559 3221/232/1559 3188/231/1559 3186/230/1559
f 3185/233/1560 3187/236/1560 3252/235/1560 3189/234/1560
f 3189/234/1561 3252/235/1561 3251/238/1561 3190/237/1561
f 3190/237/1562 3251/238/1562 3250/240/1562 3191/239/1562
f 3191/239/1563 3250/240/1563 3249/242/1563 3192/241/1563
f 3192/241/1564 3249/242/1564 3248/244/1564 3193/243/1564
f 3193/243/1565 3248/244/1565 3247/246/1565 3194/245/1565
f 3194/245/1566 3247/246/1566 3246/248/1566 3195/247/1566
f 3195/247/1567 3246/248/1567 3245/250/1567 3196/249/1567
f 3196/249/1568 3245/250/1568 3244/252/1568 3197/251/1568
f 3197/251/1569 3244/252/1569 3243/254/1569 3198/253/1569
f 3198/253/1570 3243/254/1570 3242/256/1570 3199/255/1570
f 3199/255/1571 3242/256/1571 3241/258/1571 3200/257/1571
f 3200/257/1572 3241/258/1572 3240/260/1572 3201/259/1572
f 3201/259/1573 3240/260/1573 3239/262/1573 3202/261/1573
f 3202/261/1530 3239/262/1530 3238/264/1530 3203/263/1530
f 3203/263/1574 3238/264/1574 3237/266/1574 3204/265/1574
f 3204/265/1575 3237/266/1575 3236/268/1575 3205/267/1575
f 3205/267/1576 3236/268/1576 3235/270/1576 3206/269/1576
f 3206/269/1577 3235/270/1577 3234/272/1577 3207/271/1577
f 3207/271/1578 3234/272/1578 3233/274/1578 3208/273/1578
f 3208/273/1579 3233/274/1579 3232/276/1579 3209/275/1579
f 3209/275/1580 3232/276/1580 3231/278/1580 3210/277/1580
f 3210/277/1581 3231/278/1581 3230/280/1581 3211/279/1581
f 3211/279/1582 3230/280/1582 3229/282/1582 3212/281/1582
f 3212/281/1583 3229/282/1583 3228/284/1583 3213/283/1583
f 3213/283/1584 3228/284/1584 3227/286/1584 3214/285/1584
f 3214/285/1585 3227/286/1585 3226/288/1585 3215/287/1585
f 3215/287/1586 3226/288/1586 3225/290/1586 3216/289/1586
f 3216/289/1587 3225/290/1587 3224/292/1587 3217/291/1587
f 3217/291/1588 3224/292/1588 3223/294/1588 3218/293/1588
f 3218/293/1589 3223/294/1589 3222/296/1589 3219/295/1589
f 3219/295/1590 3222/296/1590 3221/232/1590 3220/229/1590
f 3288/229/1591 3289/232/1591 3256/231/1591 3254/230/1591
f 3253/233/1592 3255/236/1592 3320/235/1592 3257/234/1592
f 3257/234/1593 3320/235/1593 3319/238/1593 3258/237/1593
f 3258/237/1594 3319/238/1594 3318/240/1594 3259/239/1594
f 3259/239/1595 3318/240/1595 3317/242/1595 3260/241/1595
f 3260/241/1596 3317/242/1596 3316/244/1596 3261/243/1596
f 3261/243/1597 3316/244/1597 3315/246/1597 3262/245/1597
f 3262/245/1598 3315/246/1598 3314/248/1598 3263/247/1598
f 3263/247/1599 3314/248/1599 3313/250/1599 3264/249/1599
f 3264/249/1451 3313/250/1451 3312/252/1451 3265/251/1451
f 3265/251/1600 3312/252/1600 3311/254/1600 3266/253/1600
f 3266/253/1601 3311/254/1601 3310/256/1601 3267/255/1601
f 3267/255/1293 3310/256/1293 3309/258/1293 3268/257/1293
f 3268/257/1602 3309/258/1602 3308/260/1602 3269/259/1602
f 3269/259/1603 3308/260/1603 3307/262/1603 3270/261/1603
f 3270/261/1604 3307/262/1604 3306/264/1604 3271/263/1604
f 3271/263/1605 3306/264/1605 3305/266/1605 3272/265/1605
f 3272/265/1606 3305/266/1606 3304/268/1606 3273/267/1606
f 3273/267/1607 3304/268/1607 3303/270/1607 3274/269/1607
f 3274/269/1608 3303/270/1608 3302/272/1608 3275/271/1608
f 3275/271/1609 3302/272/1609 3301/274/1609 3276/273/1609
f 3276/273/1610 3301/274/1610 3300/276/1610 3277/275/1610
f 3277/275/1611 3300/276/1611 3299/278/1611 3278/277/1611
f 3278/277/1612 3299/278/1612 3298/280/1612 3279/279/1612
f 3279/279/1613 3298/280/1613 3297/282/1613 3280/281/1613
f 3280/281/1614 3297/282/1614 3296/284/1614 3281/283/1614
f 3281/283/1615 3296/284/1615 3295/286/1615 3282/285/1615
f 3282/285/1616 3295/286/1616 3294/288/1616 3283/287/1616
f 3283/287/1617 3294/288/1617 3293/290/1617 3284/289/1617
f 3284/289/1618 3293/290/1618 3292/292/1618 3285/291/1618
f 3285/291/1619 3292/292/1619 3291/294/1619 3286/293/1619
f 3286/293/1620 3291/294/1620 3290/296/1620 3287/295/1620
f 3287/295/1621 3290/296/1621 3289/232/1621 3288/229/1621
f 1825/233/1622 1827/236/1622 2575/236/1622 2573/233/1622
f 1826/230/1623 1860/229/1623 2608/229/1623 2574/230/1623
f 1828/231/1624 1826/230/1624 2574/230/1624 2576/231/1624
f 1827/236/1625 1892/235/1625 2640/235/1625 2575/236/1625
f 1829/234/1623 1825/233/1623 2573/233/1623 2577/234/1623
f 1830/237/1623 1829/234/1623 2577/234/1623 2578/237/1623
f 1831/239/1623 1830/237/1623 2578/237/1623 2579/239/1623
f 1832/241/1623 1831/239/1623 2579/239/1623 2580/241/1623
f 1833/243/1623 1832/241/1623 2580/241/1623 2581/243/1623
f 1834/245/1623 1833/243/1623 2581/243/1623 2582/245/1623
f 1835/247/1623 1834/245/1623 2582/245/1623 2583/247/1623
f 1836/249/1623 1835/247/1623 2583/247/1623 2584/249/1623
f 1837/251/1623 1836/249/1623 2584/249/1623 2585/251/1623
f 1838/253/1623 1837/251/1623 2585/251/1623 2586/253/1623
f 1839/255/1623 1838/253/1623 2586/253/1623 2587/255/1623
f 1840/257/1623 1839/255/1623 2587/255/1623 2588/257/1623
f 1841/259/1623 1840/257/1623 2588/257/1623 2589/259/1623
f 1842/261/1623 1841/259/1623 2589/259/1623 2590/261/1623
f 1843/263/1623 1842/261/1623 2590/261/1623 2591/263/1623
f 1844/265/1623 1843/263/1623 2591/263/1623 2592/265/1623
f 1845/267/1623 1844/265/1623 2592/265/1623 2593/267/1623
f 1846/269/1623 1845/267/1623 2593/267/1623 2594/269/1623
f 1847/271/1623 1846/269/1623 2594/269/1623 2595/271/1623
f 1848/273/1623 1847/271/1623 2595/271/1623 2596/273/1623
f 1849/275/1623 1848/273/1623 2596/273/1623 2597/275/1623
f 1850/277/1623 1849/275/1623 2597/275/1623 2598/277/1623
f 1851/279/1623 1850/277/1623 2598/277/1623 2599/279/1623
f 1852/281/1623 1851/279/1623 2599/279/1623 2600/281/1623
f 1853/283/1623 1852/281/1623 2600/281/1623 2601/283/1623
f 1854/285/1623 1853/283/1623 2601/283/1623 2602/285/1623
f 1855/287/1623 1854/285/1623 2602/285/1623 2603/287/1623
f 1856/289/1623 1855/287/1623 2603/287/1623 2604/289/1623
f 1857/291/1623 1856/289/1623 2604/289/1623 2605/291/1623
f 1858/293/1623 1857/291/1623 2605/291/1623 2606/293/1623
f 1859/295/1623 1858/293/1623 2606/293/1623 2607/295/1623
f 1860/229/1623 1859/295/1623 2607/295/1623 2608/229/1623
f 1861/232/1625 1828/231/1625 2576/231/1625 2609/232/1625
f 1862/296/1625 1861/232/1625 2609/232/1625 2610/296/1625
f 1863/294/1625 1862/296/1625 2610/296/1625 2611/294/1625
f 1864/292/1625 1863/294/1625 2611/294/1625 2612/292/1625
f 1865/290/1625 1864/292/1625 2612/292/1625 2613/290/1625
f 1866/288/1625 1865/290/1625 2613/290/1625 2614/288/1625
f 1867/286/1625 1866/288/1625 2614/288/1625 2615/286/1625
f 1868/284/1625 1867/286/1625 2615/286/1625 2616/284/1625
f 1869/282/1625 1868/284/1625 2616/284/1625 2617/282/1625
f 1870/280/1625 1869/282/1625 2617/282/1625 2618/280/1625
f 1871/278/1625 1870/280/1625 2618/280/1625 2619/278/1625
f 1872/276/1625 1871/278/1625 2619/278/1625 2620/276/1625
f 1873/274/1625 1872/276/1625 2620/276/1625 2621/274/1625
f 1874/272/1625 1873/274/1625 2621/274/1625 2622/272/1625
f 1875/270/1625 1874/272/1625 2622/272/1625 2623/270/1625
f 1876/268/1625 1875/270/1625 2623/270/1625 2624/268/1625
f 1877/266/1625 1876/268/1625 2624/268/1625 2625/266/1625
f 1878/264/1625 1877/266/1625 2625/266/1625 2626/264/1625
f 1879/262/1625 1878/264/1625 2626/264/1625 2627/262/1625
f 1880/260/1625 1879/262/1625 2627/262/1625 2628/260/1625
f 1881/258/1625 1880/260/1625 2628/260/1625 2629/258/1625
f 1882/256/1625 1881/258/1625 2629/258/1625 2630/256/1625
f 1883/254/1625 1882/256/1625 2630/256/1625 2631/254/1625
f 1884/252/1625 1883/254/1625 2631/254/1625 2632/252/1625
f 1885/250/1625 1884/252/1625 2632/252/1625 2633/250/1625
f 1886/248/1625 1885/250/1625 2633/250/1625 2634/248/1625
f 1887/246/1625 1886/248/1625 2634/248/1625 2635/246/1625
f 1888/244/1625 1887/246/1625 2635/246/1625 2636/244/1625
f 1889/242/1625 1888/244/1625 2636/244/1625 2637/242/1625
f 1890/240/1625 1889/242/1625 2637/242/1625 2638/240/1625
f 1891/238/1625 1890/240/1625 2638/240/1625 2639/238/1625
f 1892/235/1625 1891/238/1625 2639/238/1625 2640/235/1625
f 1893/233/1626 1895/236/1626 2643/236/1626 2641/233/1626
f 1894/230/1623 1928/229/1623 2676/229/1623 2642/230/1623
f 1896/231/1627 1894/230/1627 2642/230/1627 2644/231/1627
f 1895/236/1625 1960/235/1625 2708/235/1625 2643/236/1625
f 1897/234/1623 1893/233/1623 2641/233/1623 2645/234/1623
f 1898/237/1623 1897/234/1623 2645/234/1623 2646/237/1623
f 1899/239/1623 1898/237/1623 2646/237/1623 2647/239/1623
f 1900/241/1623 1899/239/1623 2647/239/1623 2648/241/1623
f 1901/243/1623 1900/241/1623 2648/241/1623 2649/243/1623
f 1902/245/1623 1901/243/1623 2649/243/1623 2650/245/1623
f 1903/247/1623 1902/245/1623 2650/245/1623 2651/247/1623
f 1904/249/1623 1903/247/1623 2651/247/1623 2652/249/1623
f 1905/251/1623 1904/249/1623 2652/249/1623 2653/251/1623
f 1906/253/1623 1905/251/1623 2653/251/1623 2654/253/1623
f 1907/255/1623 1906/253/1623 2654/253/1623 2655/255/1623
f 1908/257/1623 1907/255/1623 2655/255/1623 2656/257/1623
f 1909/259/1623 1908/257/1623 2656/257/1623 2657/259/1623
f 1910/261/1623 1909/259/1623 2657/259/1623 2658/261/1623
f 1911/263/1623 1910/261/1623 2658/261/1623 2659/263/1623
f 1912/265/1623 1911/263/1623 2659/263/1623 2660/265/1623
f 1913/267/1623 1912/265/1623 2660/265/1623 2661/267/1623
f 1914/269/1623 1913/267/1623 2661/267/1623 2662/269/1623
f 1915/271/1623 1914/269/1623 2662/269/1623 2663/271/1623
f 1916/273/1623 1915/271/1623 2663/271/1623 2664/273/1623
f 1917/275/1623 1916/273/1623 2664/273/1623 2665/275/1623
f 1918/277/1623 1917/275/1623 2665/275/1623 2666/277/1623
f 1919/279/1623 1918/277/1623 2666/277/1623 2667/279/1623
f 1920/281/1623 1919/279/1623 2667/279/1623 2668/281/1623
f 1921/283/1623 1920/281/1623 2668/281/1623 2669/283/1623
f 1922/285/1623 1921/283/1623 2669/283/1623 2670/285/1623
f 1923/287/1623 1922/285/1623 2670/285/1623 2671/287/1623
f 1924/289/1623 1923/287/1623 2671/287/1623 2672/289/1623
f 1925/291/1623 1924/289/1623 2672/289/1623 2673/291/1623
f 1926/293/1623 1925/291/1623 2673/291/1623 2674/293/1623
f 1927/295/1623 1926/293/1623 2674/293/1623 2675/295/1623
f 1928/229/1623 1927/295/1623 2675/295/1623 2676/229/1623
f 1929/232/1625 1896/231/1625 2644/231/1625 2677/232/1625
f 1930/296/1625 1929/232/1625 2677/232/1625 2678/296/1625
f 1931/294/1625 1930/296/1625 2678/296/1625 2679/294/1625
f 1932/292/1625 1931/294/1625 2679/294/1625 2680/292/1625
f 1933/290/1625 1932/292/1625 2680/292/1625 2681/290/1625
f 1934/288/1625 1933/290/1625 2681/290/1625 2682/288/1625
f 1935/286/1625 1934/288/1625 2682/288/1625 2683/286/1625
f 1936/284/1625 1935/286/1625 2683/286/1625 2684/284/1625
f 1937/282/1625 1936/284/1625 2684/284/1625 2685/282/1625
f 1938/280/1625 1937/282/1625 2685/282/1625 2686/280/1625
f 1939/278/1625 1938/280/1625 2686/280/1625 2687/278/1625
f 1940/276/1625 1939/278/1625 2687/278/1625 2688/276/1625
f 1941/274/1625 1940/276/1625 2688/276/1625 2689/274/1625
f 1942/272/1625 1941/274/1625 2689/274/1625 2690/272/1625
f 1943/270/1625 1942/272/1625 2690/272/1625 2691/270/1625
f 1944/268/1625 1943/270/1625 2691/270/1625 2692/268/1625
f 1945/266/1625 1944/268/1625 2692/268/1625 2693/266/1625
f 1946/264/1625 1945/266/1625 2693/266/1625 2694/264/1625
f 1947/262/1625 1946/264/1625 2694/264/1625 2695/262/1625
f 1948/260/1625 1947/262/1625 2695/262/1625 2696/260/1625
f 1949/258/1625 1948/260/1625 2696/260/1625 2697/258/1625
f 1950/256/1625 1949/258/1625 2697/258/1625 2698/256/1625
f 1951/254/1625 1950/256/1625 2698/256/1625 2699/254/1625
f 1952/252/1625 1951/254/1625 2699/254/1625 2700/252/1625
f 1953/250/1625 1952/252/1625 2700/252/1625 2701/250/1625
f 1954/248/1625 1953/250/1625 2701/250/1625 2702/248/1625
f 1955/246/1625 1954/248/1625 2702/248/1625 2703/246/1625
f 1956/244/1625 1955/246/1625 2703/246/1625 2704/244/1625
f 1957/242/1625 1956/244/1625 2704/244/1625 2705/242/1625
f 1958/240/1625 1957/242/1625 2705/242/1625 2706/240/1625
f 1959/238/1625 1958/240/1625 2706/240/1625 2707/238/1625
f 1960/235/1625 1959/238/1625 2707/238/1625 2708/235/1625
f 1961/233/1628 1963/236/1628 2711/236/1628 2709/233/1628
f 1962/230/1623 1996/229/1623 2744/229/1623 2710/230/1623
f 1964/231/1629 1962/230/1629 2710/230/1629 2712/231/1629
f 1963/236/1625 2028/235/1625 2776/235/1625 2711/236/1625
f 1965/234/1623 1961/233/1623 2709/233/1623 2713/234/1623
f 1966/237/1623 1965/234/1623 2713/234/1623 2714/237/1623
f 1967/239/1623 1966/237/1623 2714/237/1623 2715/239/1623
f 1968/241/1623 1967/239/1623 2715/239/1623 2716/241/1623
f 1969/243/1623 1968/241/1623 2716/241/1623 2717/243/1623
f 1970/245/1623 1969/243/1623 2717/243/1623 2718/245/1623
f 1971/247/1623 1970/245/1623 2718/245/1623 2719/247/1623
f 1972/249/1623 1971/247/1623 2719/247/1623 2720/249/1623
f 1973/251/1623 1972/249/1623 2720/249/1623 2721/251/1623
f 1974/253/1623 1973/251/1623 2721/251/1623 2722/253/1623
f 1975/255/1623 1974/253/1623 2722/253/1623 2723/255/1623
f 1976/257/1623 1975/255/1623 2723/255/1623 2724/257/1623
f 1977/259/1623 1976/257/1623 2724/257/1623 2725/259/1623
f 1978/261/1623 1977/259/1623 2725/259/1623 2726/261/1623
f 1979/263/1623 1978/261/1623 2726/261/1623 2727/263/1623
f 1980/265/1623 1979/263/1623 2727/263/1623 2728/265/1623
f 1981/267/1623 1980/265/1623 2728/265/1623 2729/267/1623
f 1982/269/1623 1981/267/1623 2729/267/1623 2730/269/1623
f 1983/271/1623 1982/269/1623 2730/269/1623 2731/271/1623
f 1984/273/1623 1983/271/1623 2731/271/1623 2732/273/1623
f 1985/275/1623 1984/273/1623 2732/273/1623 2733/275/1623
f 1986/277/1623 1985/275/1623 2733/275/1623 2734/277/1623
f 1987/279/1623 1986/277/1623 2734/277/1623 2735/279/1623
f 1988/281/1623 1987/279/1623 2735/279/1623 2736/281/1623
f 1989/283/1623 1988/281/1623 2736/281/1623 2737/283/1623
f 1990/285/1623 1989/283/1623 2737/283/1623 2738/285/1623
f 1991/287/1623 1990/285/1623 2738/285/1623 2739/287/1623
f 1992/289/1623 1991/287/1623 2739/287/1623 2740/289/1623
f 1993/291/1623 1992/289/1623 2740/289/1623 2741/291/1623
f 1994/293/1623 1993/291/1623 2741/291/1623 2742/293/1623
f 1995/295/1623 1994/293/1623 2742/293/1623 2743/295/1623
f 1996/229/1623 1995/295/1623 2743/295/1623 2744/229/1623
f 1997/232/1625 1964/231/1625 2712/231/1625 2745/232/1625
f 1998/296/1625 1997/232/1625 2745/232/1625 2746/296/1625
f 1999/294/1625 1998/296/1625 2746/296/1625 2747/294/1625
f 2000/292/1625 1999/294/1625 2747/294/1625 2748/292/1625
f 2001/290/1625 2000/292/1625 2748/292/1625 2749/290/1625
f 2002/288/1625 2001/290/1625 2749/290/1625 2750/288/1625
f 2003/286/1625 2002/288/1625 2750/288/1625 2751/286/1625
f 2004/284/1625 2003/286/1625 2751/286/1625 2752/284/1625
f 2005/282/1625 2004/284/1625 2752/284/1625 2753/282/1625
f 2006/280/1625 2005/282/1625 2753/282/1625 2754/280/1625
f 2007/278/1625 2006/280/1625 2754/280/1625 2755/278/1625
f 2008/276/1625 2007/278/1625 2755/278/1625 2756/276/1625
f 2009/274/1625 2008/276/1625 2756/276/1625 2757/274/1625
f 2010/272/1625 2009/274/1625 2757/274/1625 2758/272/1625
f 2011/270/1625 2010/272/1625 2758/272/1625 2759/270/1625
f 2012/268/1625 2011/270/1625 2759/270/1625 2760/268/1625
f 2013/266/1625 2012/268/1625 2760/268/1625 2761/266/1625
f 2014/264/1625 2013/266/1625 2761/266/1625 2762/264/1625
f 2015/262/1625 2014/264/1625 2762/264/1625 2763/262/1625
f 2016/260/1625 2015/262/1625 2763/262/1625 2764/260/1625
f 2017/258/1625 2016/260/1625 2764/260/1625 2765/258/1625
f 2018/256/1625 2017/258/1625 2765/258/1625 2766/256/1625
f 2019/254/1625 2018/256/1625 2766/256/1625 2767/254/1625
f 2020/252/1625 2019/254/1625 2767/254/1625 2768/252/1625
f 2021/250/1625 2020/252/1625 2768/252/1625 2769/250/1625
f 2022/248/1625 2021/250/1625 2769/250/1625 2770/248/1625
f 2023/246/1625 2022/248/1625 2770/248/1625 2771/246/1625
f 2024/244/1625 2023/246/1625 2771/246/1625 2772/244/1625
f 2025/242/1625 2024/244/1625 2772/244/1625 2773/242/1625
f 2026/240/1625 2025/242/1625 2773/242/1625 2774/240/1625
f 2027/238/1625 2026/240/1625 2774/240/1625 2775/238/1625
f 2028/235/1625 2027/238/1625 2775/238/1625 2776/235/1625
f 2029/233/1630 2031/236/1630 2779/236/1630 2777/233/1630
f 2030/230/1623 2064/229/1623 2812/229/1623 2778/230/1623
f 2032/231/1631 2030/230/1631 2778/230/1631 2780/231/1631
f 2031/236/1625 2096/235/1625 2844/235/1625 2779/236/1625
f 2033/234/1623 2029/233/1623 2777/233/1623 2781/234/1623
f 2034/237/1623 2033/234/1623 2781/234/1623 2782/237/1623
f 2035/239/1623 2034/237/1623 2782/237/1623 2783/239/1623
f 2036/241/1623 2035/239/1623 2783/239/1623 2784/241/1623
f 2037/243/1623 2036/241/1623 2784/241/1623 2785/243/1623
f 2038/245/1623 2037/243/1623 2785/243/1623 2786/245/1623
f 2039/247/1623 2038/245/1623 2786/245/1623 2787/247/1623
f 2040/249/1623 2039/247/1623 2787/247/1623 2788/249/1623
f 2041/251/1623 2040/249/1623 2788/249/1623 2789/251/1623
f 2042/253/1623 2041/251/1623 2789/251/1623 2790/253/1623
f 2043/255/1623 2042/253/1623 2790/253/1623 2791/255/1623
f 2044/257/1623 2043/255/1623 2791/255/1623 2792/257/1623
f 2045/259/1623 2044/257/1623 2792/257/1623 2793/259/1623
f 2046/261/1623 2045/259/1623 2793/259/1623 2794/261/1623
f 2047/263/1623 2046/261/1623 2794/261/1623 2795/263/1623
f 2048/265/1623 2047/263/1623 2795/263/1623 2796/265/1623
f 2049/267/1623 2048/265/1623 2796/265/1623 2797/267/1623
f 2050/269/1623 2049/267/1623 2797/267/1623 2798/269/1623
f 2051/271/1623 2050/269/1623 2798/269/1623 2799/271/1623
f 2052/273/1623 2051/271/1623 2799/271/1623 2800/273/1623
f 2053/275/1623 2052/273/1623 2800/273/1623 2801/275/1623
f 2054/277/1623 2053/275/1623 2801/275/1623 2802/277/1623
f 2055/279/1623 2054/277/1623 2802/277/1623 2803/279/1623
f 2056/281/1623 2055/279/1623 2803/279/1623 2804/281/1623
f 2057/283/1623 2056/281/1623 2804/281/1623 2805/283/1623
f 2058/285/1623 2057/283/1623 2805/283/1623 2806/285/1623
f 2059/287/1623 2058/285/1623 2806/285/1623 2807/287/1623
f 2060/289/1623 2059/287/1623 2807/287/1623 2808/289/1623
f 2061/291/1623 2060/289/1623 2808/289/1623 2809/291/1623
f 2062/293/1623 2061/291/1623 2809/291/1623 2810/293/1623
f 2063/295/1623 2062/293/1623 2810/293/1623 2811/295/1623
f 2064/229/1623 2063/295/1623 2811/295/1623 2812/229/1623
f 2065/232/1625 2032/231/1625 2780/231/1625 2813/232/1625
f 2066/296/1625 2065/232/1625 2813/232/1625 2814/296/1625
f 2067/294/1625 2066/296/1625 2814/296/1625 2815/294/1625
f 2068/292/1625 2067/294/1625 2815/294/1625 2816/292/1625
f 2069/290/1625 2068/292/1625 2816/292/1625 2817/290/1625
f 2070/288/1625 2069/290/1625 2817/290/1625 2818/288/1625
f 2071/286/1625 2070/288/1625 2818/288/1625 2819/286/1625
f 2072/284/1625 2071/286/1625 2819/286/1625 2820/284/1625
f 2073/282/1625 2072/284/1625 2820/284/1625 2821/282/1625
f 2074/280/1625 2073/282/1625 2821/282/1625 2822/280/1625
f 2075/278/1625 2074/280/1625 2822/280/1625 2823/278/1625
f 2076/276/1625 2075/278/1625 2823/278/1625 2824/276/1625
f 2077/274/1625 2076/276/1625 2824/276/1625 2825/274/1625
f 2078/272/1625 2077/274/1625 2825/274/1625 2826/272/1625
f 2079/270/1625 2078/272/1625 2826/272/1625 2827/270/1625
f 2080/268/1625 2079/270/1625 2827/270/1625 2828/268/1625
f 2081/266/1625 2080/268/1625 2828/268/1625 2829/266/1625
f 2082/264/1625 2081/266/1625 2829/266/1625 2830/264/1625
f 2083/262/1625 2082/264/1625 2830/264/1625 2831/262/1625
f 2084/260/1625 2083/262/1625 2831/262/1625 2832/260/1625
f 2085/258/1625 2084/260/1625 2832/260/1625 2833/258/1625
f 2086/256/1625 2085/258/1625 2833/258/1625 2834/256/1625
f 2087/254/1625 2086/256/1625 2834/256/1625 2835/254/1625
f 2088/252/1625 2087/254/1625 2835/254/1625 2836/252/1625
f 2089/250/1625 2088/252/1625 2836/252/1625 2837/250/1625
f 2090/248/1625 2089/250/1625 2837/250/1625 2838/248/1625
f 2091/246/1625 2090/248/1625 2838/248/1625 2839/246/1625
f 2092/244/1625 2091/246/1625 2839/246/1625 2840/244/1625
f 2093/242/1625 2092/244/1625 2840/244/1625 2841/242/1625
f 2094/240/1625 2093/242/1625 2841/242/1625 2842/240/1625
f 2095/238/1625 2094/240/1625 2842/240/1625 2843/238/1625
f 2096/235/1625 2095/238/1625 2843/238/1625 2844/235/1625
f 2097/233/1632 2099/236/1632 2847/236/1632 2845/233/1632
f 2098/230/1623 2132/229/1623 2880/229/1623 2846/230/1623
f 2100/231/1633 2098/230/1633 2846/230/1633 2848/231/1633
f 2099/236/1625 2164/235/1625 2912/235/1625 2847/236/1625
f 2101/234/1623 2097/233/1623 2845/233/1623 2849/234/1623
f 2102/237/1623 2101/234/1623 2849/234/1623 2850/237/1623
f 2103/239/1623 2102/237/1623 2850/237/1623 2851/239/1623
f 2104/241/1623 2103/239/1623 2851/239/1623 2852/241/1623
f 2105/243/1623 2104/241/1623 2852/241/1623 2853/243/1623
f 2106/245/1623 2105/243/1623 2853/243/1623 2854/245/1623
f 2107/247/1623 2106/245/1623 2854/245/1623 2855/247/1623
f 2108/249/1623 2107/247/1623 2855/247/1623 2856/249/1623
f 2109/251/1623 2108/249/1623 2856/249/1623 2857/251/1623
f 2110/253/1623 2109/251/1623 2857/251/1623 2858/253/1623
f 2111/255/1623 2110/253/1623 2858/253/1623 2859/255/1623
f 2112/257/1623 2111/255/1623 2859/255/1623 2860/257/1623
f 2113/259/1623 2112/257/1623 2860/257/1623 2861/259/1623
f 2114/261/1623 2113/259/1623 2861/259/1623 2862/261/1623
f 2115/263/1623 2114/261/1623 2862/261/1623 2863/263/1623
f 2116/265/1623 2115/263/1623 2863/263/1623 2864/265/1623
f 2117/267/1623 2116/265/1623 2864/265/1623 2865/267/1623
f 2118/269/1623 2117/267/1623 2865/267/1623 2866/269/1623
f 2119/271/1623 2118/269/1623 2866/269/1623 2867/271/1623
f 2120/273/1623 2119/271/1623 2867/271/1623 2868/273/1623
f 2121/275/1623 2120/273/1623 2868/273/1623 2869/275/1623
f 2122/277/1623 2121/275/1623 2869/275/1623 2870/277/1623
f 2123/279/1623 2122/277/1623 2870/277/1623 2871/279/1623
f 2124/281/1623 2123/279/1623 2871/279/1623 2872/281/1623
f 2125/283/1623 2124/281/1623 2872/281/1623 2873/283/1623
f 2126/285/1623 2125/283/1623 2873/283/1623 2874/285/1623
f 2127/287/1623 2126/285/1623 2874/285/1623 2875/287/1623
f 2128/289/1623 2127/287/1623 2875/287/1623 2876/289/1623
f 2129/291/1623 2128/289/1623 2876/289/1623 2877/291/1623
f 2130/293/1623 2129/291/1623 2877/291/1623 2878/293/1623
f 2131/295/1623 2130/293/1623 2878/293/1623 2879/295/1623
f 2132/229/1623 2131/295/1623 2879/295/1623 2880/229/1623
f 2133/232/1625 2100/231/1625 2848/231/1625 2881/232/1625
f 2134/296/1625 2133/232/1625 2881/232/1625 2882/296/1625
f 2135/294/1625 2134/296/1625 2882/296/1625 2883/294/1625
f 2136/292/1625 2135/294/1625 2883/294/1625 2884/292/1625
f 2137/290/1625 2136/292/1625 2884/292/1625 2885/290/1625
f 2138/288/1625 2137/290/1625 2885/290/1625 2886/288/1625
f 2139/286/1625 2138/288/1625 2886/288/1625 2887/286/1625
f 2140/284/1625 2139/286/1625 2887/286/1625 2888/284/1625
f 2141/282/1625 2140/284/1625 2888/284/1625 2889/282/1625
f 2142/280/1625 2141/282/1625 2889/282/1625 2890/280/1625
f 2143/278/1625 2142/280/1625 2890/280/1625 2891/278/1625
f 2144/276/1625 2143/278/1625 2891/278/1625 2892/276/1625
f 2145/274/1625 2144/276/1625 2892/276/1625 2893/274/1625
f 2146/272/1625 2145/274/1625 2893/274/1625 2894/272/1625
f 2147/270/1625 2146/272/1625 2894/272/1625 2895/270/1625
f 2148/268/1625 2147/270/1625 2895/270/1625 2896/268/1625
f 2149/266/1625 2148/268/1625 2896/268/1625 2897/266/1625
f 2150/264/1625 2149/266/1625 2897/266/1625 2898/264/1625
f 2151/262/1625 2150/264/1625 2898/264/1625 2899/262/1625
f 2152/260/1625 2151/262/1625 2899/262/1625 2900/260/1625
f 2153/258/1625 2152/260/1625 2900/260/1625 2901/258/1625
f 2154/256/1625 2153/258/1625 2901/258/1625 2902/256/1625
f 2155/254/1625 2154/256/1625 2902/256/1625 2903/254/1625
f 2156/252/1625 2155/254/1625 2903/254/1625 2904/252/1625
f 2157/250/1625 2156/252/1625 2904/252/1625 2905/250/1625
f 2158/248/1625 2157/250/1625 2905/250/1625 2906/248/1625
f 2159/246/1625 2158/248/1625 2906/248/1625 2907/246/1625
f 2160/244/1625 2159/246/1625 2907/246/1625 2908/244/1625
f 2161/242/1625 2160/244/1625 2908/244/1625 2909/242/1625
f 2162/240/1625 2161/242/1625 2909/242/1625 2910/240/1625
f 2163/238/1625 2162/240/1625 2910/240/1625 2911/238/1625
f 2164/235/1625 2163/238/1625 2911/238/1625 2912/235/1625
f 2165/233/1634 2167/236/1634 2915/236/1634 2913/233/1634
f 2166/230/1623 2200/229/1623 2948/229/1623 2914/230/1623
f 2168/231/1635 2166/230/1635 2914/230/1635 2916/231/1635
f 2167/236/1625 2232/235/1625 2980/235/1625 2915/236/1625
f 2169/234/1623 2165/233/1623 2913/233/1623 2917/234/1623
f 2170/237/1623 2169/234/1623 2917/234/1623 2918/237/1623
f 2171/239/1623 2170/237/1623 2918/237/1623 2919/239/1623
f 2172/241/1623 2171/239/1623 2919/239/1623 2920/241/1623
f 2173/243/1623 2172/241/1623 2920/241/1623 2921/243/1623
f 2174/245/1623 2173/243/1623 2921/243/1623 2922/245/1623
f 2175/247/1623 2174/245/1623 2922/245/1623 2923/247/1623
f 2176/249/1623 2175/247/1623 2923/247/1623 2924/249/1623
f 2177/251/1623 2176/249/1623 2924/249/1623 2925/251/1623
f 2178/253/1623 2177/251/1623 2925/251/1623 2926/253/1623
f 2179/255/1623 2178/253/1623 2926/253/1623 2927/255/1623
f 2180/257/1623 2179/255/1623 2927/255/1623 2928/257/1623
f 2181/259/1623 2180/257/1623 2928/257/1623 2929/259/1623
f 2182/261/1623 2181/259/1623 2929/259/1623 2930/261/1623
f 2183/263/1623 2182/261/1623 2930/261/1623 2931/263/1623
f 2184/265/1623 2183/263/1623 2931/263/1623 2932/265/1623
f 2185/267/1623 2184/265/1623 2932/265/1623 2933/267/1623
f 2186/269/1623 2185/267/1623 2933/267/1623 2934/269/1623
f 2187/271/1623 2186/269/1623 2934/269/1623 2935/271/1623
f 2188/273/1623 2187/271/1623 2935/271/1623 2936/273/1623
f 2189/275/1623 2188/273/1623 2936/273/1623 2937/275/1623
f 2190/277/1623 2189/275/1623 2937/275/1623 2938/277/1623
f 2191/279/1623 2190/277/1623 2938/277/1623 2939/279/1623
f 2192/281/1623 2191/279/1623 2939/279/1623 2940/281/1623
f 2193/283/1623 2192/281/1623 2940/281/1623 2941/283/1623
f 2194/285/1623 2193/283/1623 2941/283/1623 2942/285/1623
f 2195/287/1623 2194/285/1623 2942/285/1623 2943/287/1623
f 2196/289/1623 2195/287/1623 2943/287/1623 2944/289/1623
f 2197/291/1623 2196/289/1623 2944/289/1623 2945/291/1623
f 2198/293/1623 2197/291/1623 2945/291/1623 2946/293/1623
f 2199/295/1623 2198/293/1623 2946/293/1623 2947/295/1623
f 2200/229/1623 2199/295/1623 2947/295/1623 2948/229/1623
f 2201/232/1625 2168/231/1625 2916/231/1625 2949/232/1625
f 2202/296/1625 2201/232/1625 2949/232/1625 2950/296/1625
f 2203/294/1625 2202/296/1625 2950/296/1625 2951/294/1625
f 2204/292/1625 2203/294/1625 2951/294/1625 2952/292/1625
f 2205/290/1625 2204/292/1625 2952/292/1625 2953/290/1625
f 2206/288/1625 2205/290/1625 2953/290/1625 2954/288/1625
f 2207/286/1625 2206/288/1625 2954/288/1625 2955/286/1625
f 2208/284/1625 2207/286/1625 2955/286/1625 2956/284/1625
f 2209/282/1625 2208/284/1625 2956/284/1625 2957/282/1625
f 2210/280/1625 2209/282/1625 2957/282/1625 2958/280/1625
f 2211/278/1625 2210/280/1625 2958/280/1625 2959/278/1625
f 2212/276/1625 2211/278/1625 2959/278/1625 2960/276/1625
f 2213/274/1625 2212/276/1625 2960/276/1625 2961/274/1625
f 2214/272/1625 2213/274/1625 2961/274/1625 2962/272/1625
f 2215/270/1625 2214/272/1625 2962/272/1625 2963/270/1625
f 2216/268/1625 2215/270/1625 2963/270/1625 2964/268/1625
f 2217/266/1625 2216/268/1625 2964/268/1625 2965/266/1625
f 2218/264/1625 2217/266/1625 2965/266/1625 2966/264/1625
f 2219/262/1625 2218/264/1625 2966/264/1625 2967/262/1625
f 2220/260/1625 2219/262/1625 2967/262/1625 2968/260/1625
f 2221/258/1625 2220/260/1625 2968/260/1625 2969/258/1625
f 2222/256/1625 2221/258/1625 2969/258/1625 2970/256/1625
f 2223/254/1625 2222/256/1625 2970/256/1625 2971/254/1625
f 2224/252/1625 2223/254/1625 2971/254/1625 2972/252/1625
f 2225/250/1625 2224/252/1625 2972/252/1625 2973/250/1625
f 2226/248/1625 2225/250/1625 2973/250/1625 2974/248/1625
f 2227/246/1625 2226/248/1625 2974/248/1625 2975/246/1625
f 2228/244/1625 2227/246/1625 2975/246/1625 2976/244/1625
f 2229/242/1625 2228/244/1625 2976/244/1625 2977/242/1625
f 2230/240/1625 2229/242/1625 2977/242/1625 2978/240/1625
f 2231/238/1625 2230/240/1625 2978/240/1625 2979/238/1625
f 2232/235/1625 2231/238/1625 2979/238/1625 2980/235/1625
f 2233/233/1636 2235/236/1636 2983/236/1636 2981/233/1636
f 2234/230/1623 2268/229/1623 3016/229/1623 2982/230/1623
f 2236/231/1637 2234/230/1637 2982/230/1637 2984/231/1637
f 2235/236/1625 2300/235/1625 3048/235/1625 2983/236/1625
f 2237/234/1623 2233/233/1623 2981/233/1623 2985/234/1623
f 2238/237/1623 2237/234/1623 2985/234/1623 2986/237/1623
f 2239/239/1623 2238/237/1623 2986/237/1623 2987/239/1623
f 2240/241/1623 2239/239/1623 2987/239/1623 2988/241/1623
f 2241/243/1623 2240/241/1623 2988/241/1623 2989/243/1623
f 2242/245/1623 2241/243/1623 2989/243/1623 2990/245/1623
f 2243/247/1623 2242/245/1623 2990/245/1623 2991/247/1623
f 2244/249/1623 2243/247/1623 2991/247/1623 2992/249/1623
f 2245/251/1623 2244/249/1623 2992/249/1623 2993/251/1623
f 2246/253/1623 2245/251/1623 2993/251/1623 2994/253/1623
f 2247/255/1623 2246/253/1623 2994/253/1623 2995/255/1623
f 2248/257/1623 2247/255/1623 2995/255/1623 2996/257/1623
f 2249/259/1623 2248/257/1623 2996/257/1623 2997/259/1623
f 2250/261/1623 2249/259/1623 2997/259/1623 2998/261/1623
f 2251/263/1623 2250/261/1623 2998/261/1623 2999/263/1623
f 2252/265/1623 2251/263/1623 2999/263/1623 3000/265/1623
f 2253/267/1623 2252/265/1623 3000/265/1623 3001/267/1623
f 2254/269/1623 2253/267/1623 3001/267/1623 3002/269/1623
f 2255/271/1623 2254/269/1623 3002/269/1623 3003/271/1623
f 2256/273/1623 2255/271/1623 3003/271/1623 3004/273/1623
f 2257/275/1623 2256/273/1623 3004/273/1623 3005/275/1623
f 2258/277/1623 2257/275/1623 3005/275/1623 3006/277/1623
f 2259/279/1623 2258/277/1623 3006/277/1623 3007/279/1623
f 2260/281/1623 2259/279/1623 3007/279/1623 3008/281/1623
f 2261/283/1623 2260/281/1623 3008/281/1623 3009/283/1623
f 2262/285/1623 2261/283/1623 3009/283/1623 3010/285/1623
f 2263/287/1623 2262/285/1623 3010/285/1623 3011/287/1623
f 2264/289/1623 2263/287/1623 3011/287/1623 3012/289/1623
f 2265/291/1623 2264/289/1623 3012/289/1623 3013/291/1623
f 2266/293/1623 2265/291/1623 3013/291/1623 3014/293/1623
f 2267/295/1623 2266/293/1623 3014/293/1623 3015/295/1623
f 2268/229/1623 2267/295/1623 3015/295/1623 3016/229/1623
f 2269/232/1625 2236/231/1625 2984/231/1625 3017/232/1625
f 2270/296/1625 2269/232/1625 3017/232/1625 3018/296/1625
f 2271/294/1625 2270/296/1625 3018/296/1625 3019/294/1625
f 2272/292/1625 2271/294/1625 3019/294/1625 3020/292/1625
f 2273/290/1625 2272/292/1625 3020/292/1625 3021/290/1625
f 2274/288/1625 2273/290/1625 3021/290/1625 3022/288/1625
f 2275/286/1625 2274/288/1625 3022/288/1625 3023/286/1625
f 2276/284/1625 2275/286/1625 3023/286/1625 3024/284/1625
f 2277/282/1625 2276/284/1625 3024/284/1625 3025/282/1625
f 2278/280/1625 2277/282/1625 3025/282/1625 3026/280/1625
f 2279/278/1625 2278/280/1625 3026/280/1625 3027/278/1625
f 2280/276/1625 2279/278/1625 3027/278/1625 3028/276/1625
f 2281/274/1625 2280/276/1625 3028/276/1625 3029/274/1625
f 2282/272/1625 2281/274/1625 3029/274/1625 3030/272/1625
f 2283/270/1625 2282/272/1625 3030/272/1625 3031/270/1625
f 2284/268/1625 2283/270/1625 3031/270/1625 3032/268/1625
f 2285/266/1625 2284/268/1625 3032/268/1625 3033/266/1625
f 2286/264/1625 2285/266/1625 3033/266/1625 3034/264/1625
f 2287/262/1625 2286/264/1625 3034/264/1625 3035/262/1625
f 2288/260/1625 2287/262/1625 3035/262/1625 3036/260/1625
f 2289/258/1625 2288/260/1625 3036/260/1625 3037/258/1625
f 2290/256/1625 2289/258/1625 3037/258/1625 3038/256/1625
f 2291/254/1625 2290/256/1625 3038/256/1625 3039/254/1625
f 2292/252/1625 2291/254/1625 3039/254/1625 3040/252/1625
f 2293/250/1625 2292/252/1625 3040/252/1625 3041/250/1625
f 2294/248/1625 2293/250/1625 3041/250/1625 3042/248/1625
f 2295/246/1625 2294/248/1625 3042/248/1625 3043/246/1625
f 2296/244/1625 2295/246/1625 3043/246/1625 3044/244/1625
f 2297/242/1625 2296/244/1625 3044/244/1625 3045/242/1625
f 2298/240/1625 2297/242/1625 3045/242/1625 3046/240/1625
f 2299/238/1625 2298/240/1625 3046/240/1625 3047/238/1625
f 2300/235/1625 2299/238/1625 3047/238/1625 3048/235/1625
f 2301/233/1638 2303/236/1638 3051/236/1638 3049/233/1638
f 2302/230/1623 2336/229/1623 3084/229/1623 3050/230/1623
f 2304/231/1639 2302/230/1639 3050/230/1639 3052/231/1639
f 2303/236/1625 2368/235/1625 3116/235/1625 3051/236/1625
f 2305/234/1623 2301/233/1623 3049/233/1623 3053/234/1623
f 2306/237/1623 2305/234/1623 3053/234/1623 3054/237/1623
f 2307/239/1623 2306/237/1623 3054/237/1623 3055/239/1623
f 2308/241/1623 2307/239/1623 3055/239/1623 3056/241/1623
f 2309/243/1623 2308/241/1623 3056/241/1623 3057/243/1623
f 2310/245/1623 2309/243/1623 3057/243/1623 3058/245/1623
f 2311/247/1623 2310/245/1623 3058/245/1623 3059/247/1623
f 2312/249/1623 2311/247/1623 3059/247/1623 3060/249/1623
f 2313/251/1623 2312/249/1623 3060/249/1623 3061/251/1623
f 2314/253/1623 2313/251/1623 3061/251/1623 3062/253/1623
f 2315/255/1623 2314/253/1623 3062/253/1623 3063/255/1623
f 2316/257/1623 2315/255/1623 3063/255/1623 3064/257/1623
f 2317/259/1623 2316/257/1623 3064/257/1623 3065/259/1623
f 2318/261/1623 2317/259/1623 3065/259/1623 3066/261/1623
f 2319/263/1623 2318/261/1623 3066/261/1623 3067/263/1623
f 2320/265/1623 2319/263/1623 3067/263/1623 3068/265/1623
f 2321/267/1623 2320/265/1623 3068/265/1623 3069/267/1623
f 2322/269/1623 2321/267/1623 3069/267/1623 3070/269/1623
f 2323/271/1623 2322/269/1623 3070/269/1623 3071/271/1623
f 2324/273/1623 2323/271/1623 3071/271/1623 3072/273/1623
f 2325/275/1623 2324/273/1623 3072/273/1623 3073/275/1623
f 2326/277/1623 2325/275/1623 3073/275/1623 3074/277/1623
f 2327/279/1623 2326/277/1623 3074/277/1623 3075/279/1623
f 2328/281/1623 2327/279/1623 3075/279/1623 3076/281/1623
f 2329/283/1623 2328/281/1623 3076/281/1623 3077/283/1623
f 2330/285/1623 2329/283/1623 3077/283/1623 3078/285/1623
f 2331/287/1623 2330/285/1623 3078/285/1623 3079/287/1623
f 2332/289/1623 2331/287/1623 3079/287/1623 3080/289/1623
f 2333/291/1623 2332/289/1623 3080/289/1623 3081/291/1623
f 2334/293/1623 2333/291/1623 3081/291/1623 3082/293/1623
f 2335/295/1623 2334/293/1623 3082/293/1623 3083/295/1623
f 2336/229/1623 2335/295/1623 3083/295/1623 3084/229/1623
f 2337/232/1625 2304/231/1625 3052/231/1625 3085/232/1625
f 2338/296/1625 2337/232/1625 3085/232/1625 3086/296/1625
f 2339/294/1625 2338/296/1625 3086/296/1625 3087/294/1625
f 2340/292/1625 2339/294/1625 3087/294/1625 3088/292/1625
f 2341/290/1625 2340/292/1625 3088/292/1625 3089/290/1625
f 2342/288/1625 2341/290/1625 3089/290/1625 3090/288/1625
f 2343/286/1625 2342/288/1625 3090/288/1625 3091/286/1625
f 2344/284/1625 2343/286/1625 3091/286/1625 3092/284/1625
f 2345/282/1625 2344/284/1625 3092/284/1625 3093/282/1625
f 2346/280/1625 2345/282/1625 3093/282/1625 3094/280/1625
f 2347/278/1625 2346/280/1625 3094/280/1625 3095/278/1625
f 2348/276/1625 2347/278/1625 3095/278/1625 3096/276/1625
f 2349/274/1625 2348/276/1625 3096/276/1625 3097/274/1625
f 2350/272/1625 2349/274/1625 3097/274/1625 3098/272/1625
f 2351/270/1625 2350/272/1625 3098/272/1625 3099/270/1625
f 2352/268/1625 2351/270/1625 3099/270/1625 3100/268/1625
f 2353/266/1625 2352/268/1625 3100/268/1625 3101/266/1625
f 2354/264/1625 2353/266/1625 3101/266/1625 3102/264/1625
f 2355/262/1625 2354/264/1625 3102/264/1625 3103/262/1625
f 2356/260/1625 2355/262/1625 3103/262/1625 3104/260/1625
f 2357/258/1625 2356/260/1625 3104/260/1625 3105/258/1625
f 2358/256/1625 2357/258/1625 3105/258/1625 3106/256/1625
f 2359/254/1625 2358/256/1625 3106/256/1625 3107/254/1625
f 2360/252/1625 2359/254/1625 3107/254/1625 3108/252/1625
f 2361/250/1625 2360/252/1625 3108/252/1625 3109/250/1625
f 2362/248/1625 2361/250/1625 3109/250/1625 3110/248/1625
f 2363/246/1625 2362/248/1625 3110/248/1625 3111/246/1625
f 2364/244/1625 2363/246/1625 3111/246/1625 3112/244/1625
f 2365/242/1625 2364/244/1625 3112/244/1625 3113/242/1625
f 2366/240/1625 2365/242/1625 3113/242/1625 3114/240/1625
f 2367/238/1625 2366/240/1625 3114/240/1625 3115/238/1625
f 2368/235/1625 2367/238/1625 3115/238/1625 3116/235/1625
f 2369/233/1640 2371/236/1640 3119/236/1640 3117/233/1640
f 2370/230/1623 2404/229/1623 3152/229/1623 3118/230/1623
f 2372/231/1641 2370/230/1641 3118/230/1641 3120/231/1641
f 2371/236/1625 2436/235/1625 3184/235/1625 3119/236/1625
f 2373/234/1623 2369/233/1623 3117/233/1623 3121/234/1623
f 2374/237/1623 2373/234/1623 3121/234/1623 3122/237/1623
f 2375/239/1623 2374/237/1623 3122/237/1623 3123/239/1623
f 2376/241/1623 2375/239/1623 3123/239/1623 3124/241/1623
f 2377/243/1623 2376/241/1623 3124/241/1623 3125/243/1623
f 2378/245/1623 2377/243/1623 3125/243/1623 3126/245/1623
f 2379/247/1623 2378/245/1623 3126/245/1623 3127/247/1623
f 2380/249/1623 2379/247/1623 3127/247/1623 3128/249/1623
f 2381/251/1623 2380/249/1623 3128/249/1623 3129/251/1623
f 2382/253/1623 2381/251/1623 3129/251/1623 3130/253/1623
f 2383/255/1623 2382/253/1623 3130/253/1623 3131/255/1623
f 2384/257/1623 2383/255/1623 3131/255/1623 3132/257/1623
f 2385/259/1623 2384/257/1623 3132/257/1623 3133/259/1623
f 2386/261/1623 2385/259/1623 3133/259/1623 3134/261/1623
f 2387/263/1623 2386/261/1623 3134/261/1623 3135/263/1623
f 2388/265/1623 2387/263/1623 3135/263/1623 3136/265/1623
f 2389/267/1623 2388/265/1623 3136/265/1623 3137/267/1623
f 2390/269/1623 2389/267/1623 3137/267/1623 3138/269/1623
f 2391/271/1623 2390/269/1623 3138/269/1623 3139/271/1623
f 2392/273/1623 2391/271/1623 3139/271/1623 3140/273/1623
f 2393/275/1623 2392/273/1623 3140/273/1623 3141/275/1623
f 2394/277/1623 2393/275/1623 3141/275/1623 3142/277/1623
f 2395/279/1623 2394/277/1623 3142/277/1623 3143/279/1623
f 2396/281/1623 2395/279/1623 3143/279/1623 3144/281/1623
f 2397/283/1623 2396/281/1623 3144/281/1623 3145/283/1623
f 2398/285/1623 2397/283/1623 3145/283/1623 3146/285/1623
f 2399/287/1623 2398/285/1623 3146/285/1623 3147/287/1623
f 2400/289/1623 2399/287/1623 3147/287/1623 3148/289/1623
f 2401/291/1623 2400/289/1623 3148/289/1623 3149/291/1623
f 2402/293/1623 2401/291/1623 3149/291/1623 3150/293/1623
f 2403/295/1623 2402/293/1623 3150/293/1623 3151/295/1623
f 2404/229/1623 2403/295/1623 3151/295/1623 3152/229/1623
f 2405/232/1625 2372/231/1625 3120/231/1625 3153/232/1625
f 2406/296/1625 2405/232/1625 3153/232/1625 3154/296/1625
f 2407/294/1625 2406/296/1625 3154/296/1625 3155/294/1625
f 2408/292/1625 2407/294/1625 3155/294/1625 3156/292/1625
f 2409/290/1625 2408/292/1625 3156/292/1625 3157/290/1625
f 2410/288/1625 2409/290/1625 3157/290/1625 3158/288/1625
f 2411/286/1625 2410/288/1625 3158/288/1625 3159/286/1625
f 2412/284/1625 2411/286/1625 3159/286/1625 3160/284/1625
f 2413/282/1625 2412/284/1625 3160/284/1625 3161/282/1625
f 2414/280/1625 2413/282/1625 3161/282/1625 3162/280/1625
f 2415/278/1625 2414/280/1625 3162/280/1625 3163/278/1625
f 2416/276/1625 2415/278/1625 3163/278/1625 3164/276/1625
f 2417/274/1625 2416/276/1625 3164/276/1625 3165/274/1625
f 2418/272/1625 2417/274/1625 3165/274/1625 3166/272/1625
f 2419/270/1625 2418/272/1625 3166/272/1625 3167/270/1625
f 2420/268/1625 2419/270/1625 3167/270/1625 3168/268/1625
f 2421/266/1625 2420/268/1625 3168/268/1625 3169/266/1625
f 2422/264/1625 2421/266/1625 3169/266/1625 3170/264/1625
f 2423/262/1625 2422/264/1625 3170/264/1625 3171/262/1625
f 2424/260/1625 2423/262/1625 3171/262/1625 3172/260/1625
f 2425/258/1625 2424/260/1625 3172/260/1625 3173/258/1625
f 2426/256/1625 2425/258/1625 3173/258/1625 3174/256/1625
f 2427/254/1625 2426/256/1625 3174/256/1625 3175/254/1625
f 2428/252/1625 2427/254/1625 3175/254/1625 3176/252/1625
f 2429/250/1625 2428/252/1625 3176/252/1625 3177/250/1625
f 2430/248/1625 2429/250/1625 3177/250/1625 3178/248/1625
f 2431/246/1625 2430/248/1625 3178/248/1625 3179/246/1625
f 2432/244/1625 2431/246/1625 3179/246/1625 3180/244/1625
f 2433/242/1625 2432/244/1625 3180/244/1625 3181/242/1625
f 2434/240/1625 2433/242/1625 3181/242/1625 3182/240/1625
f 2435/238/1625 2434/240/1625 3182/240/1625 3183/238/1625
f 2436/235/1625 2435/238/1625 3183/238/1625 3184/235/1625
f 2437/233/1642 2439/236/1642 3187/236/1642 3185/233/1642
f 2438/230/1623 2472/229/1623 3220/229/1623 3186/230/1623
f 2440/231/1643 2438/230/1643 3186/230/1643 3188/231/1643
f 2439/236/1625 2504/235/1625 3252/235/1625 3187/236/1625
f 2441/234/1623 2437/233/1623 3185/233/1623 3189/234/1623
f 2442/237/1623 2441/234/1623 3189/234/1623 3190/237/1623
f 2443/239/1623 2442/237/1623 3190/237/1623 3191/239/1623
f 2444/241/1623 2443/239/1623 3191/239/1623 3192/241/1623
f 2445/243/1623 2444/241/1623 3192/241/1623 3193/243/1623
f 2446/245/1623 2445/243/1623 3193/243/1623 3194/245/1623
f 2447/247/1623 2446/245/1623 3194/245/1623 3195/247/1623
f 2448/249/1623 2447/247/1623 3195/247/1623 3196/249/1623
f 2449/251/1623 2448/249/1623 3196/249/1623 3197/251/1623
f 2450/253/1623 2449/251/1623 3197/251/1623 3198/253/1623
f 2451/255/1623 2450/253/1623 3198/253/1623 3199/255/1623
f 2452/257/1623 2451/255/1623 3199/255/1623 3200/257/1623
f 2453/259/1623 2452/257/1623 3200/257/1623 3201/259/1623
f 2454/261/1623 2453/259/1623 3201/259/1623 3202/261/1623
f 2455/263/1623 2454/261/1623 3202/261/1623 3203/263/1623
f 2456/265/1623 2455/263/1623 3203/263/1623 3204/265/1623
f 2457/267/1623 2456/265/1623 3204/265/1623 3205/267/1623
f 2458/269/1623 2457/267/1623 3205/267/1623 3206/269/1623
f 2459/271/1623 2458/269/1623 3206/269/1623 3207/271/1623
f 2460/273/1623 2459/271/1623 3207/271/1623 3208/273/1623
f 2461/275/1623 2460/273/1623 3208/273/1623 3209/275/1623
f 2462/277/1623 2461/275/1623 3209/275/1623 3210/277/1623
f 2463/279/1623 2462/277/1623 3210/277/1623 3211/279/1623
f 2464/281/1623 2463/279/1623 3211/279/1623 3212/281/1623
f 2465/283/1623 2464/281/1623 3212/281/1623 3213/283/1623
f 2466/285/1623 2465/283/1623 3213/283/1623 3214/285/1623
f 2467/287/1623 2466/285/1623 3214/285/1623 3215/287/1623
f 2468/289/1623 2467/287/1623 3215/287/1623 3216/289/1623
f 2469/291/1623 2468/289/1623 3216/289/1623 3217/291/1623
f 2470/293/1623 2469/291/1623 3217/291/1623 3218/293/1623
f 2471/295/1623 2470/293/1623 3218/293/1623 3219/295/1623
f 2472/229/1623 2471/295/1623 3219/295/1623 3220/229/1623
f 2473/232/1625 2440/231/1625 3188/231/1625 3221/232/1625
f 2474/296/1625 2473/232/1625 3221/232/1625 3222/296/1625
f 2475/294/1625 2474/296/1625 3222/296/1625 3223/294/1625
f 2476/292/1625 2475/294/1625 3223/294/1625 3224/292/1625
f 2477/290/1625 2476/292/1625 3224/292/1625 3225/290/1625
f 2478/288/1625 2477/290/1625 3225/290/1625 3226/288/1625
f 2479/286/1625 2478/288/1625 3226/288/1625 3227/286/1625
f 2480/284/1625 2479/286/1625 3227/286/1625 3228/284/1625
f 2481/282/1625 2480/284/1625 3228/284/1625 3229/282/1625
f 2482/280/1625 2481/282/1625 3229/282/1625 3230/280/1625
f 2483/278/1625 2482/280/1625 3230/280/1625 3231/278/1625
f 2484/276/1625 2483/278/1625 3231/278/1625 3232/276/1625
f 2485/274/1625 2484/276/1625 3232/276/1625 3233/274/1625
f 2486/272/1625 2485/274/1625 3233/274/1625 3234/272/1625
f 2487/270/1625 2486/272/1625 3234/272/1625 3235/270/1625
f 2488/268/1625 2487/270/1625 3235/270/1625 3236/268/1625
f 2489/266/1625 2488/268/1625 3236/268/1625 3237/266/1625
f 2490/264/1625 2489/266/1625 3237/266/1625 3238/264/1625
f 2491/262/1625 2490/264/1625 3238/264/1625 3239/262/1625
f 2492/260/1625 2491/262/1625 3239/262/1625 3240/260/1625
f 2493/258/1625 2492/260/1625 3240/260/1625 3241/258/1625
f 2494/256/1625 2493/258/1625 3241/258/1625 3242/256/1625
f 2495/254/1625 2494/256/1625 3242/256/1625 3243/254/1625
f 2496/252/1625 2495/254/1625 3243/254/1625 3244/252/1625
f 2497/250/1625 2496/252/1625 3244/252/1625 3245/250/1625
f 2498/248/1625 2497/250/1625 3245/250/1625 3246/248/1625
f 2499/246/1625 2498/248/1625 3246/248/1625 3247/246/1625
f 2500/244/1625 2499/246/1625 3247/246/1625 3248/244/1625
f 2501/242/1625 2500/244/1625 3248/244/1625 3249/242/1625
f 2502/240/1625 2501/242/1625 3249/242/1625 3250/240/1625
f 2503/238/1625 2502/240/1625 3250/240/1625 3251/238/1625
f 2504/235/1625 2503/238/1625 3251/238/1625 3252/235/1625
f 2505/233/1644 2507/236/1644 3255/236/1644 3253/233/1644
f 2506/230/1623 2540/229/1623 3288/229/1623 3254/230/1623
f 2508/231/1645 2506/230/1645 3254/230/1645 3256/231/1645
f 2507/236/1625 2572/235/1625 3320/235/1625 3255/236/1625
f 2509/234/1623 2505/233/1623 3253/233/1623 3257/234/1623
f 2510/237/1623 2509/234/1623 3257/234/1623 3258/237/1623
f 2511/239/1623 2510/237/1623 3258/237/1623 3259/239/1623
f 2512/241/1623 2511/239/1623 3259/239/1623 3260/241/1623
f 2513/243/1623 2512/241/1623 3260/241/1623 3261/243/1623
f 2514/245/1623 2513/243/1623 3261/243/1623 3262/245/1623
f 2515/247/1623 2514/245/1623 3262/245/1623 3263/247/1623
f 2516/249/1623 2515/247/1623 3263/247/1623 3264/249/1623
f 2517/251/1623 2516/249/1623 3264/249/1623 3265/251/1623
f 2518/253/1623 2517/251/1623 3265/251/1623 3266/253/1623
f 2519/255/1623 2518/253/1623 3266/253/1623 3267/255/1623
f 2520/257/1623 2519/255/1623 3267/255/1623 3268/257/1623
f 2521/259/1623 2520/257/1623 3268/257/1623 3269/259/1623
f 2522/261/1623 2521/259/1623 3269/259/1623 3270/261/1623
f 2523/263/1623 2522/261/1623 3270/261/1623 3271/263/1623
f 2524/265/1623 2523/263/1623 3271/263/1623 3272/265/1623
f 2525/267/1623 2524/265/1623 3272/265/1623 3273/267/1623
f 2526/269/1623 2525/267/1623 3273/267/1623 3274/269/1623
f 2527/271/1623 2526/269/1623 3274/269/1623 3275/271/1623
f 2528/273/1623 2527/271/1623 3275/271/1623 3276/273/1623
f 2529/275/1623 2528/273/1623 3276/273/1623 3277/275/1623
f 2530/277/1623 2529/275/1623 3277/275/1623 3278/277/1623
f 2531/279/1623 2530/277/1623 3278/277/1623 3279/279/1623
f 2532/281/1623 2531/279/1623 3279/279/1623 3280/281/1623
f 2533/283/1623 2532/281/1623 3280/281/1623 3281/283/1623
f 2534/285/1623 2533/283/1623 3281/283/1623 3282/285/1623
f 2535/287/1623 2534/285/1623 3282/285/1623 3283/287/1623
f 2536/289/1623 2535/287/1623 3283/287/1623 3284/289/1623
f 2537/291/1623 2536/289/1623 3284/289/1623 3285/291/1623
f 2538/293/1623 2537/291/1623 3285/291/1623 3286/293/1623
f 2539/295/1623 2538/293/1623 3286/293/1623 3287/295/1623
f 2540/229/1623 2539/295/1623 3287/295/1623 3288/229/1623
f 2541/232/1625 2508/231/1625 3256/231/1625 3289/232/1625
f 2542/296/1625 2541/232/1625 3289/232/1625 3290/296/1625
f 2543/294/1625 2542/296/1625 3290/296/1625 3291/294/1625
f 2544/292/1625 2543/294/1625 3291/294/1625 3292/292/1625
f 2545/290/1625 2544/292/1625 3292/292/1625 3293/290/1625
f 2546/288/1625 2545/290/1625 3293/290/1625 3294/288/1625
f 2547/286/1625 2546/288/1625 3294/288/1625 3295/286/1625
f 2548/284/1625 2547/286/1625 3295/286/1625 3296/284/1625
f 2549/282/1625 2548/284/1625 3296/284/1625 3297/282/1625
f 2550/280/1625 2549/282/1625 3297/282/1625 3298/280/1625
f 2551/278/1625 2550/280/1625 3298/280/1625 3299/278/1625
f 2552/276/1625 2551/278/1625 3299/278/1625 3300/276/1625
f 2553/274/1625 2552/276/1625 3300/276/1625 3301/274/1625
f 2554/272/1625 2553/274/1625 3301/274/1625 3302/272/1625
f 2555/270/1625 2554/272/1625 3302/272/1625 3303/270/1625
f 2556/268/1625 2555/270/1625 3303/270/1625 3304/268/1625
f 2557/266/1625 2556/268/1625 3304/268/1625 3305/266/1625
f 2558/264/1625 2557/266/1625 3305/266/1625 3306/264/1625
f 2559/262/1625 2558/264/1625 3306/264/1625 3307/262/1625
f 2560/260/1625 2559/262/1625 3307/262/1625 3308/260/1625
f 2561/258/1625 2560/260/1625 3308/260/1625 3309/258/1625
f 2562/256/1625 2561/258/1625 3309/258/1625 3310/256/1625
f 2563/254/1625 2562/256/1625 3310/256/1625 3311/254/1625
f 2564/252/1625 2563/254/1625 3311/254/1625 3312/252/1625
f 2565/250/1625 2564/252/1625 3312/252/1625 3313/250/1625
f 2566/248/1625 2565/250/1625 3313/250/1625 3314/248/1625
f 2567/246/1625 2566/248/1625 3314/248/1625 3315/246/1625
f 2568/244/1625 2567/246/1625 3315/246/1625 3316/244/1625
f 2569/242/1625 2568/244/1625 3316/244/1625 3317/242/1625
f 2570/240/1625 2569/242/1625 3317/242/1625 3318/240/1625
f 2571/238/1625 2570/240/1625 3318/240/1625 3319/238/1625
f 2572/235/1625 2571/238/1625 3319/238/1625 3320/235/1625
